quarterbeats	duration_qb	mc	mn	mc_onset	mn_onset	timesig	staff	voice	duration	gracenote	nominal_duration	scalar	tied	tpc	midi	volta	chord_id
1/2	0.5	1	1	1/8	1/8	9/8	2	1	1/8		1/8	1	1	-1	65		3
1/2	0.5	1	1	1/8	1/8	9/8	2	1	1/8		1/8	1	1	-4	68		3
1	0.5	1	1	1/4	1/4	9/8	2	1	1/8		1/8	1	0	-1	65		4
1	0.5	1	1	1/4	1/4	9/8	2	1	1/8		1/8	1	0	-4	68		4
1	0.5	1	1	1/4	1/4	9/8	1	1	1/8		1/8	1	1	-1	77		0
1	0.5	1	1	1/4	1/4	9/8	1	1	1/8		1/8	1	1	-4	80		0
3/2	3.0	1	1	3/8	3/8	9/8	2	1	3/4		1/2	3/2	-1	-1	65		5
3/2	3.0	1	1	3/8	3/8	9/8	2	1	3/4		1/2	3/2	-1	-4	68		5
3/2	1.5	1	1	3/8	3/8	9/8	1	1	3/8		1/4	3/2	-1	-1	77		1
3/2	1.5	1	1	3/8	3/8	9/8	1	1	3/8		1/4	3/2	-1	-4	80		1
3	1.5	1	1	3/4	3/4	9/8	1	1	3/8		1/4	3/2	1	-5	73		2
3	1.5	1	1	3/4	3/4	9/8	1	1	3/8		1/4	3/2	1	-1	77		2
9/2	3.0	2	2	0	0	9/8	2	1	3/4		1/2	3/2	1	-6	66		10
9/2	3.0	2	2	0	0	9/8	2	1	3/4		1/2	3/2	1	3	69		10
9/2	0.5	2	2	0	0	9/8	1	1	1/8		1/8	1	-1	-5	73		6
9/2	0.5	2	2	0	0	9/8	1	1	1/8		1/8	1	-1	-1	77		6
5	0.5	2	2	1/8	1/8	9/8	1	1	1/8		1/8	1		0	72		7
5	0.5	2	2	1/8	1/8	9/8	1	1	1/8		1/8	1		-3	75		7
11/2	0.5	2	2	1/4	1/4	9/8	1	1	1/8		1/8	1		-5	73		8
11/2	0.5	2	2	1/4	1/4	9/8	1	1	1/8		1/8	1		-1	77		8
6	3.0	2	2	3/8	3/8	9/8	1	1	3/4		1/2	3/2	1	0	72		9
6	3.0	2	2	3/8	3/8	9/8	1	1	3/4		1/2	3/2	1	-3	75		9
15/2	1.5	2	2	3/4	3/4	9/8	2	1	3/8		1/4	3/2	-1	-6	66		11
15/2	1.5	2	2	3/4	3/4	9/8	2	1	3/8		1/4	3/2	-1	3	69		11
9	3.0	3	3	0	0	9/8	2	1	3/4		1/2	3/2	1	-1	65		20
9	3.0	3	3	0	0	9/8	2	1	3/4		1/2	3/2	1	-4	68		20
9	0.5	3	3	0	0	9/8	1	1	1/8		1/8	1	-1	0	72		12
9	0.5	3	3	0	0	9/8	1	1	1/8		1/8	1	-1	-3	75		12
19/2	0.5	3	3	1/8	1/8	9/8	1	1	1/8		1/8	1		-2	70		13
19/2	0.5	3	3	1/8	1/8	9/8	1	1	1/8		1/8	1		-5	73		13
10	0.5	3	3	1/4	1/4	9/8	1	1	1/8		1/8	1		0	72		14
10	0.5	3	3	1/4	1/4	9/8	1	1	1/8		1/8	1		-3	75		14
21/2	3.0	3	3	3/8	3/8	9/8	1	2	3/4		1/2	3/2	1	-2	70		19
21/2	0.75	3	3	3/8	3/8	9/8	1	1	3/16		1/8	3/2		-5	73		15
45/4	0.75	3	3	9/16	9/16	9/8	1	1	3/16		1/8	3/2	1	-1	77		16
12	1.5	3	3	3/4	3/4	9/8	2	1	3/8		1/4	3/2	-1	-1	65		21
12	1.5	3	3	3/4	3/4	9/8	2	1	3/8		1/4	3/2	-1	-4	68		21
12	0.75	3	3	3/4	3/4	9/8	1	1	3/16		1/8	3/2	-1	-1	77		17
51/4	0.75	3	3	15/16	15/16	9/8	1	1	3/16		1/8	3/2	1	-5	73		18
27/2	3.0	4	4	0	0	9/8	2	1	3/4		1/2	3/2	1	-3	63		26
27/2	3.0	4	4	0	0	9/8	2	1	3/4		1/2	3/2	1	-6	66		26
27/2	0.5	4	4	0	0	9/8	1	1	1/8		1/8	1	-1	-2	70		22
27/2	0.5	4	4	0	0	9/8	1	1	1/8		1/8	1	-1	-5	73		22
14	0.5	4	4	1/8	1/8	9/8	1	1	1/8		1/8	1		-4	68		23
14	0.5	4	4	1/8	1/8	9/8	1	1	1/8		1/8	1		0	72		23
29/2	0.5	4	4	1/4	1/4	9/8	1	1	1/8		1/8	1		-2	70		24
29/2	0.5	4	4	1/4	1/4	9/8	1	1	1/8		1/8	1		-5	73		24
15	3.0	4	4	3/8	3/8	9/8	1	1	3/4		1/2	3/2		-4	68		25
15	3.0	4	4	3/8	3/8	9/8	1	1	3/4		1/2	3/2	1	0	72		25
33/2	1.5	4	4	3/4	3/4	9/8	2	1	3/8		1/4	3/2	-1	-3	63		27
33/2	1.5	4	4	3/4	3/4	9/8	2	1	3/8		1/4	3/2	-1	-6	66		27
18	3.0	5	5	0	0	9/8	2	2	3/4		1/2	3/2		-5	61		41
18	3.0	5	5	0	0	9/8	2	1	3/4		1/2	3/2		-3	63		39
18	3.0	5	5	0	0	9/8	1	2	3/4		1/2	3/2		-6	66		37
18	0.5	5	5	0	0	9/8	1	1	1/8		1/8	1	-1	0	72		28
37/2	0.5	5	5	1/8	1/8	9/8	1	1	1/8		1/8	1		-2	70		29
19	0.5	5	5	1/4	1/4	9/8	1	1	1/8		1/8	1		0	72		30
39/2	0.5	5	5	3/8	3/8	9/8	1	1	1/8		1/8	1		-2	70		31
20	0.5	5	5	1/2	1/2	9/8	1	1	1/8		1/8	1		-3	75		32
41/2	0.5	5	5	5/8	5/8	9/8	1	1	1/8		1/8	1		-2	70		33
21	1.5	5	5	3/4	3/4	9/8	2	2	3/8		1/4	3/2		0	60		42
21	1.5	5	5	3/4	3/4	9/8	2	1	3/8		1/4	3/2		-3	63		40
21	1.5	5	5	3/4	3/4	9/8	1	2	3/8		1/4	3/2		-6	66		38
21	0.5	5	5	3/4	3/4	9/8	1	1	1/8		1/8	1		-4	68		34
43/2	0.5	5	5	7/8	7/8	9/8	1	1	1/8		1/8	1		-2	70		35
22	0.5	5	5	1	1	9/8	1	1	1/8		1/8	1	1	-4	68		36
45/2	3.0	6	6	0	0	9/8	2	2	3/4		1/2	3/2		-2	58		52
45/2	3.0	6	6	0	0	9/8	2	1	3/4		1/2	3/2		-5	61		50
45/2	3.0	6	6	0	0	9/8	1	2	3/4		1/2	3/2		-3	63		48
45/2	0.5	6	6	0	0	9/8	1	1	1/8		1/8	1	-1	-4	68		43
23	0.5	6	6	1/8	1/8	9/8	1	1	1/8		1/8	1		-6	66		44
47/2	0.5	6	6	1/4	1/4	9/8	1	1	1/8		1/8	1		-4	68		45
24	1.5	6	6	3/8	3/8	9/8	1	1	3/8		1/4	3/2		-6	66		46
51/2	1.5	6	6	3/4	3/4	9/8	2	2	3/8		1/4	3/2		3	57		53
51/2	1.5	6	6	3/4	3/4	9/8	2	1	3/8		1/4	3/2		0	60		51
51/2	1.5	6	6	3/4	3/4	9/8	1	2	3/8		1/4	3/2		-3	63		49
51/2	1.5	6	6	3/4	3/4	9/8	1	1	3/8		1/4	3/2	1	-1	65		47
27	3.0	7	7	0	0	9/8	2	2	3/4		1/2	3/2		-4	56		67
27	3.0	7	7	0	0	9/8	2	1	3/4		1/2	3/2	1	-2	58		65
27	3.0	7	7	0	0	9/8	1	2	3/4		1/2	3/2	1	-5	61		63
27	0.5	7	7	0	0	9/8	1	1	1/8		1/8	1	-1	-1	65		54
55/2	0.5	7	7	1/8	1/8	9/8	1	1	1/8		1/8	1		-1	65		55
28	0.5	7	7	1/4	1/4	9/8	1	1	1/8		1/8	1		-6	66		56
57/2	0.5	7	7	3/8	3/8	9/8	1	1	1/8		1/8	1		-1	65		57
29	0.5	7	7	1/2	1/2	9/8	1	1	1/8		1/8	1		-2	70		58
59/2	0.5	7	7	5/8	5/8	9/8	1	1	1/8		1/8	1		-1	65		59
30	1.5	7	7	3/4	3/4	9/8	2	2	3/8		1/4	3/2		-6	54		68
30	1.5	7	7	3/4	3/4	9/8	2	1	3/8		1/4	3/2	-1	-2	58		66
30	1.5	7	7	3/4	3/4	9/8	1	2	3/8		1/4	3/2	-1	-5	61		64
30	0.5	7	7	3/4	3/4	9/8	1	1	1/8		1/8	1		-3	63		60
61/2	0.5	7	7	7/8	7/8	9/8	1	1	1/8		1/8	1		-1	65		61
31	0.5	7	7	1	1	9/8	1	1	1/8		1/8	1	1	-3	63		62
63/2	3.0	8	8	0	0	9/8	2	2	3/4		1/2	3/2		-1	53		78
63/2	3.0	8	8	0	0	9/8	2	1	3/4		1/2	3/2		-4	56		76
63/2	3.0	8	8	0	0	9/8	1	2	3/4		1/2	3/2		-2	58		74
63/2	0.5	8	8	0	0	9/8	1	1	1/8		1/8	1	-1	-3	63		69
32	0.5	8	8	1/8	1/8	9/8	1	1	1/8		1/8	1		-5	61		70
65/2	0.5	8	8	1/4	1/4	9/8	1	1	1/8		1/8	1		-3	63		71
33	1.5	8	8	3/8	3/8	9/8	1	1	3/8		1/4	3/2		-5	61		72
69/2	0.75	8	8	3/4	3/4	9/8	2	2	3/16		1/8	3/2		-3	51		79
69/2	1.5	8	8	3/4	3/4	9/8	2	1	3/8		1/4	3/2		-6	54		77
69/2	1.5	8	8	3/4	3/4	9/8	1	2	3/8		1/4	3/2		-4	56		75
69/2	1.5	8	8	3/4	3/4	9/8	1	1	3/8		1/4	3/2		0	60		73
141/4	0.75	8	8	15/16	15/16	9/8	2	2	3/16		1/8	3/2	1	-4	44		80
36	0.5	9	9	0	0	9/8	2	1	1/8		1/8	1		-5	37		83
36	0.5	9	9	0	0	9/8	2	1	1/8		1/8	1	-1	-4	44		83
73/2	0.5	9	9	1/8	1/8	9/8	2	1	1/8		1/8	1		-1	53		84
73/2	0.5	9	9	1/8	1/8	9/8	2	1	1/8		1/8	1		-4	56		84
37	0.5	9	9	1/4	1/4	9/8	2	1	1/8		1/8	1	1	-1	65		85
37	0.5	9	9	1/4	1/4	9/8	2	1	1/8		1/8	1	1	-4	68		85
75/2	3.0	9	9	3/8	3/8	9/8	2	1	3/4		1/2	3/2	-1	-1	65		86
75/2	3.0	9	9	3/8	3/8	9/8	2	1	3/4		1/2	3/2	-1	-4	68		86
75/2	1.5	9	9	3/8	3/8	9/8	1	1	3/8		1/4	3/2		-1	77		81
75/2	1.5	9	9	3/8	3/8	9/8	1	1	3/8		1/4	3/2		-4	80		81
39	1.5	9	9	3/4	3/4	9/8	1	1	3/8		1/4	3/2	1	-5	73		82
39	1.5	9	9	3/4	3/4	9/8	1	1	3/8		1/4	3/2	1	-1	77		82
81/2	3.0	10	10	0	0	9/8	2	2	3/4		1/2	3/2		-6	42		95
81/2	3.0	10	10	0	0	9/8	2	2	3/4		1/2	3/2		-5	49		95
81/2	0.5	10	10	0	0	9/8	1	1	1/8		1/8	1	-1	-5	73		87
81/2	0.5	10	10	0	0	9/8	1	1	1/8		1/8	1	-1	-1	77		87
41	1.0	10	10	1/8	1/8	9/8	2	1	1/4		1/4	1	1	-5	49		93
41	1.0	10	10	1/8	1/8	9/8	2	1	1/4		1/4	1	1	-6	54		93
41	1.0	10	10	1/8	1/8	9/8	2	1	1/4		1/4	1	1	-2	58		93
41	1.0	10	10	1/8	1/8	9/8	2	1	1/4		1/4	1	1	-5	61		93
41	1.0	10	10	1/8	1/8	9/8	1	2	1/4		1/4	1	1	-6	66		91
41	1.0	10	10	1/8	1/8	9/8	1	2	1/4		1/4	1	1	-2	70		91
41	0.5	10	10	1/8	1/8	9/8	1	1	1/8		1/8	1		-3	75		88
83/2	0.5	10	10	1/4	1/4	9/8	1	1	1/8		1/8	1		-1	77		89
42	3.0	10	10	3/8	3/8	9/8	2	1	3/4		1/2	3/2	-1	-5	49		94
42	3.0	10	10	3/8	3/8	9/8	2	1	3/4		1/2	3/2	-1	-6	54		94
42	3.0	10	10	3/8	3/8	9/8	2	1	3/4		1/2	3/2	-1	-2	58		94
42	3.0	10	10	3/8	3/8	9/8	2	1	3/4		1/2	3/2	-1	-5	61		94
42	3.0	10	10	3/8	3/8	9/8	1	2	3/4		1/2	3/2	-1	-6	66		92
42	3.0	10	10	3/8	3/8	9/8	1	2	3/4		1/2	3/2	-1	-2	70		92
42	3.0	10	10	3/8	3/8	9/8	1	1	3/4		1/2	3/2	1	-3	75		90
45	3.0	11	11	0	0	9/8	2	2	3/4		1/2	3/2		-1	41		107
45	3.0	11	11	0	0	9/8	2	2	3/4		1/2	3/2		-5	49		107
45	0.5	11	11	0	0	9/8	1	1	1/8		1/8	1	-1	-3	75		96
91/2	1.0	11	11	1/8	1/8	9/8	2	1	1/4		1/4	1		-1	53		104
91/2	1.0	11	11	1/8	1/8	9/8	2	1	1/4		1/4	1		-4	56		104
91/2	0.5	11	11	1/8	1/8	9/8	1	1	1/8		1/8	1		-5	61		97
91/2	1.0	11	11	1/8	1/8	9/8	1	2	1/4		1/4	1		-4	68		101
91/2	0.5	11	11	1/8	1/8	9/8	1	1	1/8		1/8	1		-5	73		97
46	0.5	11	11	1/4	1/4	9/8	1	1	1/8		1/8	1		-3	63		98
46	0.5	11	11	1/4	1/4	9/8	1	1	1/8		1/8	1		-3	75		98
93/2	1.5	11	11	3/8	3/8	9/8	2	1	3/8		1/4	3/2		-5	61		105
93/2	1.5	11	11	3/8	3/8	9/8	2	1	3/8		1/4	3/2		-1	65		105
93/2	1.5	11	11	3/8	3/8	9/8	1	1	3/8		1/4	3/2		-4	68		99
93/2	1.5	11	11	3/8	3/8	9/8	1	2	3/8		1/4	3/2		-5	73		102
93/2	1.5	11	11	3/8	3/8	9/8	1	1	3/8		1/4	3/2		-4	80		99
48	1.5	11	11	3/4	3/4	9/8	2	1	3/8		1/4	3/2		-4	56		106
48	1.5	11	11	3/4	3/4	9/8	2	1	3/8		1/4	3/2		-5	61		106
48	1.5	11	11	3/4	3/4	9/8	1	1	3/8		1/4	3/2		-1	65		100
48	1.5	11	11	3/4	3/4	9/8	1	2	3/8		1/4	3/2		-5	73		103
48	1.5	11	11	3/4	3/4	9/8	1	1	3/8		1/4	3/2	1	-1	77		100
99/2	3.0	12	12	0	0	9/8	2	2	3/4		1/2	3/2		-6	42		117
99/2	3.0	12	12	0	0	9/8	2	2	3/4		1/2	3/2		-5	49		117
99/2	0.5	12	12	0	0	9/8	1	1	1/8		1/8	1	-1	-1	77		108
50	1.0	12	12	1/8	1/8	9/8	2	1	1/4		1/4	1	1	-5	49		115
50	1.0	12	12	1/8	1/8	9/8	2	1	1/4		1/4	1	1	-6	54		115
50	1.0	12	12	1/8	1/8	9/8	2	1	1/4		1/4	1	1	-2	58		115
50	1.0	12	12	1/8	1/8	9/8	2	1	1/4		1/4	1	1	-5	61		115
50	1.0	12	12	1/8	1/8	9/8	1	2	1/4		1/4	1	1	-6	66		113
50	1.0	12	12	1/8	1/8	9/8	1	2	1/4		1/4	1	1	-2	70		113
50	0.5	12	12	1/8	1/8	9/8	1	1	1/8		1/8	1		-3	75		109
101/2	0.5	12	12	1/4	1/4	9/8	1	1	1/8		1/8	1		-1	77		110
51	3.0	12	12	3/8	3/8	9/8	2	1	3/4		1/2	3/2	-1	-5	49		116
51	3.0	12	12	3/8	3/8	9/8	2	1	3/4		1/2	3/2	-1	-6	54		116
51	3.0	12	12	3/8	3/8	9/8	2	1	3/4		1/2	3/2	-1	-2	58		116
51	3.0	12	12	3/8	3/8	9/8	2	1	3/4		1/2	3/2	-1	-5	61		116
51	3.0	12	12	3/8	3/8	9/8	1	2	3/4		1/2	3/2	-1	-6	66		114
51	3.0	12	12	3/8	3/8	9/8	1	2	3/4		1/2	3/2	-1	-2	70		114
51	1.5	12	12	3/8	3/8	9/8	1	1	3/8		1/4	3/2		-3	75		111
105/2	1.5	12	12	3/4	3/4	9/8	1	1	3/8		1/4	3/2	1	-5	73		112
54	3.0	13	13	0	0	9/8	2	2	3/4		1/2	3/2	1	-4	44		130
54	0.5	13	13	0	0	9/8	1	1	1/8		1/8	1	-1	-5	73		118
109/2	1.0	13	13	1/8	1/8	9/8	2	1	1/4		1/4	1		-1	53		127
109/2	1.0	13	13	1/8	1/8	9/8	2	1	1/4		1/4	1		-7	59		127
109/2	0.5	13	13	1/8	1/8	9/8	1	1	1/8		1/8	1		-5	61		119
109/2	1.0	13	13	1/8	1/8	9/8	1	2	1/4		1/4	1		-4	68		125
109/2	0.5	13	13	1/8	1/8	9/8	1	1	1/8		1/8	1		-5	73		119
55	0.5	13	13	1/4	1/4	9/8	1	1	1/8		1/8	1		-3	63		120
55	0.5	13	13	1/4	1/4	9/8	1	1	1/8		1/8	1		-3	75		120
111/2	1.5	13	13	3/8	3/8	9/8	2	1	3/8		1/4	3/2	1	-7	59		128
111/2	1.5	13	13	3/8	3/8	9/8	2	1	3/8		1/4	3/2	1	-5	61		128
111/2	1.5	13	13	3/8	3/8	9/8	2	1	3/8		1/4	3/2	1	-1	65		128
111/2	0.75	13	13	3/8	3/8	9/8	1	1	3/16		1/8	3/2		-2	70		121
111/2	3.0	13	13	3/8	3/8	9/8	1	2	3/4		1/2	3/2		-1	77		126
111/2	0.75	13	13	3/8	3/8	9/8	1	1	3/16		1/8	3/2		-2	82		121
225/4	0.75	13	13	9/16	9/16	9/8	1	1	3/16		1/8	3/2	1	-4	68		122
225/4	0.75	13	13	9/16	9/16	9/8	1	1	3/16		1/8	3/2	1	-4	80		122
57	1.5	13	13	3/4	3/4	9/8	2	2	3/8		1/4	3/2	-1	-4	44		131
57	0.5	13	13	3/4	3/4	9/8	2	1	1/8		1/8	1	-1	-7	59		129
57	0.5	13	13	3/4	3/4	9/8	2	1	1/8		1/8	1	-1	-5	61		129
57	0.5	13	13	3/4	3/4	9/8	2	1	1/8		1/8	1	-1	-1	65		129
57	0.75	13	13	3/4	3/4	9/8	1	1	3/16		1/8	3/2	-1	-4	68		123
57	0.75	13	13	3/4	3/4	9/8	1	1	3/16		1/8	3/2	-1	-4	80		123
231/4	0.75	13	13	15/16	15/16	9/8	1	1	3/16		1/8	3/2		-1	65		124
231/4	0.75	13	13	15/16	15/16	9/8	1	1	3/16		1/8	3/2	1	-1	77		124
117/2	3.0	14	14	0	0	9/8	2	3	3/4		1/2	3/2		-2	46		147
117/2	0.5	14	14	0	0	9/8	1	1	1/8		1/8	1	-1	-1	77		132
59	1.0	14	14	1/8	1/8	9/8	2	2	1/4		1/4	1	1	-1	53		145
59	1.0	14	14	1/8	1/8	9/8	2	2	1/4		1/4	1	1	-2	58		145
59	1.0	14	14	1/8	1/8	9/8	2	1	1/4		1/4	1	1	-3	63		141
59	1.0	14	14	1/8	1/8	9/8	1	2	1/4		1/4	1	1	-1	65		139
59	1.0	14	14	1/8	1/8	9/8	1	2	1/4		1/4	1	1	-2	70		139
59	0.5	14	14	1/8	1/8	9/8	1	1	1/8		1/8	1		-3	75		133
119/2	0.5	14	14	1/4	1/4	9/8	1	1	1/8		1/8	1		-1	77		134
60	3.0	14	14	3/8	3/8	9/8	2	2	3/4		1/2	3/2	-1	-1	53		146
60	3.0	14	14	3/8	3/8	9/8	2	2	3/4		1/2	3/2	-1	-2	58		146
60	0.75	14	14	3/8	3/8	9/8	2	1	3/16		1/8	3/2	-1	-3	63		142
60	3.0	14	14	3/8	3/8	9/8	1	2	3/4		1/2	3/2	-1	-1	65		140
60	3.0	14	14	3/8	3/8	9/8	1	2	3/4		1/2	3/2	-1	-2	70		140
60	0.75	14	14	3/8	3/8	9/8	1	1	3/16		1/8	3/2		-3	75		135
243/4	0.75	14	14	9/16	9/16	9/8	2	1	3/16		1/8	3/2	1	-5	61		143
243/4	0.75	14	14	9/16	9/16	9/8	1	1	3/16		1/8	3/2	1	-5	73		136
123/2	1.5	14	14	3/4	3/4	9/8	2	1	3/8		1/4	3/2	-1	-5	61		144
123/2	0.75	14	14	3/4	3/4	9/8	1	1	3/16		1/8	3/2	-1	-5	73		137
249/4	0.75	14	14	15/16	15/16	9/8	1	1	3/16		1/8	3/2		-2	70		138
63	3.0	15	15	0	0	9/8	2	2	3/4		1/2	3/2		-3	27		162
63	3.0	15	15	0	0	9/8	2	2	3/4		1/2	3/2		-3	39		162
255/4	0.75	15	15	3/16	3/16	9/8	2	1	3/16		1/8	3/2	1	-1	65		155
255/4	0.75	15	15	3/16	3/16	9/8	2	1	3/16		1/8	3/2	1	-6	66		155
255/4	0.75	15	15	3/16	3/16	9/8	2	1	3/16		1/8	3/2	1	-2	70		155
255/4	0.75	15	15	3/16	3/16	9/8	1	1	3/16		1/8	3/2	1	-1	77		148
255/4	0.75	15	15	3/16	3/16	9/8	1	1	3/16		1/8	3/2	1	-2	82		148
255/4	0.75	15	15	3/16	3/16	9/8	1	1	3/16		1/8	3/2	1	-1	89		148
129/2	0.5	15	15	3/8	3/8	9/8	2	1	1/8		1/8	1	-1	-1	65		156
129/2	0.5	15	15	3/8	3/8	9/8	2	1	1/8		1/8	1	-1	-6	66		156
129/2	0.5	15	15	3/8	3/8	9/8	2	1	1/8		1/8	1	-1	-2	70		156
129/2	0.5	15	15	3/8	3/8	9/8	1	1	1/8		1/8	1	-1	-1	77		149
129/2	0.5	15	15	3/8	3/8	9/8	1	1	1/8		1/8	1	-1	-2	82		149
129/2	0.5	15	15	3/8	3/8	9/8	1	1	1/8		1/8	1	-1	-1	89		149
65	0.5	15	15	1/2	1/2	9/8	2	1	1/8		1/8	1		-3	63		157
65	0.5	15	15	1/2	1/2	9/8	2	1	1/8		1/8	1		-6	66		157
65	0.5	15	15	1/2	1/2	9/8	2	1	1/8		1/8	1		-2	70		157
65	0.5	15	15	1/2	1/2	9/8	1	1	1/8		1/8	1		-3	75		150
65	0.5	15	15	1/2	1/2	9/8	1	1	1/8		1/8	1		-2	82		150
65	0.5	15	15	1/2	1/2	9/8	1	1	1/8		1/8	1		-3	87		150
131/2	0.5	15	15	5/8	5/8	9/8	2	1	1/8		1/8	1		-3	63		158
131/2	0.5	15	15	5/8	5/8	9/8	2	1	1/8		1/8	1		-6	66		158
131/2	0.5	15	15	5/8	5/8	9/8	2	1	1/8		1/8	1		-2	70		158
131/2	0.5	15	15	5/8	5/8	9/8	1	1	1/8		1/8	1		-3	75		151
131/2	0.5	15	15	5/8	5/8	9/8	1	1	1/8		1/8	1		-2	82		151
131/2	0.5	15	15	5/8	5/8	9/8	1	1	1/8		1/8	1		-3	87		151
66	0.5	15	15	3/4	3/4	9/8	2	1	1/8		1/8	1		-3	63		159
66	0.5	15	15	3/4	3/4	9/8	2	1	1/8		1/8	1		-6	66		159
66	0.5	15	15	3/4	3/4	9/8	2	1	1/8		1/8	1		-2	70		159
66	0.5	15	15	3/4	3/4	9/8	1	1	1/8		1/8	1		-3	75		152
66	0.5	15	15	3/4	3/4	9/8	1	1	1/8		1/8	1		-2	82		152
66	0.5	15	15	3/4	3/4	9/8	1	1	1/8		1/8	1		-3	87		152
133/2	0.5	15	15	7/8	7/8	9/8	2	1	1/8		1/8	1		-5	61		160
133/2	0.5	15	15	7/8	7/8	9/8	2	1	1/8		1/8	1		-6	66		160
133/2	0.5	15	15	7/8	7/8	9/8	2	1	1/8		1/8	1		-2	70		160
133/2	0.5	15	15	7/8	7/8	9/8	1	1	1/8		1/8	1		-5	73		153
133/2	0.5	15	15	7/8	7/8	9/8	1	1	1/8		1/8	1		-2	82		153
133/2	0.5	15	15	7/8	7/8	9/8	1	1	1/8		1/8	1		-5	85		153
67	0.5	15	15	1	1	9/8	2	1	1/8		1/8	1		-5	61		161
67	0.5	15	15	1	1	9/8	2	1	1/8		1/8	1		-6	66		161
67	0.5	15	15	1	1	9/8	2	1	1/8		1/8	1		-2	70		161
67	0.5	15	15	1	1	9/8	1	1	1/8		1/8	1		-5	73		154
67	0.5	15	15	1	1	9/8	1	1	1/8		1/8	1		-2	82		154
67	0.5	15	15	1	1	9/8	1	1	1/8		1/8	1		-5	85		154
135/2	0.5	16	16	0	0	9/8	2	1	1/8		1/8	1		-5	61		169
135/2	0.5	16	16	0	0	9/8	2	1	1/8		1/8	1		-6	66		169
135/2	0.5	16	16	0	0	9/8	2	1	1/8		1/8	1		-2	70		169
135/2	0.5	16	16	0	0	9/8	1	1	1/8		1/8	1		-5	73		163
135/2	0.5	16	16	0	0	9/8	1	1	1/8		1/8	1		-2	82		163
135/2	0.5	16	16	0	0	9/8	1	1	1/8		1/8	1		-5	85		163
68	0.5	16	16	1/8	1/8	9/8	2	1	1/8		1/8	1		0	60		170
68	0.5	16	16	1/8	1/8	9/8	2	1	1/8		1/8	1		-6	66		170
68	0.5	16	16	1/8	1/8	9/8	2	1	1/8		1/8	1		-2	70		170
68	0.5	16	16	1/8	1/8	9/8	1	1	1/8		1/8	1		0	72		164
68	0.5	16	16	1/8	1/8	9/8	1	1	1/8		1/8	1		-6	78		164
68	0.5	16	16	1/8	1/8	9/8	1	1	1/8		1/8	1		-2	82		164
68	0.5	16	16	1/8	1/8	9/8	1	1	1/8		1/8	1		0	84		164
137/2	0.5	16	16	1/4	1/4	9/8	2	1	1/8		1/8	1		0	60		171
137/2	0.5	16	16	1/4	1/4	9/8	2	1	1/8		1/8	1		-6	66		171
137/2	0.5	16	16	1/4	1/4	9/8	2	1	1/8		1/8	1		-2	70		171
137/2	0.5	16	16	1/4	1/4	9/8	1	1	1/8		1/8	1		0	72		165
137/2	0.5	16	16	1/4	1/4	9/8	1	1	1/8		1/8	1		-6	78		165
137/2	0.5	16	16	1/4	1/4	9/8	1	1	1/8		1/8	1		-2	82		165
137/2	0.5	16	16	1/4	1/4	9/8	1	1	1/8		1/8	1		0	84		165
69	0.75	16	16	3/8	3/8	9/8	2	1	3/16		1/8	3/2		0	60		172
69	0.75	16	16	3/8	3/8	9/8	2	1	3/16		1/8	3/2		-6	66		172
69	0.75	16	16	3/8	3/8	9/8	2	1	3/16		1/8	3/2		-2	70		172
69	0.75	16	16	3/8	3/8	9/8	1	1	3/16		1/8	3/2		0	72		166
69	0.75	16	16	3/8	3/8	9/8	1	1	3/16		1/8	3/2		-6	78		166
69	0.75	16	16	3/8	3/8	9/8	1	1	3/16		1/8	3/2		-2	82		166
69	0.75	16	16	3/8	3/8	9/8	1	1	3/16		1/8	3/2		0	84		166
279/4	0.75	16	16	9/16	9/16	9/8	2	1	3/16		1/8	3/2		-5	61		173
279/4	0.75	16	16	9/16	9/16	9/8	2	1	3/16		1/8	3/2		-6	66		173
279/4	0.75	16	16	9/16	9/16	9/8	2	1	3/16		1/8	3/2		-2	70		173
279/4	0.75	16	16	9/16	9/16	9/8	1	1	3/16		1/8	3/2		-5	73		167
279/4	0.75	16	16	9/16	9/16	9/8	1	1	3/16		1/8	3/2		-2	82		167
279/4	0.75	16	16	9/16	9/16	9/8	1	1	3/16		1/8	3/2		-5	85		167
141/2	1.5	16	16	3/4	3/4	9/8	2	1	3/8		1/4	3/2		-2	58		174
141/2	1.5	16	16	3/4	3/4	9/8	2	1	3/8		1/4	3/2		-5	61		174
141/2	1.5	16	16	3/4	3/4	9/8	2	1	3/8		1/4	3/2		-6	66		174
141/2	1.5	16	16	3/4	3/4	9/8	1	1	3/8		1/4	3/2		-2	70		168
141/2	1.5	16	16	3/4	3/4	9/8	1	1	3/8		1/4	3/2		-6	78		168
141/2	1.5	16	16	3/4	3/4	9/8	1	1	3/8		1/4	3/2		-2	82		168
72	3.0	17	17	0	0	9/8	2	2	3/4		1/2	3/2		-3	27		189
72	3.0	17	17	0	0	9/8	2	2	3/4		1/2	3/2		-3	39		189
72	3.0	17	17	0	0	9/8	2	2	3/4		1/2	3/2		-2	46		189
291/4	0.75	17	17	3/16	3/16	9/8	2	1	3/16		1/8	3/2	1	-1	65		182
291/4	0.75	17	17	3/16	3/16	9/8	2	1	3/16		1/8	3/2	1	-6	66		182
291/4	0.75	17	17	3/16	3/16	9/8	2	1	3/16		1/8	3/2	1	-2	70		182
291/4	0.75	17	17	3/16	3/16	9/8	1	1	3/16		1/8	3/2	1	-1	77		175
291/4	0.75	17	17	3/16	3/16	9/8	1	1	3/16		1/8	3/2	1	-2	82		175
291/4	0.75	17	17	3/16	3/16	9/8	1	1	3/16		1/8	3/2	1	-1	89		175
147/2	0.5	17	17	3/8	3/8	9/8	2	1	1/8		1/8	1	-1	-1	65		183
147/2	0.5	17	17	3/8	3/8	9/8	2	1	1/8		1/8	1	-1	-6	66		183
147/2	0.5	17	17	3/8	3/8	9/8	2	1	1/8		1/8	1	-1	-2	70		183
147/2	0.5	17	17	3/8	3/8	9/8	1	1	1/8		1/8	1	-1	-1	77		176
147/2	0.5	17	17	3/8	3/8	9/8	1	1	1/8		1/8	1	-1	-2	82		176
147/2	0.5	17	17	3/8	3/8	9/8	1	1	1/8		1/8	1	-1	-1	89		176
74	0.5	17	17	1/2	1/2	9/8	2	1	1/8		1/8	1		-6	66		184
74	0.5	17	17	1/2	1/2	9/8	2	1	1/8		1/8	1		-2	70		184
74	0.5	17	17	1/2	1/2	9/8	2	1	1/8		1/8	1		-3	75		184
74	0.5	17	17	1/2	1/2	9/8	1	1	1/8		1/8	1		-6	78		177
74	0.5	17	17	1/2	1/2	9/8	1	1	1/8		1/8	1		-2	82		177
74	0.5	17	17	1/2	1/2	9/8	1	1	1/8		1/8	1		-6	90		177
149/2	0.5	17	17	5/8	5/8	9/8	2	1	1/8		1/8	1		-1	65		185
149/2	0.5	17	17	5/8	5/8	9/8	2	1	1/8		1/8	1		-6	66		185
149/2	0.5	17	17	5/8	5/8	9/8	2	1	1/8		1/8	1		-2	70		185
149/2	0.5	17	17	5/8	5/8	9/8	1	1	1/8		1/8	1		-1	77		178
149/2	0.5	17	17	5/8	5/8	9/8	1	1	1/8		1/8	1		-2	82		178
149/2	0.5	17	17	5/8	5/8	9/8	1	1	1/8		1/8	1		-1	89		178
75	0.5	17	17	3/4	3/4	9/8	2	1	1/8		1/8	1		-3	63		186
75	0.5	17	17	3/4	3/4	9/8	2	1	1/8		1/8	1		-6	66		186
75	0.5	17	17	3/4	3/4	9/8	2	1	1/8		1/8	1		-2	70		186
75	0.5	17	17	3/4	3/4	9/8	1	1	1/8		1/8	1		-3	75		179
75	0.5	17	17	3/4	3/4	9/8	1	1	1/8		1/8	1		-2	82		179
75	0.5	17	17	3/4	3/4	9/8	1	1	1/8		1/8	1		-3	87		179
151/2	0.5	17	17	7/8	7/8	9/8	2	1	1/8		1/8	1		-1	65		187
151/2	0.5	17	17	7/8	7/8	9/8	2	1	1/8		1/8	1		-6	66		187
151/2	0.5	17	17	7/8	7/8	9/8	2	1	1/8		1/8	1		-2	70		187
151/2	0.5	17	17	7/8	7/8	9/8	1	1	1/8		1/8	1		-1	77		180
151/2	0.5	17	17	7/8	7/8	9/8	1	1	1/8		1/8	1		-2	82		180
151/2	0.5	17	17	7/8	7/8	9/8	1	1	1/8		1/8	1		-1	89		180
76	0.5	17	17	1	1	9/8	2	1	1/8		1/8	1		-3	63		188
76	0.5	17	17	1	1	9/8	2	1	1/8		1/8	1		-6	66		188
76	0.5	17	17	1	1	9/8	2	1	1/8		1/8	1		-2	70		188
76	0.5	17	17	1	1	9/8	1	1	1/8		1/8	1		-3	75		181
76	0.5	17	17	1	1	9/8	1	1	1/8		1/8	1		-2	82		181
76	0.5	17	17	1	1	9/8	1	1	1/8		1/8	1		-3	87		181
153/2	0.5	18	18	0	0	9/8	2	1	1/8		1/8	1		-5	61		197
153/2	0.5	18	18	0	0	9/8	2	1	1/8		1/8	1		-6	66		197
153/2	0.5	18	18	0	0	9/8	2	1	1/8		1/8	1		-2	70		197
153/2	0.5	18	18	0	0	9/8	1	1	1/8		1/8	1		-5	73		190
153/2	0.5	18	18	0	0	9/8	1	1	1/8		1/8	1		-2	82		190
153/2	0.5	18	18	0	0	9/8	1	1	1/8		1/8	1		-5	85		190
77	0.5	18	18	1/8	1/8	9/8	2	1	1/8		1/8	1		-3	63		198
77	0.5	18	18	1/8	1/8	9/8	2	1	1/8		1/8	1		-6	66		198
77	0.5	18	18	1/8	1/8	9/8	2	1	1/8		1/8	1		-2	70		198
77	0.5	18	18	1/8	1/8	9/8	1	1	1/8		1/8	1		-3	75		191
77	0.5	18	18	1/8	1/8	9/8	1	1	1/8		1/8	1		-2	82		191
77	0.5	18	18	1/8	1/8	9/8	1	1	1/8		1/8	1		-3	87		191
155/2	0.5	18	18	1/4	1/4	9/8	2	1	1/8		1/8	1		-5	61		199
155/2	0.5	18	18	1/4	1/4	9/8	2	1	1/8		1/8	1		-6	66		199
155/2	0.5	18	18	1/4	1/4	9/8	2	1	1/8		1/8	1		-2	70		199
155/2	0.5	18	18	1/4	1/4	9/8	1	1	1/8		1/8	1		-5	73		192
155/2	0.5	18	18	1/4	1/4	9/8	1	1	1/8		1/8	1		-2	82		192
155/2	0.5	18	18	1/4	1/4	9/8	1	1	1/8		1/8	1		-5	85		192
78	0.75	18	18	3/8	3/8	9/8	2	1	3/16		1/8	3/2		0	60		200
78	0.75	18	18	3/8	3/8	9/8	2	1	3/16		1/8	3/2		-6	66		200
78	0.75	18	18	3/8	3/8	9/8	2	1	3/16		1/8	3/2		-2	70		200
78	0.75	18	18	3/8	3/8	9/8	1	1	3/16		1/8	3/2		0	72		193
78	0.75	18	18	3/8	3/8	9/8	1	1	3/16		1/8	3/2		-2	82		193
78	0.75	18	18	3/8	3/8	9/8	1	1	3/16		1/8	3/2		0	84		193
315/4	0.0	18	18	9/16	9/16	9/8	1	1	0	acciaccatura	1/8	3/2		-3	87		194
315/4	0.75	18	18	9/16	9/16	9/8	2	1	3/16		1/8	3/2		-5	61		201
315/4	0.75	18	18	9/16	9/16	9/8	2	1	3/16		1/8	3/2		-6	66		201
315/4	0.75	18	18	9/16	9/16	9/8	2	1	3/16		1/8	3/2		-2	70		201
315/4	0.75	18	18	9/16	9/16	9/8	1	1	3/16		1/8	3/2		-5	73		195
315/4	0.75	18	18	9/16	9/16	9/8	1	1	3/16		1/8	3/2		-2	82		195
315/4	0.75	18	18	9/16	9/16	9/8	1	1	3/16		1/8	3/2		-5	85		195
159/2	1.5	18	18	3/4	3/4	9/8	2	1	3/8		1/4	3/2		-2	58		202
159/2	1.5	18	18	3/4	3/4	9/8	2	1	3/8		1/4	3/2		-3	63		202
159/2	1.5	18	18	3/4	3/4	9/8	2	1	3/8		1/4	3/2		-6	66		202
159/2	1.5	18	18	3/4	3/4	9/8	1	1	3/8		1/4	3/2	1	-2	70		196
159/2	1.5	18	18	3/4	3/4	9/8	1	1	3/8		1/4	3/2	1	-6	78		196
159/2	1.5	18	18	3/4	3/4	9/8	1	1	3/8		1/4	3/2	1	-2	82		196
81	4.5	19	19	0	0	9/8	2	2	9/8		1/2	9/4		-4	32		211
81	4.5	19	19	0	0	9/8	2	2	9/8		1/2	9/4		-4	44		211
81	0.75	19	19	0	0	9/8	1	1	3/16		1/8	3/2	-1	-2	70		203
81	0.75	19	19	0	0	9/8	1	1	3/16		1/8	3/2	-1	-6	78		203
81	0.75	19	19	0	0	9/8	1	1	3/16		1/8	3/2	-1	-2	82		203
327/4	0.75	19	19	3/16	3/16	9/8	2	3	3/16		1/8	3/2		-6	54		212
327/4	0.75	19	19	3/16	3/16	9/8	1	1	3/16		1/8	3/2		-6	66		204
327/4	0.75	19	19	3/16	3/16	9/8	1	1	3/16		1/8	3/2		-6	78		204
165/2	0.75	19	19	3/8	3/8	9/8	2	3	3/16		1/8	3/2		-4	56		213
165/2	1.5	19	19	3/8	3/8	9/8	2	1	3/8		1/4	3/2		0	60		209
165/2	1.5	19	19	3/8	3/8	9/8	2	1	3/8		1/4	3/2		-3	63		209
165/2	0.75	19	19	3/8	3/8	9/8	1	1	3/16		1/8	3/2		-4	68		205
165/2	0.75	19	19	3/8	3/8	9/8	1	1	3/16		1/8	3/2		-3	75		205
165/2	0.75	19	19	3/8	3/8	9/8	1	1	3/16		1/8	3/2		-4	80		205
333/4	0.75	19	19	9/16	9/16	9/8	2	3	3/16		1/8	3/2		0	60		214
333/4	0.75	19	19	9/16	9/16	9/8	1	1	3/16		1/8	3/2		0	72		206
333/4	0.75	19	19	9/16	9/16	9/8	1	1	3/16		1/8	3/2		0	84		206
84	0.75	19	19	3/4	3/4	9/8	2	3	3/16		1/8	3/2		-2	58		215
84	1.5	19	19	3/4	3/4	9/8	2	1	3/8		1/4	3/2		-3	63		210
84	1.5	19	19	3/4	3/4	9/8	2	1	3/8		1/4	3/2		-6	66		210
84	0.75	19	19	3/4	3/4	9/8	1	1	3/16		1/8	3/2		-2	70		207
84	0.75	19	19	3/4	3/4	9/8	1	1	3/16		1/8	3/2		-6	78		207
84	0.75	19	19	3/4	3/4	9/8	1	1	3/16		1/8	3/2		-2	82		207
339/4	0.75	19	19	15/16	15/16	9/8	2	3	3/16		1/8	3/2		-6	54		216
339/4	0.75	19	19	15/16	15/16	9/8	1	1	3/16		1/8	3/2		-6	66		208
339/4	0.75	19	19	15/16	15/16	9/8	1	1	3/16		1/8	3/2		-6	78		208
171/2	3.0	20	20	0	0	9/8	2	2	3/4		1/2	3/2		3	33		229
171/2	3.0	20	20	0	0	9/8	2	2	3/4		1/2	3/2		3	45		229
86	0.5	20	20	1/8	1/8	9/8	2	1	1/8		1/8	1		-6	54		223
86	0.5	20	20	1/8	1/8	9/8	2	1	1/8		1/8	1		0	60		223
86	0.5	20	20	1/8	1/8	9/8	2	1	1/8		1/8	1		-3	63		223
86	0.5	20	20	1/8	1/8	9/8	1	1	1/8		1/8	1		-6	66		217
86	0.5	20	20	1/8	1/8	9/8	1	1	1/8		1/8	1		0	72		217
86	0.5	20	20	1/8	1/8	9/8	1	1	1/8		1/8	1		-3	75		217
86	0.5	20	20	1/8	1/8	9/8	1	1	1/8		1/8	1		-6	78		217
173/2	0.5	20	20	1/4	1/4	9/8	2	1	1/8		1/8	1		-6	54		224
173/2	0.5	20	20	1/4	1/4	9/8	2	1	1/8		1/8	1		0	60		224
173/2	0.5	20	20	1/4	1/4	9/8	2	1	1/8		1/8	1		-3	63		224
173/2	0.5	20	20	1/4	1/4	9/8	1	1	1/8		1/8	1		-6	66		218
173/2	0.5	20	20	1/4	1/4	9/8	1	1	1/8		1/8	1		0	72		218
173/2	0.5	20	20	1/4	1/4	9/8	1	1	1/8		1/8	1		-3	75		218
173/2	0.5	20	20	1/4	1/4	9/8	1	1	1/8		1/8	1		-6	78		218
87	0.5	20	20	3/8	3/8	9/8	2	1	1/8		1/8	1		-6	54		225
87	0.5	20	20	3/8	3/8	9/8	2	1	1/8		1/8	1		0	60		225
87	0.5	20	20	3/8	3/8	9/8	2	1	1/8		1/8	1		-3	63		225
87	0.5	20	20	3/8	3/8	9/8	1	1	1/8		1/8	1		-6	66		219
87	0.5	20	20	3/8	3/8	9/8	1	1	1/8		1/8	1		0	72		219
87	0.5	20	20	3/8	3/8	9/8	1	1	1/8		1/8	1		-3	75		219
87	0.5	20	20	3/8	3/8	9/8	1	1	1/8		1/8	1		-6	78		219
175/2	0.5	20	20	1/2	1/2	9/8	2	1	1/8		1/8	1		-6	54		226
175/2	0.5	20	20	1/2	1/2	9/8	2	1	1/8		1/8	1		0	60		226
175/2	0.5	20	20	1/2	1/2	9/8	2	1	1/8		1/8	1		-3	63		226
175/2	0.5	20	20	1/2	1/2	9/8	1	1	1/8		1/8	1		-6	66		220
175/2	0.5	20	20	1/2	1/2	9/8	1	1	1/8		1/8	1		0	72		220
175/2	0.5	20	20	1/2	1/2	9/8	1	1	1/8		1/8	1		-3	75		220
175/2	0.5	20	20	1/2	1/2	9/8	1	1	1/8		1/8	1		-6	78		220
88	0.5	20	20	5/8	5/8	9/8	2	1	1/8		1/8	1		-4	56		227
88	0.5	20	20	5/8	5/8	9/8	2	1	1/8		1/8	1		0	60		227
88	0.5	20	20	5/8	5/8	9/8	2	1	1/8		1/8	1		-3	63		227
88	0.5	20	20	5/8	5/8	9/8	1	1	1/8		1/8	1		-4	68		221
88	0.5	20	20	5/8	5/8	9/8	1	1	1/8		1/8	1		0	72		221
88	0.5	20	20	5/8	5/8	9/8	1	1	1/8		1/8	1		-3	75		221
88	0.5	20	20	5/8	5/8	9/8	1	1	1/8		1/8	1		-4	80		221
177/2	1.5	20	20	3/4	3/4	9/8	2	1	3/8		1/4	3/2		-6	54		228
177/2	1.5	20	20	3/4	3/4	9/8	2	1	3/8		1/4	3/2		0	60		228
177/2	1.5	20	20	3/4	3/4	9/8	2	1	3/8		1/4	3/2		-3	63		228
177/2	1.5	20	20	3/4	3/4	9/8	1	1	3/8		1/4	3/2		-6	66		222
177/2	1.5	20	20	3/4	3/4	9/8	1	1	3/8		1/4	3/2		0	72		222
177/2	1.5	20	20	3/4	3/4	9/8	1	1	3/8		1/4	3/2		-3	75		222
177/2	1.5	20	20	3/4	3/4	9/8	1	1	3/8		1/4	3/2		-6	78		222
90	4.5	21	21	0	0	9/8	2	2	9/8		1/2	9/4		-2	34		239
90	4.5	21	21	0	0	9/8	2	2	9/8		1/2	9/4		-2	46		239
363/4	0.75	21	21	3/16	3/16	9/8	2	3	3/16		1/8	3/2		-6	54		240
363/4	2.25	21	21	3/16	3/16	9/8	2	1	9/16		1/4	9/4		-2	58		237
363/4	2.25	21	21	3/16	3/16	9/8	2	1	9/16		1/4	9/4		-5	61		237
363/4	0.75	21	21	3/16	3/16	9/8	1	1	3/16		1/8	3/2		-6	66		230
363/4	2.25	21	21	3/16	3/16	9/8	1	2	9/16		1/4	9/4		-5	73		235
363/4	0.75	21	21	3/16	3/16	9/8	1	1	3/16		1/8	3/2		-6	78		230
183/2	0.75	21	21	3/8	3/8	9/8	2	3	3/16		1/8	3/2		-4	56		241
183/2	0.75	21	21	3/8	3/8	9/8	1	1	3/16		1/8	3/2		-4	68		231
183/2	0.75	21	21	3/8	3/8	9/8	1	1	3/16		1/8	3/2		-4	80		231
369/4	0.75	21	21	9/16	9/16	9/8	2	3	3/16		1/8	3/2		-5	61		242
369/4	0.75	21	21	9/16	9/16	9/8	1	1	3/16		1/8	3/2		-5	73		232
369/4	0.75	21	21	9/16	9/16	9/8	1	1	3/16		1/8	3/2		-5	85		232
93	0.75	21	21	3/4	3/4	9/8	2	3	3/16		1/8	3/2		-2	58		243
93	1.5	21	21	3/4	3/4	9/8	2	1	3/8		1/4	3/2		-5	61		238
93	1.5	21	21	3/4	3/4	9/8	2	1	3/8		1/4	3/2		-6	66		238
93	0.75	21	21	3/4	3/4	9/8	1	1	3/16		1/8	3/2		-2	70		233
93	1.5	21	21	3/4	3/4	9/8	1	2	3/8		1/4	3/2		-6	78		236
93	0.75	21	21	3/4	3/4	9/8	1	1	3/16		1/8	3/2		-2	82		233
375/4	0.75	21	21	15/16	15/16	9/8	2	3	3/16		1/8	3/2		-6	54		244
375/4	0.75	21	21	15/16	15/16	9/8	1	1	3/16		1/8	3/2		-6	66		234
375/4	0.75	21	21	15/16	15/16	9/8	1	1	3/16		1/8	3/2		-6	78		234
189/2	4.5	22	22	0	0	9/8	2	2	9/8		1/2	9/4		0	36		257
189/2	4.5	22	22	0	0	9/8	2	2	9/8		1/2	9/4		0	48		257
95	0.5	22	22	1/8	1/8	9/8	2	1	1/8		1/8	1		-6	54		251
95	0.5	22	22	1/8	1/8	9/8	2	1	1/8		1/8	1		-2	58		251
95	0.5	22	22	1/8	1/8	9/8	2	1	1/8		1/8	1		-3	63		251
95	0.5	22	22	1/8	1/8	9/8	1	1	1/8		1/8	1		-6	66		245
95	0.5	22	22	1/8	1/8	9/8	1	1	1/8		1/8	1		-2	70		245
95	0.5	22	22	1/8	1/8	9/8	1	1	1/8		1/8	1		-3	75		245
95	0.5	22	22	1/8	1/8	9/8	1	1	1/8		1/8	1		-6	78		245
191/2	0.5	22	22	1/4	1/4	9/8	2	1	1/8		1/8	1		-6	54		252
191/2	0.5	22	22	1/4	1/4	9/8	2	1	1/8		1/8	1		-2	58		252
191/2	0.5	22	22	1/4	1/4	9/8	2	1	1/8		1/8	1		-3	63		252
191/2	0.5	22	22	1/4	1/4	9/8	1	1	1/8		1/8	1		-6	66		246
191/2	0.5	22	22	1/4	1/4	9/8	1	1	1/8		1/8	1		-2	70		246
191/2	0.5	22	22	1/4	1/4	9/8	1	1	1/8		1/8	1		-3	75		246
191/2	0.5	22	22	1/4	1/4	9/8	1	1	1/8		1/8	1		-6	78		246
96	0.5	22	22	3/8	3/8	9/8	2	1	1/8		1/8	1		-6	54		253
96	0.5	22	22	3/8	3/8	9/8	2	1	1/8		1/8	1		-2	58		253
96	0.5	22	22	3/8	3/8	9/8	2	1	1/8		1/8	1		-3	63		253
96	0.5	22	22	3/8	3/8	9/8	1	1	1/8		1/8	1		-6	66		247
96	0.5	22	22	3/8	3/8	9/8	1	1	1/8		1/8	1		-2	70		247
96	0.5	22	22	3/8	3/8	9/8	1	1	1/8		1/8	1		-3	75		247
96	0.5	22	22	3/8	3/8	9/8	1	1	1/8		1/8	1		-6	78		247
193/2	0.5	22	22	1/2	1/2	9/8	2	1	1/8		1/8	1		-6	54		254
193/2	0.5	22	22	1/2	1/2	9/8	2	1	1/8		1/8	1		-2	58		254
193/2	0.5	22	22	1/2	1/2	9/8	2	1	1/8		1/8	1		-3	63		254
193/2	0.5	22	22	1/2	1/2	9/8	1	1	1/8		1/8	1		-6	66		248
193/2	0.5	22	22	1/2	1/2	9/8	1	1	1/8		1/8	1		-2	70		248
193/2	0.5	22	22	1/2	1/2	9/8	1	1	1/8		1/8	1		-3	75		248
193/2	0.5	22	22	1/2	1/2	9/8	1	1	1/8		1/8	1		-6	78		248
97	0.5	22	22	5/8	5/8	9/8	2	1	1/8		1/8	1		-4	56		255
97	0.5	22	22	5/8	5/8	9/8	2	1	1/8		1/8	1		0	60		255
97	0.5	22	22	5/8	5/8	9/8	2	1	1/8		1/8	1		-1	65		255
97	0.5	22	22	5/8	5/8	9/8	1	1	1/8		1/8	1		-4	68		249
97	0.5	22	22	5/8	5/8	9/8	1	1	1/8		1/8	1		0	72		249
97	0.5	22	22	5/8	5/8	9/8	1	1	1/8		1/8	1		-1	77		249
97	0.5	22	22	5/8	5/8	9/8	1	1	1/8		1/8	1		-4	80		249
195/2	1.5	22	22	3/4	3/4	9/8	2	1	3/8		1/4	3/2		-6	54		256
195/2	1.5	22	22	3/4	3/4	9/8	2	1	3/8		1/4	3/2		-2	58		256
195/2	1.5	22	22	3/4	3/4	9/8	2	1	3/8		1/4	3/2		-3	63		256
195/2	1.5	22	22	3/4	3/4	9/8	1	1	3/8		1/4	3/2		-6	66		250
195/2	1.5	22	22	3/4	3/4	9/8	1	1	3/8		1/4	3/2		-2	70		250
195/2	1.5	22	22	3/4	3/4	9/8	1	1	3/8		1/4	3/2		-3	75		250
195/2	1.5	22	22	3/4	3/4	9/8	1	1	3/8		1/4	3/2		-6	78		250
99	4.5	23	23	0	0	9/8	2	2	9/8		1/2	9/4		-5	37		267
99	4.5	23	23	0	0	9/8	2	2	9/8		1/2	9/4		-5	49		267
399/4	0.75	23	23	3/16	3/16	9/8	2	3	3/16		1/8	3/2		-6	54		268
399/4	2.25	23	23	3/16	3/16	9/8	2	1	9/16		1/4	9/4		-2	58		265
399/4	2.25	23	23	3/16	3/16	9/8	2	1	9/16		1/4	9/4		-5	61		265
399/4	0.75	23	23	3/16	3/16	9/8	1	1	3/16		1/8	3/2		-6	66		258
399/4	2.25	23	23	3/16	3/16	9/8	1	2	9/16		1/4	9/4		-2	70		263
399/4	2.25	23	23	3/16	3/16	9/8	1	2	9/16		1/4	9/4		-5	73		263
399/4	0.75	23	23	3/16	3/16	9/8	1	1	3/16		1/8	3/2		-6	78		258
201/2	0.75	23	23	3/8	3/8	9/8	2	3	3/16		1/8	3/2		-4	56		269
201/2	0.75	23	23	3/8	3/8	9/8	1	1	3/16		1/8	3/2		-4	68		259
201/2	0.75	23	23	3/8	3/8	9/8	1	1	3/16		1/8	3/2		-4	80		259
405/4	0.75	23	23	9/16	9/16	9/8	2	3	3/16		1/8	3/2		-3	63		270
405/4	0.75	23	23	9/16	9/16	9/8	1	1	3/16		1/8	3/2		-3	75		260
405/4	0.75	23	23	9/16	9/16	9/8	1	1	3/16		1/8	3/2		-3	87		260
102	0.75	23	23	3/4	3/4	9/8	2	3	3/16		1/8	3/2		-5	61		271
102	1.5	23	23	3/4	3/4	9/8	2	1	3/8		1/4	3/2		-6	66		266
102	1.5	23	23	3/4	3/4	9/8	2	1	3/8		1/4	3/2		-2	70		266
102	0.75	23	23	3/4	3/4	9/8	1	1	3/16		1/8	3/2		-5	73		261
102	1.5	23	23	3/4	3/4	9/8	1	2	3/8		1/4	3/2		-6	78		264
102	1.5	23	23	3/4	3/4	9/8	1	2	3/8		1/4	3/2		-2	82		264
102	0.75	23	23	3/4	3/4	9/8	1	1	3/16		1/8	3/2		-5	85		261
411/4	0.75	23	23	15/16	15/16	9/8	2	3	3/16		1/8	3/2		-2	58		272
411/4	0.75	23	23	15/16	15/16	9/8	1	1	3/16		1/8	3/2		-2	70		262
411/4	0.75	23	23	15/16	15/16	9/8	1	1	3/16		1/8	3/2		-2	82		262
207/2	3.0	24	24	0	0	9/8	2	2	3/4		1/2	3/2		-3	39		289
207/2	3.0	24	24	0	0	9/8	2	2	3/4		1/2	3/2		-3	51		289
104	0.5	24	24	1/8	1/8	9/8	2	1	1/8		1/8	1		-2	58		281
104	0.5	24	24	1/8	1/8	9/8	2	1	1/8		1/8	1		-5	61		281
104	0.5	24	24	1/8	1/8	9/8	2	1	1/8		1/8	1		-6	66		281
104	0.5	24	24	1/8	1/8	9/8	1	1	1/8		1/8	1		-2	70		273
104	0.5	24	24	1/8	1/8	9/8	1	1	1/8		1/8	1		-6	78		273
104	0.5	24	24	1/8	1/8	9/8	1	1	1/8		1/8	1		-2	82		273
209/2	0.5	24	24	1/4	1/4	9/8	2	1	1/8		1/8	1		-2	58		282
209/2	0.5	24	24	1/4	1/4	9/8	2	1	1/8		1/8	1		-5	61		282
209/2	0.5	24	24	1/4	1/4	9/8	2	1	1/8		1/8	1		-6	66		282
209/2	0.5	24	24	1/4	1/4	9/8	1	1	1/8		1/8	1		-2	70		274
209/2	0.5	24	24	1/4	1/4	9/8	1	1	1/8		1/8	1		-6	78		274
209/2	0.5	24	24	1/4	1/4	9/8	1	1	1/8		1/8	1		-2	82		274
105	0.5	24	24	3/8	3/8	9/8	2	1	1/8		1/8	1		-2	58		283
105	0.5	24	24	3/8	3/8	9/8	2	1	1/8		1/8	1		-5	61		283
105	0.5	24	24	3/8	3/8	9/8	2	1	1/8		1/8	1		-6	66		283
105	0.5	24	24	3/8	3/8	9/8	1	1	1/8		1/8	1		-2	70		275
105	0.5	24	24	3/8	3/8	9/8	1	1	1/8		1/8	1		-6	78		275
105	0.5	24	24	3/8	3/8	9/8	1	1	1/8		1/8	1		-2	82		275
211/2	0.5	24	24	1/2	1/2	9/8	2	1	1/8		1/8	1		-2	58		284
211/2	0.5	24	24	1/2	1/2	9/8	2	1	1/8		1/8	1		-5	61		284
211/2	0.5	24	24	1/2	1/2	9/8	2	1	1/8		1/8	1		-6	66		284
211/2	0.5	24	24	1/2	1/2	9/8	1	1	1/8		1/8	1		-2	70		276
211/2	0.5	24	24	1/2	1/2	9/8	1	1	1/8		1/8	1		-6	78		276
211/2	0.5	24	24	1/2	1/2	9/8	1	1	1/8		1/8	1		-2	82		276
106	0.5	24	24	5/8	5/8	9/8	2	1	1/8		1/8	1		0	60		285
106	0.5	24	24	5/8	5/8	9/8	2	1	1/8		1/8	1		-3	63		285
106	0.5	24	24	5/8	5/8	9/8	2	1	1/8		1/8	1		-4	68		285
106	0.5	24	24	5/8	5/8	9/8	1	1	1/8		1/8	1		0	72		277
106	0.5	24	24	5/8	5/8	9/8	1	1	1/8		1/8	1		-4	80		277
106	0.5	24	24	5/8	5/8	9/8	1	1	1/8		1/8	1		0	84		277
213/2	0.5	24	24	3/4	3/4	9/8	2	1	1/8		1/8	1		-2	58		286
213/2	0.5	24	24	3/4	3/4	9/8	2	1	1/8		1/8	1		-5	61		286
213/2	0.5	24	24	3/4	3/4	9/8	2	1	1/8		1/8	1		-6	66		286
213/2	0.5	24	24	3/4	3/4	9/8	1	1	1/8		1/8	1		-2	70		278
213/2	0.5	24	24	3/4	3/4	9/8	1	1	1/8		1/8	1		-6	78		278
213/2	0.5	24	24	3/4	3/4	9/8	1	1	1/8		1/8	1		-2	82		278
107	0.5	24	24	7/8	7/8	9/8	2	1	1/8		1/8	1		-5	61		287
107	0.5	24	24	7/8	7/8	9/8	2	1	1/8		1/8	1		-6	66		287
107	0.5	24	24	7/8	7/8	9/8	2	1	1/8		1/8	1		-2	70		287
107	0.5	24	24	7/8	7/8	9/8	1	1	1/8		1/8	1		-5	73		279
107	0.5	24	24	7/8	7/8	9/8	1	1	1/8		1/8	1		-2	82		279
107	0.5	24	24	7/8	7/8	9/8	1	1	1/8		1/8	1		-5	85		279
215/2	0.5	24	24	1	1	9/8	2	1	1/8		1/8	1		-3	63		288
215/2	0.5	24	24	1	1	9/8	2	1	1/8		1/8	1		-6	66		288
215/2	0.5	24	24	1	1	9/8	2	1	1/8		1/8	1		-2	70		288
215/2	0.5	24	24	1	1	9/8	1	1	1/8		1/8	1		-3	75		280
215/2	0.5	24	24	1	1	9/8	1	1	1/8		1/8	1		-2	82		280
215/2	0.5	24	24	1	1	9/8	1	1	1/8		1/8	1		-3	87		280
108	3.0	25	25	0	0	9/8	2	1	3/4		1/2	3/2		-1	65		292
108	3.0	25	25	0	0	9/8	1	1	3/4		1/2	3/2		-4	68		290
108	3.0	25	25	0	0	9/8	2	1	3/4		1/2	3/2		-4	68		292
108	3.0	25	25	0	0	9/8	1	1	3/4		1/2	3/2		-5	73		290
108	3.0	25	25	0	0	9/8	2	1	3/4		1/2	3/2		-5	73		292
108	3.0	25	25	0	0	9/8	2	1	3/4		1/2	3/2		-1	77		292
108	3.0	25	25	0	0	9/8	1	1	3/4		1/2	3/2		-4	80		290
111	1.5	25	25	3/4	3/4	9/8	2	1	3/8		1/4	3/2		-8	64		293
111	1.5	25	25	3/4	3/4	9/8	1	1	3/8		1/4	3/2		-4	68		291
111	1.5	25	25	3/4	3/4	9/8	2	1	3/8		1/4	3/2		-4	68		293
111	1.5	25	25	3/4	3/4	9/8	2	1	3/8		1/4	3/2		-2	70		293
111	1.5	25	25	3/4	3/4	9/8	1	1	3/8		1/4	3/2		-5	73		291
111	1.5	25	25	3/4	3/4	9/8	2	1	3/8		1/4	3/2		-5	73		293
111	1.5	25	25	3/4	3/4	9/8	2	1	3/8		1/4	3/2		-8	76		293
111	1.5	25	25	3/4	3/4	9/8	1	1	3/8		1/4	3/2		-4	80		291
225/2	3.0	26	26	0	0	9/8	2	1	3/4		1/2	3/2		-3	63		296
225/2	3.0	26	26	0	0	9/8	2	1	3/4		1/2	3/2		-6	66		296
225/2	3.0	26	26	0	0	9/8	1	1	3/4		1/2	3/2		-4	68		294
225/2	3.0	26	26	0	0	9/8	2	1	3/4		1/2	3/2		-4	68		296
225/2	3.0	26	26	0	0	9/8	1	1	3/4		1/2	3/2		-5	73		294
225/2	3.0	26	26	0	0	9/8	2	1	3/4		1/2	3/2		-5	73		296
225/2	3.0	26	26	0	0	9/8	2	1	3/4		1/2	3/2		-3	75		296
225/2	3.0	26	26	0	0	9/8	1	1	3/4		1/2	3/2		-4	80		294
231/2	1.5	26	26	3/4	3/4	9/8	2	1	3/8		1/4	3/2		-4	56		297
231/2	1.5	26	26	3/4	3/4	9/8	2	1	3/8		1/4	3/2		-3	63		297
231/2	1.5	26	26	3/4	3/4	9/8	2	1	3/8		1/4	3/2		-6	66		297
231/2	1.5	26	26	3/4	3/4	9/8	1	1	3/8		1/4	3/2		-4	68		295
231/2	1.5	26	26	3/4	3/4	9/8	2	1	3/8		1/4	3/2		0	72		297
231/2	1.5	26	26	3/4	3/4	9/8	1	1	3/8		1/4	3/2		-3	75		295
231/2	1.5	26	26	3/4	3/4	9/8	1	1	3/8		1/4	3/2		-4	80		295
117	0.25	27	27	0	0	9/8	2	1	1/16		1/16	1		-5	37		302
117	1.5	27	27	0	0	9/8	2	2	3/8		1/4	3/2		-5	37		320
117	3.0	27	27	0	0	9/8	1	1	3/4		1/2	3/2		-1	65		298
117	3.0	27	27	0	0	9/8	1	1	3/4		1/2	3/2		-4	68		298
469/4	0.25	27	27	1/16	1/16	9/8	2	1	1/16		1/16	1		-4	44		303
235/2	0.25	27	27	1/8	1/8	9/8	2	1	1/16		1/16	1		-5	49		304
471/4	0.25	27	27	3/16	3/16	9/8	2	1	1/16		1/16	1		-1	53		305
118	0.25	27	27	1/4	1/4	9/8	2	1	1/16		1/16	1		-4	56		306
473/4	0.25	27	27	5/16	5/16	9/8	2	1	1/16		1/16	1		-5	61		307
237/2	0.25	27	27	3/8	3/8	9/8	2	1	1/16		1/16	1		-1	41		308
237/2	1.5	27	27	3/8	3/8	9/8	2	2	3/8		1/4	3/2		-1	41		321
475/4	0.25	27	27	7/16	7/16	9/8	2	1	1/16		1/16	1		0	48		309
119	0.25	27	27	1/2	1/2	9/8	2	1	1/16		1/16	1		-1	53		310
477/4	0.25	27	27	9/16	9/16	9/8	2	1	1/16		1/16	1		-4	56		311
239/2	0.25	27	27	5/8	5/8	9/8	2	1	1/16		1/16	1		0	60		312
479/4	0.25	27	27	11/16	11/16	9/8	2	1	1/16		1/16	1		-1	65		313
120	0.25	27	27	3/4	3/4	9/8	2	1	1/16		1/16	1		-4	44		314
120	1.5	27	27	3/4	3/4	9/8	2	2	3/8		1/4	3/2		-4	44		322
120	1.5	27	27	3/4	3/4	9/8	1	2	3/8		1/4	3/2		-4	68		301
120	1.0	27	27	3/4	3/4	9/8	1	1	1/4		1/4	1		-7	71		299
481/4	0.25	27	27	13/16	13/16	9/8	2	1	1/16		1/16	1		-8	52		315
241/2	0.25	27	27	7/8	7/8	9/8	2	1	1/16		1/16	1		-4	56		316
483/4	0.25	27	27	15/16	15/16	9/8	2	1	1/16		1/16	1		-7	59		317
121	0.25	27	27	1	1	9/8	2	1	1/16		1/16	1		-8	64		318
121	0.5	27	27	1	1	9/8	1	1	1/8		1/8	1		-5	73		300
485/4	0.25	27	27	17/16	17/16	9/8	2	1	1/16		1/16	1		-4	68		319
243/2	0.25	28	28	0	0	9/8	2	1	1/16		1/16	1		-5	37		326
243/2	1.5	28	28	0	0	9/8	2	2	3/8		1/4	3/2		-5	37		344
243/2	3.0	28	28	0	0	9/8	1	1	3/4		1/2	3/2		-1	65		323
243/2	3.0	28	28	0	0	9/8	1	1	3/4		1/2	3/2		-4	68		323
487/4	0.25	28	28	1/16	1/16	9/8	2	1	1/16		1/16	1		-4	44		327
122	0.25	28	28	1/8	1/8	9/8	2	1	1/16		1/16	1		-5	49		328
489/4	0.25	28	28	3/16	3/16	9/8	2	1	1/16		1/16	1		-1	53		329
245/2	0.25	28	28	1/4	1/4	9/8	2	1	1/16		1/16	1		-4	56		330
491/4	0.25	28	28	5/16	5/16	9/8	2	1	1/16		1/16	1		-5	61		331
123	0.25	28	28	3/8	3/8	9/8	2	1	1/16		1/16	1		-1	41		332
123	1.5	28	28	3/8	3/8	9/8	2	2	3/8		1/4	3/2		-1	41		345
493/4	0.25	28	28	7/16	7/16	9/8	2	1	1/16		1/16	1		0	48		333
247/2	0.25	28	28	1/2	1/2	9/8	2	1	1/16		1/16	1		-1	53		334
495/4	0.25	28	28	9/16	9/16	9/8	2	1	1/16		1/16	1		-4	56		335
124	0.25	28	28	5/8	5/8	9/8	2	1	1/16		1/16	1		0	60		336
497/4	0.25	28	28	11/16	11/16	9/8	2	1	1/16		1/16	1		-1	65		337
249/2	0.25	28	28	3/4	3/4	9/8	2	1	1/16		1/16	1		-4	44		338
249/2	1.5	28	28	3/4	3/4	9/8	2	2	3/8		1/4	3/2		-4	44		346
249/2	1.0	28	28	3/4	3/4	9/8	1	1	1/4		1/4	1		-4	68		324
249/2	1.0	28	28	3/4	3/4	9/8	1	1	1/4		1/4	1		-7	71		324
499/4	0.25	28	28	13/16	13/16	9/8	2	1	1/16		1/16	1		-8	52		339
125	0.25	28	28	7/8	7/8	9/8	2	1	1/16		1/16	1		-4	56		340
501/4	0.25	28	28	15/16	15/16	9/8	2	1	1/16		1/16	1		-7	59		341
251/2	0.25	28	28	1	1	9/8	2	1	1/16		1/16	1		-4	68		342
251/2	0.5	28	28	1	1	9/8	1	1	1/8		1/8	1		-4	68		325
503/4	0.25	28	28	17/16	17/16	9/8	2	1	1/16		1/16	1		-8	64		343
126	0.25	29	29	0	0	9/8	2	1	1/16		1/16	1		-5	37		352
126	1.0	29	29	0	0	9/8	1	1	1/4		1/4	1		-1	65		347
126	1.0	29	29	0	0	9/8	1	1	1/4		1/4	1		-5	73		347
505/4	0.25	29	29	1/16	1/16	9/8	2	1	1/16		1/16	1		-4	44		353
253/2	0.25	29	29	1/8	1/8	9/8	2	1	1/16		1/16	1		-5	49		354
507/4	0.25	29	29	3/16	3/16	9/8	2	1	1/16		1/16	1		-1	53		355
127	0.25	29	29	1/4	1/4	9/8	2	1	1/16		1/16	1		-4	56		356
127	0.5	29	29	1/4	1/4	9/8	1	1	1/8		1/8	1		-4	68		348
127	0.5	29	29	1/4	1/4	9/8	1	1	1/8		1/8	1		-3	75		348
509/4	0.25	29	29	5/16	5/16	9/8	2	1	1/16		1/16	1		-5	61		357
255/2	0.25	29	29	3/8	3/8	9/8	2	1	1/16		1/16	1		-1	65		358
255/2	1.5	29	29	3/8	3/8	9/8	1	1	3/8		1/4	3/2		-5	73		349
255/2	1.5	29	29	3/8	3/8	9/8	1	1	3/8		1/4	3/2		-1	77		349
511/4	0.25	29	29	7/16	7/16	9/8	2	1	1/16		1/16	1		-4	68		359
128	0.25	29	29	1/2	1/2	9/8	2	1	1/16		1/16	1		-1	65		360
513/4	0.25	29	29	9/16	9/16	9/8	2	1	1/16		1/16	1		-5	61		361
257/2	0.25	29	29	5/8	5/8	9/8	2	1	1/16		1/16	1		-4	56		362
515/4	0.25	29	29	11/16	11/16	9/8	2	1	1/16		1/16	1		-1	53		363
129	0.25	29	29	3/4	3/4	9/8	2	1	1/16		1/16	1		-4	56		364
129	1.0	29	29	3/4	3/4	9/8	1	1	1/4		1/4	1		-1	65		350
129	1.0	29	29	3/4	3/4	9/8	1	1	1/4		1/4	1		-5	73		350
517/4	0.25	29	29	13/16	13/16	9/8	2	1	1/16		1/16	1		-1	53		365
259/2	0.25	29	29	7/8	7/8	9/8	2	1	1/16		1/16	1		-5	49		366
519/4	0.25	29	29	15/16	15/16	9/8	2	1	1/16		1/16	1		-4	44		367
130	0.25	29	29	1	1	9/8	2	1	1/16		1/16	1		-5	49		368
130	0.5	29	29	1	1	9/8	1	1	1/8		1/8	1		-5	73		351
130	0.5	29	29	1	1	9/8	1	1	1/8		1/8	1		-1	77		351
521/4	0.25	29	29	17/16	17/16	9/8	2	1	1/16		1/16	1		-4	44		369
261/2	0.25	30	30	0	0	9/8	2	1	1/16		1/16	1		-3	39		379
261/2	0.5	30	30	0	0	9/8	1	1	1/8		1/8	1		-3	75		370
261/2	0.5	30	30	0	0	9/8	1	1	1/8		1/8	1		1	79		370
523/4	0.25	30	30	1/16	1/16	9/8	2	1	1/16		1/16	1		-2	46		380
131	0.25	30	30	1/8	1/8	9/8	2	1	1/16		1/16	1		-3	51		381
131	0.5	30	30	1/8	1/8	9/8	1	1	1/8		1/8	1		-5	73		371
131	0.5	30	30	1/8	1/8	9/8	1	1	1/8		1/8	1		-1	77		371
525/4	0.25	30	30	3/16	3/16	9/8	2	1	1/16		1/16	1		1	55		382
263/2	0.25	30	30	1/4	1/4	9/8	2	1	1/16		1/16	1		-2	58		383
263/2	0.5	30	30	1/4	1/4	9/8	1	1	1/8		1/8	1		-2	70		372
263/2	0.5	30	30	1/4	1/4	9/8	1	1	1/8		1/8	1		-5	73		372
527/4	0.25	30	30	5/16	5/16	9/8	2	1	1/16		1/16	1		-3	63		384
132	0.25	30	30	3/8	3/8	9/8	2	1	1/16		1/16	1		1	67		385
132	0.5	30	30	3/8	3/8	9/8	1	2	1/8		1/8	1		1	67		374
132	1.5	30	30	3/8	3/8	9/8	1	1	3/8		1/4	3/2		-2	70		373
132	1.5	30	30	3/8	3/8	9/8	1	1	3/8		1/4	3/2		-5	73		373
529/4	0.25	30	30	7/16	7/16	9/8	2	1	1/16		1/16	1		-3	63		386
265/2	0.25	30	30	1/2	1/2	9/8	2	1	1/16		1/16	1		-2	58		387
265/2	0.5	30	30	1/2	1/2	9/8	1	2	1/8		1/8	1		-1	65		375
531/4	0.25	30	30	9/16	9/16	9/8	2	1	1/16		1/16	1		1	55		388
133	0.25	30	30	5/8	5/8	9/8	2	1	1/16		1/16	1		-3	51		389
133	0.5	30	30	5/8	5/8	9/8	1	2	1/8		1/8	1		-5	61		376
533/4	0.25	30	30	11/16	11/16	9/8	2	1	1/16		1/16	1		-2	46		390
267/2	0.25	30	30	3/4	3/4	9/8	2	1	1/16		1/16	1		-3	39		391
267/2	0.75	30	30	3/4	3/4	9/8	1	2	3/16		1/8	3/2		-5	61		377
535/4	0.25	30	30	13/16	13/16	9/8	2	1	1/16		1/16	1		-2	46		392
134	0.25	30	30	7/8	7/8	9/8	2	1	1/16		1/16	1		-3	51		393
537/4	0.25	30	30	15/16	15/16	9/8	2	1	1/16		1/16	1		1	55		394
537/4	0.75	30	30	15/16	15/16	9/8	1	2	3/16		1/8	3/2		-2	58		378
269/2	0.25	30	30	1	1	9/8	2	1	1/16		1/16	1		-3	51		395
539/4	0.25	30	30	17/16	17/16	9/8	2	1	1/16		1/16	1		-2	46		396
135	0.25	31	31	0	0	9/8	2	1	1/16		1/16	1		-4	44		402
135	1.5	31	31	0	0	9/8	2	2	3/8		1/4	3/2		-4	44		419
135	3.0	31	31	0	0	9/8	1	1	3/4		1/2	3/2		-2	70		397
541/4	0.25	31	31	1/16	1/16	9/8	2	1	1/16		1/16	1		-3	51		403
271/2	0.25	31	31	1/8	1/8	9/8	2	1	1/16		1/16	1		-6	54		404
543/4	0.25	31	31	3/16	3/16	9/8	2	1	1/16		1/16	1		-2	58		405
136	0.25	31	31	1/4	1/4	9/8	2	1	1/16		1/16	1		0	60		406
545/4	0.25	31	31	5/16	5/16	9/8	2	1	1/16		1/16	1		-6	66		407
273/2	0.25	31	31	3/8	3/8	9/8	2	1	1/16		1/16	1		-6	42		408
273/2	1.5	31	31	3/8	3/8	9/8	2	2	3/8		1/4	3/2		-6	42		420
547/4	0.25	31	31	7/16	7/16	9/8	2	1	1/16		1/16	1		-5	49		409
137	0.25	31	31	1/2	1/2	9/8	2	1	1/16		1/16	1		-6	54		410
549/4	0.25	31	31	9/16	9/16	9/8	2	1	1/16		1/16	1		-2	58		411
275/2	0.25	31	31	5/8	5/8	9/8	2	1	1/16		1/16	1		-5	61		412
551/4	0.25	31	31	11/16	11/16	9/8	2	1	1/16		1/16	1		-6	66		413
138	0.25	31	31	3/4	3/4	9/8	2	1	1/16		1/16	1		-1	41		414
138	1.5	31	31	3/4	3/4	9/8	2	2	3/8		1/4	3/2		-1	41		421
138	1.5	31	31	3/4	3/4	9/8	1	1	3/8		1/4	3/2		0	72		398
553/4	0.25	31	31	13/16	13/16	9/8	2	1	1/16		1/16	1		0	48		415
277/2	0.25	31	31	7/8	7/8	9/8	2	1	1/16		1/16	1		-1	53		416
555/4	0.25	31	31	15/16	15/16	9/8	2	1	1/16		1/16	1		-4	56		417
139	0.5	31	31	1	1	9/8	2	1	1/8		1/8	1		0	60		418
139	0.25	31	31	1	1	9/8	1	2	1/16		1/16	1		-4	68		399
139	0.5	31	31	1	1	9/8	1	3	1/8		1/8	1		-1	77		401
557/4	0.25	31	31	17/16	17/16	9/8	1	2	1/16		1/16	1		-1	65		400
279/2	0.25	32	32	0	0	9/8	2	1	1/16		1/16	1		-4	44		427
279/2	1.5	32	32	0	0	9/8	2	2	3/8		1/4	3/2		-4	44		444
279/2	3.0	32	32	0	0	9/8	1	1	3/4		1/2	3/2		-2	70		422
559/4	0.25	32	32	1/16	1/16	9/8	2	1	1/16		1/16	1		-3	51		428
140	0.25	32	32	1/8	1/8	9/8	2	1	1/16		1/16	1		-6	54		429
561/4	0.25	32	32	3/16	3/16	9/8	2	1	1/16		1/16	1		-2	58		430
281/2	0.25	32	32	1/4	1/4	9/8	2	1	1/16		1/16	1		0	60		431
563/4	0.25	32	32	5/16	5/16	9/8	2	1	1/16		1/16	1		-6	66		432
141	0.25	32	32	3/8	3/8	9/8	2	1	1/16		1/16	1		-6	42		433
141	1.5	32	32	3/8	3/8	9/8	2	2	3/8		1/4	3/2		-6	42		445
565/4	0.25	32	32	7/16	7/16	9/8	2	1	1/16		1/16	1		-5	49		434
283/2	0.25	32	32	1/2	1/2	9/8	2	1	1/16		1/16	1		-6	54		435
567/4	0.25	32	32	9/16	9/16	9/8	2	1	1/16		1/16	1		-2	58		436
142	0.25	32	32	5/8	5/8	9/8	2	1	1/16		1/16	1		-5	61		437
569/4	0.25	32	32	11/16	11/16	9/8	2	1	1/16		1/16	1		-6	66		438
285/2	0.25	32	32	3/4	3/4	9/8	2	1	1/16		1/16	1		-1	41		439
285/2	1.5	32	32	3/4	3/4	9/8	2	2	3/8		1/4	3/2		-1	41		446
285/2	1.0	32	32	3/4	3/4	9/8	1	1	1/4		1/4	1		0	72		423
571/4	0.25	32	32	13/16	13/16	9/8	2	1	1/16		1/16	1		0	48		440
143	0.25	32	32	7/8	7/8	9/8	2	1	1/16		1/16	1		-1	53		441
573/4	0.25	32	32	15/16	15/16	9/8	2	1	1/16		1/16	1		-4	56		442
287/2	0.5	32	32	1	1	9/8	2	1	1/8		1/8	1		0	60		443
287/2	0.25	32	32	1	1	9/8	1	2	1/16		1/16	1		-4	68		425
287/2	0.5	32	32	1	1	9/8	1	1	1/8		1/8	1		-1	77		424
575/4	0.25	32	32	17/16	17/16	9/8	1	2	1/16		1/16	1		-1	65		426
144	0.25	33	33	0	0	9/8	2	1	1/16		1/16	1		-3	39		464
144	1.5	33	33	0	0	9/8	2	2	3/8		1/4	3/2		-3	39		474
144	1.5	33	33	0	0	9/8	1	1	3/8		1/4	3/2	1	-6	78		447
577/4	0.25	33	33	1/16	1/16	9/8	2	1	1/16		1/16	1		-2	46		465
289/2	0.25	33	33	1/8	1/8	9/8	2	1	1/16		1/16	1		-3	51		466
579/4	0.25	33	33	3/16	3/16	9/8	2	1	1/16		1/16	1		-6	54		467
145	0.25	33	33	1/4	1/4	9/8	2	1	1/16		1/16	1		-2	58		468
581/4	0.25	33	33	5/16	5/16	9/8	2	1	1/16		1/16	1		-3	63		469
291/2	0.75	33	33	3/8	3/8	9/8	2	1	3/16		1/4	3/4		-6	66		470
291/2	0.25	33	33	3/8	3/8	9/8	1	2	1/16		1/8	1/2		-6	78		452
291/2	0.75	33	33	3/8	3/8	9/8	1	1	3/16		1/4	3/4	-1	-6	78		448
583/4	0.25	33	33	7/16	7/16	9/8	1	2	1/16		1/8	1/2		-6	66		453
146	0.25	33	33	1/2	1/2	9/8	1	2	1/16		1/8	1/2		-2	70		454
585/4	0.75	33	33	9/16	9/16	9/8	2	1	3/16		1/4	3/4		-1	65		471
585/4	0.25	33	33	9/16	9/16	9/8	1	2	1/16		1/8	1/2		-1	77		455
585/4	0.75	33	33	9/16	9/16	9/8	1	1	3/16		1/4	3/4		-1	77		449
293/2	0.25	33	33	5/8	5/8	9/8	1	2	1/16		1/8	1/2		-6	66		456
587/4	0.25	33	33	11/16	11/16	9/8	1	2	1/16		1/8	1/2		-2	70		457
147	0.75	33	33	3/4	3/4	9/8	2	1	3/16		1/4	3/4		2	62		472
147	0.25	33	33	3/4	3/4	9/8	1	2	1/16		1/8	1/2		2	74		458
147	0.75	33	33	3/4	3/4	9/8	1	1	3/16		1/4	3/4		2	74		450
589/4	0.25	33	33	13/16	13/16	9/8	1	2	1/16		1/8	1/2		-6	66		459
295/2	0.25	33	33	7/8	7/8	9/8	1	2	1/16		1/8	1/2		-2	70		460
591/4	0.75	33	33	15/16	15/16	9/8	2	1	3/16		1/4	3/4		-3	63		473
591/4	0.25	33	33	15/16	15/16	9/8	1	2	1/16		1/8	1/2		-3	75		461
591/4	0.75	33	33	15/16	15/16	9/8	1	1	3/16		1/4	3/4		-3	75		451
148	0.25	33	33	1	1	9/8	1	2	1/16		1/8	1/2		-6	66		462
593/4	0.25	33	33	17/16	17/16	9/8	1	2	1/16		1/8	1/2		-2	70		463
297/2	0.25	34	34	0	0	9/8	2	1	1/16		1/16	1		2	62		477
297/2	1.5	34	34	0	0	9/8	2	2	3/8		1/4	3/2		2	62		495
297/2	3.0	34	34	0	0	9/8	1	1	3/4		1/2	3/2		-2	82		475
595/4	0.25	34	34	1/16	1/16	9/8	2	1	1/16		1/16	1		-6	66		478
149	0.25	34	34	1/8	1/8	9/8	2	1	1/16		1/16	1		-2	70		479
597/4	0.25	34	34	3/16	3/16	9/8	2	1	1/16		1/16	1		-2	70		480
299/2	0.25	34	34	1/4	1/4	9/8	2	1	1/16		1/16	1		-6	78		481
599/4	0.25	34	34	5/16	5/16	9/8	2	1	1/16		1/16	1		-2	82		482
150	0.25	34	34	3/8	3/8	9/8	2	1	1/16		1/16	1		-3	63		483
150	1.5	34	34	3/8	3/8	9/8	2	2	3/8		1/4	3/2		-3	63		496
601/4	0.25	34	34	7/16	7/16	9/8	2	1	1/16		1/16	1		-6	66		484
301/2	0.25	34	34	1/2	1/2	9/8	2	1	1/16		1/16	1		-2	70		485
603/4	0.25	34	34	9/16	9/16	9/8	2	1	1/16		1/16	1		-2	70		486
151	0.25	34	34	5/8	5/8	9/8	2	1	1/16		1/16	1		-6	78		487
605/4	0.25	34	34	11/16	11/16	9/8	2	1	1/16		1/16	1		-2	82		488
303/2	1.5	34	34	3/4	3/4	9/8	2	2	3/8		1/4	3/2		-4	56		497
303/2	0.25	34	34	3/4	3/4	9/8	2	1	1/16		1/16	1		0	60		489
303/2	1.5	34	34	3/4	3/4	9/8	1	1	3/8		1/4	3/2		-4	80		476
607/4	0.25	34	34	13/16	13/16	9/8	2	1	1/16		1/16	1		4	64		490
152	0.25	34	34	7/8	7/8	9/8	2	1	1/16		1/16	1		-4	68		491
609/4	0.25	34	34	15/16	15/16	9/8	2	1	1/16		1/16	1		0	72		492
305/2	0.25	34	34	1	1	9/8	2	1	1/16		1/16	1		4	76		493
611/4	0.25	34	34	17/16	17/16	9/8	2	1	1/16		1/16	1		-4	80		494
153	0.25	35	35	0	0	9/8	2	1	1/16		1/16	1		-5	49		501
153	1.5	35	35	0	0	9/8	2	2	3/8		1/4	3/2		-5	49		519
153	3.0	35	35	0	0	9/8	1	1	3/4		1/2	3/2		-1	77		498
153	3.0	35	35	0	0	9/8	1	1	3/4		1/2	3/2		-4	80		498
613/4	0.25	35	35	1/16	1/16	9/8	2	1	1/16		1/16	1		-4	56		502
307/2	0.25	35	35	1/8	1/8	9/8	2	1	1/16		1/16	1		-5	61		503
615/4	0.25	35	35	3/16	3/16	9/8	2	1	1/16		1/16	1		-1	65		504
154	0.25	35	35	1/4	1/4	9/8	2	1	1/16		1/16	1		-4	68		505
617/4	0.25	35	35	5/16	5/16	9/8	2	1	1/16		1/16	1		-5	73		506
309/2	1.5	35	35	3/8	3/8	9/8	2	2	3/8		1/4	3/2		-1	53		520
309/2	0.25	35	35	3/8	3/8	9/8	2	1	1/16		1/16	1		-4	56		507
619/4	0.25	35	35	7/16	7/16	9/8	2	1	1/16		1/16	1		0	60		508
155	0.25	35	35	1/2	1/2	9/8	2	1	1/16		1/16	1		-1	65		509
621/4	0.25	35	35	9/16	9/16	9/8	2	1	1/16		1/16	1		-4	68		510
311/2	0.25	35	35	5/8	5/8	9/8	2	1	1/16		1/16	1		0	72		511
623/4	0.25	35	35	11/16	11/16	9/8	2	1	1/16		1/16	1		-1	77		512
156	1.5	35	35	3/4	3/4	9/8	2	2	3/8		1/4	3/2		-4	56		521
156	0.25	35	35	3/4	3/4	9/8	2	1	1/16		1/16	1		-7	59		513
156	1.0	35	35	3/4	3/4	9/8	1	1	1/4		1/4	1		-4	80		499
156	1.0	35	35	3/4	3/4	9/8	1	1	1/4		1/4	1		-7	83		499
625/4	0.25	35	35	13/16	13/16	9/8	2	1	1/16		1/16	1		-8	64		514
313/2	0.25	35	35	7/8	7/8	9/8	2	1	1/16		1/16	1		-4	68		515
627/4	0.25	35	35	15/16	15/16	9/8	2	1	1/16		1/16	1		-7	71		516
157	0.25	35	35	1	1	9/8	2	1	1/16		1/16	1		-8	76		517
157	0.5	35	35	1	1	9/8	1	1	1/8		1/8	1		-5	85		500
629/4	0.25	35	35	17/16	17/16	9/8	2	1	1/16		1/16	1		-4	80		518
315/2	0.25	36	36	0	0	9/8	2	1	1/16		1/16	1		-5	49		525
315/2	1.5	36	36	0	0	9/8	2	2	3/8		1/4	3/2		-5	49		543
315/2	3.0	36	36	0	0	9/8	1	1	3/4		1/2	3/2		-1	77		522
315/2	3.0	36	36	0	0	9/8	1	1	3/4		1/2	3/2		-4	80		522
631/4	0.25	36	36	1/16	1/16	9/8	2	1	1/16		1/16	1		-4	56		526
158	0.25	36	36	1/8	1/8	9/8	2	1	1/16		1/16	1		-5	61		527
633/4	0.25	36	36	3/16	3/16	9/8	2	1	1/16		1/16	1		-1	65		528
317/2	0.25	36	36	1/4	1/4	9/8	2	1	1/16		1/16	1		-4	68		529
635/4	0.25	36	36	5/16	5/16	9/8	2	1	1/16		1/16	1		-5	73		530
159	1.5	36	36	3/8	3/8	9/8	2	2	3/8		1/4	3/2		-1	53		544
159	0.25	36	36	3/8	3/8	9/8	2	1	1/16		1/16	1		-4	56		531
637/4	0.25	36	36	7/16	7/16	9/8	2	1	1/16		1/16	1		0	60		532
319/2	0.25	36	36	1/2	1/2	9/8	2	1	1/16		1/16	1		-1	65		533
639/4	0.25	36	36	9/16	9/16	9/8	2	1	1/16		1/16	1		-4	68		534
160	0.25	36	36	5/8	5/8	9/8	2	1	1/16		1/16	1		0	72		535
641/4	0.25	36	36	11/16	11/16	9/8	2	1	1/16		1/16	1		-1	77		536
321/2	1.5	36	36	3/4	3/4	9/8	2	2	3/8		1/4	3/2		8	56		545
321/2	0.25	36	36	3/4	3/4	9/8	2	1	1/16		1/16	1		5	59		537
321/2	1.0	36	36	3/4	3/4	9/8	1	1	1/4		1/4	1		8	80		523
321/2	1.0	36	36	3/4	3/4	9/8	1	1	1/4		1/4	1		5	83		523
643/4	0.25	36	36	13/16	13/16	9/8	2	1	1/16		1/16	1		4	64		538
161	0.25	36	36	7/8	7/8	9/8	2	1	1/16		1/16	1		8	68		539
645/4	0.25	36	36	15/16	15/16	9/8	2	1	1/16		1/16	1		5	71		540
323/2	0.25	36	36	1	1	9/8	2	1	1/16		1/16	1		8	80		541
323/2	0.5	36	36	1	1	9/8	1	1	1/8		1/8	1		8	80		524
647/4	0.25	36	36	17/16	17/16	9/8	2	1	1/16		1/16	1		4	76		542
162	1.5	37	37	0	0	9/8	2	2	3/8		1/4	3/2		5	59		576
162	0.25	37	37	0	0	9/8	2	1	1/16		1/16	1		7	61		564
162	0.75	37	37	0	0	9/8	1	2	3/16		1/8	3/2		7	85		552
162	1.0	37	37	0	0	9/8	1	1	1/4		1/4	1		7	85		546
649/4	0.25	37	37	1/16	1/16	9/8	2	1	1/16		1/16	1		4	64		565
325/2	0.25	37	37	1/8	1/8	9/8	2	1	1/16		1/16	1		8	68		566
651/4	0.75	37	37	3/16	3/16	9/8	2	1	3/16		1/8	3/2		5	71		567
651/4	0.25	37	37	3/16	3/16	9/8	1	2	1/16		1/16	1		7	73		553
163	0.25	37	37	1/4	1/4	9/8	1	2	1/16		1/16	1		8	80		554
163	0.5	37	37	1/4	1/4	9/8	1	1	1/8		1/8	1		8	80		547
653/4	0.25	37	37	5/16	5/16	9/8	1	2	1/16		1/16	1		4	76		555
327/2	1.5	37	37	3/8	3/8	9/8	2	2	3/8		1/4	3/2		7	61		577
327/2	0.25	37	37	3/8	3/8	9/8	2	1	1/16		1/16	1		4	64		568
327/2	0.75	37	37	3/8	3/8	9/8	1	2	3/16		1/8	3/2		4	88		556
327/2	1.0	37	37	3/8	3/8	9/8	1	1	1/4		1/4	1		4	88		548
655/4	0.25	37	37	7/16	7/16	9/8	2	1	1/16		1/16	1		8	68		569
164	0.25	37	37	1/2	1/2	9/8	2	1	1/16		1/16	1		5	71		570
657/4	0.75	37	37	9/16	9/16	9/8	2	1	3/16		1/8	3/2		7	73		571
657/4	0.25	37	37	9/16	9/16	9/8	1	2	1/16		1/16	1		4	76		557
329/2	0.25	37	37	5/8	5/8	9/8	1	2	1/16		1/16	1		7	85		558
329/2	0.5	37	37	5/8	5/8	9/8	1	1	1/8		1/8	1		7	85		549
659/4	0.25	37	37	11/16	11/16	9/8	1	2	1/16		1/16	1		8	80		559
165	1.5	37	37	3/4	3/4	9/8	2	2	3/8		1/4	3/2		4	64		578
165	0.25	37	37	3/4	3/4	9/8	2	1	1/16		1/16	1		8	68		572
165	0.75	37	37	3/4	3/4	9/8	1	2	3/16		1/8	3/2		8	92		560
165	1.0	37	37	3/4	3/4	9/8	1	1	1/4		1/4	1		8	92		550
661/4	0.25	37	37	13/16	13/16	9/8	2	1	1/16		1/16	1		5	71		573
331/2	0.25	37	37	7/8	7/8	9/8	2	1	1/16		1/16	1		7	73		574
663/4	0.75	37	37	15/16	15/16	9/8	2	1	3/16		1/8	3/2		4	76		575
663/4	0.25	37	37	15/16	15/16	9/8	1	2	1/16		1/16	1		8	80		561
166	0.25	37	37	1	1	9/8	1	2	1/16		1/16	1		4	88		562
166	0.5	37	37	1	1	9/8	1	1	1/8		1/8	1		4	88		551
665/4	0.25	37	37	17/16	17/16	9/8	1	2	1/16		1/16	1		5	83		563
333/2	0.25	38	38	0	0	9/8	2	1	1/16		1/16	1		8	68		581
333/2	1.5	38	38	0	0	9/8	2	2	3/8		1/4	3/2		8	68		599
333/2	1.5	38	38	0	0	9/8	1	1	3/8		1/4	3/2		8	92		579
667/4	0.25	38	38	1/16	1/16	9/8	2	1	1/16		1/16	1		3	69		582
167	0.25	38	38	1/8	1/8	9/8	2	1	1/16		1/16	1		7	73		583
669/4	0.25	38	38	3/16	3/16	9/8	2	1	1/16		1/16	1		8	80		584
335/2	0.25	38	38	1/4	1/4	9/8	2	1	1/16		1/16	1		7	85		585
671/4	0.25	38	38	5/16	5/16	9/8	2	1	1/16		1/16	1		3	81		586
168	0.25	38	38	3/8	3/8	9/8	2	1	1/16		1/16	1		6	66		587
168	1.5	38	38	3/8	3/8	9/8	2	2	3/8		1/4	3/2		6	66		600
168	3.0	38	38	3/8	3/8	9/8	1	1	3/4		1/2	3/2		6	90		580
673/4	0.25	38	38	7/16	7/16	9/8	2	1	1/16		1/16	1		3	69		588
337/2	0.25	38	38	1/2	1/2	9/8	2	1	1/16		1/16	1		7	73		589
675/4	0.25	38	38	9/16	9/16	9/8	2	1	1/16		1/16	1		6	78		590
169	0.25	38	38	5/8	5/8	9/8	2	1	1/16		1/16	1		7	85		591
677/4	0.25	38	38	11/16	11/16	9/8	2	1	1/16		1/16	1		3	81		592
339/2	1.5	38	38	3/4	3/4	9/8	2	2	3/8		1/4	3/2		11	65		601
339/2	0.25	38	38	3/4	3/4	9/8	2	1	1/16		1/16	1		6	66		593
679/4	0.25	38	38	13/16	13/16	9/8	2	1	1/16		1/16	1		3	69		594
170	0.25	38	38	7/8	7/8	9/8	2	1	1/16		1/16	1		7	73		595
681/4	0.25	38	38	15/16	15/16	9/8	2	1	1/16		1/16	1		6	78		596
341/2	0.25	38	38	1	1	9/8	2	1	1/16		1/16	1		7	85		597
683/4	0.25	38	38	17/16	17/16	9/8	2	1	1/16		1/16	1		3	81		598
171	1.5	39	39	0	0	9/8	2	2	3/8		1/4	3/2		4	64		623
171	0.25	39	39	0	0	9/8	2	1	1/16		1/16	1		6	66		605
171	3.0	39	39	0	0	9/8	1	1	3/4		1/2	3/2		6	90		602
685/4	0.25	39	39	1/16	1/16	9/8	2	1	1/16		1/16	1		3	69		606
343/2	0.25	39	39	1/8	1/8	9/8	2	1	1/16		1/16	1		7	73		607
687/4	0.25	39	39	3/16	3/16	9/8	2	1	1/16		1/16	1		6	78		608
172	0.25	39	39	1/4	1/4	9/8	2	1	1/16		1/16	1		7	85		609
689/4	0.25	39	39	5/16	5/16	9/8	2	1	1/16		1/16	1		3	81		610
345/2	1.5	39	39	3/8	3/8	9/8	2	2	3/8		1/4	3/2		9	63		624
345/2	0.25	39	39	3/8	3/8	9/8	2	1	1/16		1/16	1		6	66		611
691/4	0.25	39	39	7/16	7/16	9/8	2	1	1/16		1/16	1		3	69		612
173	0.25	39	39	1/2	1/2	9/8	2	1	1/16		1/16	1		7	73		613
693/4	0.25	39	39	9/16	9/16	9/8	2	1	1/16		1/16	1		6	78		614
347/2	0.25	39	39	5/8	5/8	9/8	2	1	1/16		1/16	1		7	85		615
695/4	0.25	39	39	11/16	11/16	9/8	2	1	1/16		1/16	1		3	81		616
174	1.5	39	39	3/4	3/4	9/8	2	2	3/8		1/4	3/2		7	61		625
174	0.25	39	39	3/4	3/4	9/8	2	1	1/16		1/16	1		4	64		617
174	1.0	39	39	3/4	3/4	9/8	1	1	1/4		1/4	1		3	93		603
697/4	0.25	39	39	13/16	13/16	9/8	2	1	1/16		1/16	1		3	69		618
349/2	0.25	39	39	7/8	7/8	9/8	2	1	1/16		1/16	1		7	73		619
699/4	0.25	39	39	15/16	15/16	9/8	2	1	1/16		1/16	1		4	76		620
175	0.25	39	39	1	1	9/8	2	1	1/16		1/16	1		7	97		621
175	0.5	39	39	1	1	9/8	1	1	1/8		1/8	1		7	97		604
701/4	0.25	39	39	17/16	17/16	9/8	2	1	1/16		1/16	1		7	85		622
351/2	0.25	40	40	0	0	9/8	2	1	1/16		1/16	1		5	59		629
351/2	1.5	40	40	0	0	9/8	2	2	3/8		1/4	3/2		5	59		647
351/2	3.0	40	40	0	0	9/8	1	1	3/4		1/2	3/2		6	78		626
703/4	0.25	40	40	1/16	1/16	9/8	2	1	1/16		1/16	1		9	63		630
176	0.25	40	40	1/8	1/8	9/8	2	1	1/16		1/16	1		6	66		631
705/4	0.25	40	40	3/16	3/16	9/8	2	1	1/16		1/16	1		6	66		632
353/2	0.25	40	40	1/4	1/4	9/8	2	1	1/16		1/16	1		7	73		633
707/4	0.25	40	40	5/16	5/16	9/8	2	1	1/16		1/16	1		3	69		634
177	0.25	40	40	3/8	3/8	9/8	2	1	1/16		1/16	1		3	57		635
177	1.5	40	40	3/8	3/8	9/8	2	2	3/8		1/4	3/2		3	57		648
709/4	0.25	40	40	7/16	7/16	9/8	2	1	1/16		1/16	1		7	61		636
355/2	0.25	40	40	1/2	1/2	9/8	2	1	1/16		1/16	1		4	64		637
711/4	0.25	40	40	9/16	9/16	9/8	2	1	1/16		1/16	1		6	66		638
178	0.25	40	40	5/8	5/8	9/8	2	1	1/16		1/16	1		7	73		639
713/4	0.25	40	40	11/16	11/16	9/8	2	1	1/16		1/16	1		3	69		640
357/2	0.25	40	40	3/4	3/4	9/8	2	1	1/16		1/16	1		8	56		641
357/2	1.5	40	40	3/4	3/4	9/8	2	2	3/8		1/4	3/2		8	56		649
357/2	1.0	40	40	3/4	3/4	9/8	1	1	1/4		1/4	1		3	81		627
715/4	0.25	40	40	13/16	13/16	9/8	2	1	1/16		1/16	1		7	61		642
179	0.25	40	40	7/8	7/8	9/8	2	1	1/16		1/16	1		4	64		643
717/4	0.25	40	40	15/16	15/16	9/8	2	1	1/16		1/16	1		3	69		644
359/2	0.25	40	40	1	1	9/8	2	1	1/16		1/16	1		4	76		645
359/2	0.5	40	40	1	1	9/8	1	1	1/8		1/8	1		7	85		628
719/4	0.25	40	40	17/16	17/16	9/8	2	1	1/16		1/16	1		3	81		646
180	0.25	41	41	0	0	9/8	2	1	1/16		1/16	1		6	54		658
180	3.0	41	41	0	0	9/8	2	2	3/4		1/2	3/2	1	6	54		676
180	0.5	41	41	0	0	9/8	1	1	1/8		1/8	1		7	85		650
180	0.5	41	41	0	0	9/8	1	1	1/8		1/8	1		4	88		650
721/4	0.25	41	41	1/16	1/16	9/8	2	1	1/16		1/16	1		7	61		659
361/2	0.25	41	41	1/8	1/8	9/8	2	1	1/16		1/16	1		4	64		660
361/2	0.5	41	41	1/8	1/8	9/8	1	1	1/8		1/8	1		5	83		651
361/2	0.5	41	41	1/8	1/8	9/8	1	1	1/8		1/8	1		9	87		651
723/4	0.25	41	41	3/16	3/16	9/8	2	1	1/16		1/16	1		6	66		661
181	0.25	41	41	1/4	1/4	9/8	2	1	1/16		1/16	1		3	69		662
181	0.5	41	41	1/4	1/4	9/8	1	1	1/8		1/8	1		3	81		652
181	0.5	41	41	1/4	1/4	9/8	1	1	1/8		1/8	1		7	85		652
725/4	0.25	41	41	5/16	5/16	9/8	2	1	1/16		1/16	1		7	73		663
363/2	0.25	41	41	3/8	3/8	9/8	2	1	1/16		1/16	1		4	76		664
363/2	0.75	41	41	3/8	3/8	9/8	1	1	3/16		1/8	3/2		8	80		653
363/2	0.75	41	41	3/8	3/8	9/8	1	1	3/16		1/8	3/2		5	83		653
727/4	0.25	41	41	7/16	7/16	9/8	2	1	1/16		1/16	1		6	78		665
182	0.25	41	41	1/2	1/2	9/8	2	1	1/16		1/16	1		4	76		666
729/4	0.25	41	41	9/16	9/16	9/8	2	1	1/16		1/16	1		7	73		667
729/4	0.75	41	41	9/16	9/16	9/8	1	1	3/16		1/8	3/2	1	6	78		654
729/4	0.75	41	41	9/16	9/16	9/8	1	1	3/16		1/8	3/2	1	3	81		654
365/2	0.25	41	41	5/8	5/8	9/8	2	1	1/16		1/16	1		3	69		668
731/4	0.25	41	41	11/16	11/16	9/8	2	1	1/16		1/16	1		6	66		669
183	1.5	41	41	3/4	3/4	9/8	2	2	3/8		1/4	3/2	-1	6	54		677
183	0.25	41	41	3/4	3/4	9/8	2	1	1/16		1/16	1		4	64		670
183	0.5	41	41	3/4	3/4	9/8	1	1	1/8		1/8	1	-1	6	78		655
183	0.5	41	41	3/4	3/4	9/8	1	1	1/8		1/8	1	-1	3	81		655
733/4	0.25	41	41	13/16	13/16	9/8	2	1	1/16		1/16	1		6	66		671
367/2	0.25	41	41	7/8	7/8	9/8	2	1	1/16		1/16	1		4	64		672
367/2	0.5	41	41	7/8	7/8	9/8	1	1	1/8		1/8	1		4	76		656
367/2	0.5	41	41	7/8	7/8	9/8	1	1	1/8		1/8	1		8	80		656
735/4	0.25	41	41	15/16	15/16	9/8	2	1	1/16		1/16	1		7	61		673
184	0.25	41	41	1	1	9/8	2	1	1/16		1/16	1		3	57		674
184	0.5	41	41	1	1	9/8	1	1	1/8		1/8	1		9	75		657
184	0.5	41	41	1	1	9/8	1	1	1/8		1/8	1		6	78		657
737/4	0.25	41	41	17/16	17/16	9/8	2	1	1/16		1/16	1		6	54		675
369/2	0.25	42	42	0	0	9/8	2	1	1/16		1/16	1		6	42		688
369/2	0.5	42	42	0	0	9/8	1	1	1/8		1/8	1		7	73		678
369/2	0.5	42	42	0	0	9/8	1	1	1/8		1/8	1		4	76		678
739/4	0.25	42	42	1/16	1/16	9/8	2	1	1/16		1/16	1		7	49		689
185	0.25	42	42	1/8	1/8	9/8	2	1	1/16		1/16	1		4	52		690
185	0.5	42	42	1/8	1/8	9/8	1	1	1/8		1/8	1		5	71		679
185	0.5	42	42	1/8	1/8	9/8	1	1	1/8		1/8	1		9	75		679
741/4	0.25	42	42	3/16	3/16	9/8	2	1	1/16		1/16	1		6	54		691
371/2	0.25	42	42	1/4	1/4	9/8	2	1	1/16		1/16	1		3	57		692
371/2	0.5	42	42	1/4	1/4	9/8	1	1	1/8		1/8	1		3	69		680
371/2	0.5	42	42	1/4	1/4	9/8	1	1	1/8		1/8	1		7	73		680
743/4	0.25	42	42	5/16	5/16	9/8	2	1	1/16		1/16	1		7	61		693
186	0.25	42	42	3/8	3/8	9/8	2	1	1/16		1/16	1		4	64		694
186	0.5	42	42	3/8	3/8	9/8	1	1	1/8		1/8	1		8	68		681
186	0.5	42	42	3/8	3/8	9/8	1	1	1/8		1/8	1		5	71		681
745/4	0.25	42	42	7/16	7/16	9/8	2	1	1/16		1/16	1		7	61		695
373/2	0.25	42	42	1/2	1/2	9/8	2	1	1/16		1/16	1		3	57		696
373/2	0.5	42	42	1/2	1/2	9/8	1	1	1/8		1/8	1		6	66		682
373/2	0.5	42	42	1/2	1/2	9/8	1	1	1/8		1/8	1		3	69		682
747/4	0.25	42	42	9/16	9/16	9/8	2	1	1/16		1/16	1		6	54		697
187	0.25	42	42	5/8	5/8	9/8	2	1	1/16		1/16	1		4	52		698
187	0.5	42	42	5/8	5/8	9/8	1	1	1/8		1/8	1	1	4	64		683
187	0.5	42	42	5/8	5/8	9/8	1	1	1/8		1/8	1	1	8	68		683
749/4	0.25	42	42	11/16	11/16	9/8	2	1	1/16		1/16	1		7	49		699
375/2	0.25	42	42	3/4	3/4	9/8	2	1	1/16		1/16	1		6	42		700
375/2	1.5	42	42	3/4	3/4	9/8	1	2	3/8		1/4	3/2		3	57		687
375/2	0.5	42	42	3/4	3/4	9/8	1	1	1/8		1/8	1	-1	4	64		684
375/2	0.5	42	42	3/4	3/4	9/8	1	1	1/8		1/8	1	-1	8	68		684
751/4	0.25	42	42	13/16	13/16	9/8	2	1	1/16		1/16	1		7	49		701
188	0.25	42	42	7/8	7/8	9/8	2	1	1/16		1/16	1		6	42		702
188	0.5	42	42	7/8	7/8	9/8	1	1	1/8		1/8	1		9	63		685
188	0.5	42	42	7/8	7/8	9/8	1	1	1/8		1/8	1		6	66		685
753/4	0.25	42	42	15/16	15/16	9/8	2	1	1/16		1/16	1		7	49		703
377/2	0.25	42	42	1	1	9/8	2	1	1/16		1/16	1		6	42		704
377/2	0.5	42	42	1	1	9/8	1	1	1/8		1/8	1		7	61		686
377/2	0.5	42	42	1	1	9/8	1	1	1/8		1/8	1		4	64		686
755/4	0.25	42	42	17/16	17/16	9/8	2	1	1/16		1/16	1		7	49		705
189	0.25	43	43	0	0	9/8	2	1	1/16		1/16	1		-4	44		714
189	1.0	43	43	0	0	9/8	1	2	1/4		1/4	1		-6	54		709
189	3.0	43	43	0	0	9/8	1	1	3/4		1/2	3/2		-5	61		706
189	3.0	43	43	0	0	9/8	1	1	3/4		1/2	3/2		-3	63		706
757/4	0.25	43	43	1/16	1/16	9/8	2	1	1/16		1/16	1		-3	51		715
379/2	0.25	43	43	1/8	1/8	9/8	2	1	1/16		1/16	1		-4	44		716
759/4	0.25	43	43	3/16	3/16	9/8	2	1	1/16		1/16	1		-3	51		717
190	0.25	43	43	1/4	1/4	9/8	2	1	1/16		1/16	1		-4	44		718
190	0.5	43	43	1/4	1/4	9/8	1	2	1/8		1/8	1		-4	56		710
761/4	0.25	43	43	5/16	5/16	9/8	2	1	1/16		1/16	1		-3	51		719
381/2	0.25	43	43	3/8	3/8	9/8	2	1	1/16		1/16	1		-4	44		720
381/2	1.0	43	43	3/8	3/8	9/8	1	2	1/4		1/4	1		-2	58		711
763/4	0.25	43	43	7/16	7/16	9/8	2	1	1/16		1/16	1		-3	51		721
191	0.25	43	43	1/2	1/2	9/8	2	1	1/16		1/16	1		-4	44		722
765/4	0.25	43	43	9/16	9/16	9/8	2	1	1/16		1/16	1		-3	51		723
383/2	0.25	43	43	5/8	5/8	9/8	2	1	1/16		1/16	1		-4	44		724
383/2	0.5	43	43	5/8	5/8	9/8	1	2	1/8		1/8	1		-5	61		712
767/4	0.25	43	43	11/16	11/16	9/8	2	1	1/16		1/16	1		-3	51		725
192	0.25	43	43	3/4	3/4	9/8	2	1	1/16		1/16	1		-4	44		726
192	1.5	43	43	3/4	3/4	9/8	1	2	3/8		1/4	3/2		0	60		713
192	1.0	43	43	3/4	3/4	9/8	1	1	1/4		1/4	1		-3	63		707
192	1.0	43	43	3/4	3/4	9/8	1	1	1/4		1/4	1		-6	66		707
769/4	0.25	43	43	13/16	13/16	9/8	2	1	1/16		1/16	1		-3	51		727
385/2	0.25	43	43	7/8	7/8	9/8	2	1	1/16		1/16	1		-4	44		728
771/4	0.25	43	43	15/16	15/16	9/8	2	1	1/16		1/16	1		-3	51		729
193	0.25	43	43	1	1	9/8	2	1	1/16		1/16	1		-4	44		730
193	0.5	43	43	1	1	9/8	1	1	1/8		1/8	1		-3	63		708
193	0.5	43	43	1	1	9/8	1	1	1/8		1/8	1		-6	66		708
193	0.5	43	43	1	1	9/8	1	1	1/8		1/8	1		-2	70		708
773/4	0.25	43	43	17/16	17/16	9/8	2	1	1/16		1/16	1		-3	51		731
387/2	0.25	44	44	0	0	9/8	2	1	1/16		1/16	1		-4	44		740
387/2	1.0	44	44	0	0	9/8	1	2	1/4		1/4	1		-6	54		735
387/2	3.0	44	44	0	0	9/8	1	1	3/4		1/2	3/2		-5	61		732
387/2	3.0	44	44	0	0	9/8	1	1	3/4		1/2	3/2		-3	63		732
775/4	0.25	44	44	1/16	1/16	9/8	2	1	1/16		1/16	1		-3	51		741
194	0.25	44	44	1/8	1/8	9/8	2	1	1/16		1/16	1		-4	44		742
777/4	0.25	44	44	3/16	3/16	9/8	2	1	1/16		1/16	1		-3	51		743
389/2	0.25	44	44	1/4	1/4	9/8	2	1	1/16		1/16	1		-4	44		744
389/2	0.5	44	44	1/4	1/4	9/8	1	2	1/8		1/8	1		-4	56		736
779/4	0.25	44	44	5/16	5/16	9/8	2	1	1/16		1/16	1		-3	51		745
195	0.25	44	44	3/8	3/8	9/8	2	1	1/16		1/16	1		-4	44		746
195	1.0	44	44	3/8	3/8	9/8	1	2	1/4		1/4	1		-2	58		737
781/4	0.25	44	44	7/16	7/16	9/8	2	1	1/16		1/16	1		-3	51		747
391/2	0.25	44	44	1/2	1/2	9/8	2	1	1/16		1/16	1		-4	44		748
783/4	0.25	44	44	9/16	9/16	9/8	2	1	1/16		1/16	1		-3	51		749
196	0.25	44	44	5/8	5/8	9/8	2	1	1/16		1/16	1		-4	44		750
196	0.5	44	44	5/8	5/8	9/8	1	2	1/8		1/8	1		-5	61		738
785/4	0.25	44	44	11/16	11/16	9/8	2	1	1/16		1/16	1		-3	51		751
393/2	0.25	44	44	3/4	3/4	9/8	2	1	1/16		1/16	1		-4	44		752
393/2	1.5	44	44	3/4	3/4	9/8	1	2	3/8		1/4	3/2		0	60		739
393/2	1.0	44	44	3/4	3/4	9/8	1	1	1/4		1/4	1		-3	63		733
393/2	1.0	44	44	3/4	3/4	9/8	1	1	1/4		1/4	1		-6	66		733
787/4	0.25	44	44	13/16	13/16	9/8	2	1	1/16		1/16	1		-3	51		753
197	0.25	44	44	7/8	7/8	9/8	2	1	1/16		1/16	1		-4	44		754
789/4	0.25	44	44	15/16	15/16	9/8	2	1	1/16		1/16	1		-3	51		755
395/2	0.25	44	44	1	1	9/8	2	1	1/16		1/16	1		-4	44		756
395/2	0.5	44	44	1	1	9/8	1	1	1/8		1/8	1		-3	63		734
395/2	0.5	44	44	1	1	9/8	1	1	1/8		1/8	1	1	-6	66		734
395/2	0.5	44	44	1	1	9/8	1	1	1/8		1/8	1	1	-2	70		734
791/4	0.25	44	44	17/16	17/16	9/8	2	1	1/16		1/16	1		-3	51		757
198	0.25	45	45	0	0	9/8	2	1	1/16		1/16	1		-4	44		769
198	0.5	45	45	0	0	9/8	1	1	1/8		1/8	1		-5	61		758
198	0.5	45	45	0	0	9/8	1	1	1/8		1/8	1	-1	-6	66		758
198	0.5	45	45	0	0	9/8	1	1	1/8		1/8	1	-1	-2	70		758
793/4	0.25	45	45	1/16	1/16	9/8	2	1	1/16		1/16	1		-3	39		770
397/2	0.25	45	45	1/8	1/8	9/8	2	1	1/16		1/16	1		-4	44		771
397/2	0.5	45	45	1/8	1/8	9/8	1	1	1/8		1/8	1		-4	68		759
397/2	0.5	45	45	1/8	1/8	9/8	1	1	1/8		1/8	1		0	72		759
397/2	0.5	45	45	1/8	1/8	9/8	1	1	1/8		1/8	1		-1	77		759
795/4	0.25	45	45	3/16	3/16	9/8	2	1	1/16		1/16	1		-3	51		772
199	0.25	45	45	1/4	1/4	9/8	2	1	1/16		1/16	1		-4	44		773
199	0.5	45	45	1/4	1/4	9/8	1	1	1/8		1/8	1		-6	66		760
199	0.5	45	45	1/4	1/4	9/8	1	1	1/8		1/8	1		-2	70		760
199	0.5	45	45	1/4	1/4	9/8	1	1	1/8		1/8	1		-3	75		760
797/4	0.25	45	45	5/16	5/16	9/8	2	1	1/16		1/16	1		-3	51		774
399/2	0.25	45	45	3/8	3/8	9/8	2	1	1/16		1/16	1		-4	56		775
399/2	0.5	45	45	3/8	3/8	9/8	1	2	1/8		1/8	1		-5	61		763
399/2	1.5	45	45	3/8	3/8	9/8	1	1	3/8		1/4	3/2		-6	66		761
399/2	1.5	45	45	3/8	3/8	9/8	1	1	3/8		1/4	3/2		-2	70		761
799/4	0.25	45	45	7/16	7/16	9/8	2	1	1/16		1/16	1		-3	51		776
200	0.25	45	45	1/2	1/2	9/8	2	1	1/16		1/16	1		-4	56		777
200	0.5	45	45	1/2	1/2	9/8	1	2	1/8		1/8	1		-2	58		764
801/4	0.25	45	45	9/16	9/16	9/8	2	1	1/16		1/16	1		-3	63		778
401/2	0.25	45	45	5/8	5/8	9/8	2	1	1/16		1/16	1		-4	56		779
401/2	0.5	45	45	5/8	5/8	9/8	1	2	1/8		1/8	1		-5	61		765
803/4	0.25	45	45	11/16	11/16	9/8	2	1	1/16		1/16	1		-3	51		780
201	0.25	45	45	3/4	3/4	9/8	2	1	1/16		1/16	1		-4	56		781
201	0.5	45	45	3/4	3/4	9/8	1	2	1/8		1/8	1		-2	58		766
201	1.5	45	45	3/4	3/4	9/8	1	1	3/8		1/4	3/2		-6	66		762
201	1.5	45	45	3/4	3/4	9/8	1	1	3/8		1/4	3/2		-4	68		762
805/4	0.25	45	45	13/16	13/16	9/8	2	1	1/16		1/16	1		-3	51		782
403/2	0.25	45	45	7/8	7/8	9/8	2	1	1/16		1/16	1		-4	44		783
403/2	0.5	45	45	7/8	7/8	9/8	1	2	1/8		1/8	1		0	60		767
807/4	0.25	45	45	15/16	15/16	9/8	2	1	1/16		1/16	1		-3	51		784
202	0.25	45	45	1	1	9/8	2	1	1/16		1/16	1		-4	44		785
202	0.5	45	45	1	1	9/8	1	2	1/8		1/8	1		-3	63		768
809/4	0.25	45	45	17/16	17/16	9/8	2	1	1/16		1/16	1		-3	39		786
405/2	0.25	46	46	0	0	9/8	2	1	1/16		1/16	1		-4	44		798
405/2	0.5	46	46	0	0	9/8	1	1	1/8		1/8	1		-5	61		787
405/2	0.5	46	46	0	0	9/8	1	1	1/8		1/8	1		-6	66		787
405/2	0.5	46	46	0	0	9/8	1	1	1/8		1/8	1		-2	70		787
811/4	0.25	46	46	1/16	1/16	9/8	2	1	1/16		1/16	1		-3	39		799
203	0.25	46	46	1/8	1/8	9/8	2	1	1/16		1/16	1		-4	44		800
203	0.5	46	46	1/8	1/8	9/8	1	1	1/8		1/8	1		-4	68		788
203	0.5	46	46	1/8	1/8	9/8	1	1	1/8		1/8	1		0	72		788
203	0.5	46	46	1/8	1/8	9/8	1	1	1/8		1/8	1		-1	77		788
813/4	0.25	46	46	3/16	3/16	9/8	2	1	1/16		1/16	1		-3	51		801
407/2	0.25	46	46	1/4	1/4	9/8	2	1	1/16		1/16	1		-4	44		802
407/2	0.5	46	46	1/4	1/4	9/8	1	1	1/8		1/8	1		-6	66		789
407/2	0.5	46	46	1/4	1/4	9/8	1	1	1/8		1/8	1		-2	70		789
407/2	0.5	46	46	1/4	1/4	9/8	1	1	1/8		1/8	1		-3	75		789
815/4	0.25	46	46	5/16	5/16	9/8	2	1	1/16		1/16	1		-3	51		803
204	0.25	46	46	3/8	3/8	9/8	2	1	1/16		1/16	1		-4	56		804
204	0.5	46	46	3/8	3/8	9/8	1	2	1/8		1/8	1		-5	61		792
204	1.5	46	46	3/8	3/8	9/8	1	1	3/8		1/4	3/2		-6	66		790
204	1.5	46	46	3/8	3/8	9/8	1	1	3/8		1/4	3/2		-2	70		790
817/4	0.25	46	46	7/16	7/16	9/8	2	1	1/16		1/16	1		-3	51		805
409/2	0.25	46	46	1/2	1/2	9/8	2	1	1/16		1/16	1		-4	56		806
409/2	0.5	46	46	1/2	1/2	9/8	1	2	1/8		1/8	1		-2	58		793
819/4	0.25	46	46	9/16	9/16	9/8	2	1	1/16		1/16	1		-3	63		807
205	0.25	46	46	5/8	5/8	9/8	2	1	1/16		1/16	1		-4	56		808
205	0.5	46	46	5/8	5/8	9/8	1	2	1/8		1/8	1		-5	61		794
821/4	0.25	46	46	11/16	11/16	9/8	2	1	1/16		1/16	1		-3	51		809
411/2	0.25	46	46	3/4	3/4	9/8	2	1	1/16		1/16	1		-4	56		810
411/2	0.5	46	46	3/4	3/4	9/8	1	2	1/8		1/8	1		-2	58		795
411/2	1.5	46	46	3/4	3/4	9/8	1	1	3/8		1/4	3/2		-6	66		791
411/2	1.5	46	46	3/4	3/4	9/8	1	1	3/8		1/4	3/2		-4	68		791
823/4	0.25	46	46	13/16	13/16	9/8	2	1	1/16		1/16	1		-3	51		811
206	0.25	46	46	7/8	7/8	9/8	2	1	1/16		1/16	1		-4	56		812
206	0.5	46	46	7/8	7/8	9/8	1	2	1/8		1/8	1		0	60		796
825/4	0.25	46	46	15/16	15/16	9/8	2	1	1/16		1/16	1		-3	51		813
413/2	0.25	46	46	1	1	9/8	2	1	1/16		1/16	1		-4	56		814
413/2	0.5	46	46	1	1	9/8	1	2	1/8		1/8	1		-3	63		797
827/4	0.25	46	46	17/16	17/16	9/8	2	1	1/16		1/16	1		-3	51		815
207	1.0	47	47	0	0	9/8	2	2	1/4		1/4	1		-6	54		837
207	3.0	47	47	0	0	9/8	2	1	3/4		1/2	3/2		-5	61		836
207	0.25	47	47	0	0	9/8	1	2	1/16		1/16	1		-3	75		819
207	3.0	47	47	0	0	9/8	1	1	3/4		1/2	3/2		-3	75		816
829/4	0.25	47	47	1/16	1/16	9/8	1	2	1/16		1/16	1		-3	63		820
415/2	0.25	47	47	1/8	1/8	9/8	1	2	1/16		1/16	1		-6	66		821
831/4	0.25	47	47	3/16	3/16	9/8	1	2	1/16		1/16	1		-2	70		822
208	0.5	47	47	1/4	1/4	9/8	2	2	1/8		1/8	1		-4	56		838
208	0.25	47	47	1/4	1/4	9/8	1	2	1/16		1/16	1		-6	66		823
833/4	0.25	47	47	5/16	5/16	9/8	1	2	1/16		1/16	1		-3	63		824
417/2	1.0	47	47	3/8	3/8	9/8	2	2	1/4		1/4	1		-2	58		839
835/4	0.25	47	47	7/16	7/16	9/8	1	2	1/16		1/16	1		-3	63		825
209	0.25	47	47	1/2	1/2	9/8	1	2	1/16		1/16	1		-6	66		826
837/4	0.25	47	47	9/16	9/16	9/8	1	2	1/16		1/16	1		-2	70		827
419/2	0.5	47	47	5/8	5/8	9/8	2	2	1/8		1/8	1		-5	61		840
419/2	0.25	47	47	5/8	5/8	9/8	1	2	1/16		1/16	1		-6	66		828
839/4	0.25	47	47	11/16	11/16	9/8	1	2	1/16		1/16	1		-3	63		829
210	0.25	47	47	3/4	3/4	9/8	1	2	1/16		1/16	1		0	60		830
210	1.5	47	47	3/4	3/4	9/8	2	2	3/8		1/4	3/2		0	60		841
210	1.0	47	47	3/4	3/4	9/8	1	1	1/4		1/4	1		-6	78		817
841/4	0.25	47	47	13/16	13/16	9/8	1	2	1/16		1/16	1		-3	63		831
421/2	0.25	47	47	7/8	7/8	9/8	1	2	1/16		1/16	1		-6	66		832
843/4	0.25	47	47	15/16	15/16	9/8	1	2	1/16		1/16	1		-2	70		833
211	0.25	47	47	1	1	9/8	1	2	1/16		1/16	1		0	72		834
211	0.5	47	47	1	1	9/8	1	1	1/8		1/8	1		-2	82		818
845/4	0.25	47	47	17/16	17/16	9/8	1	2	1/16		1/16	1		-3	75		835
423/2	1.0	48	48	0	0	9/8	2	2	1/4		1/4	1		-6	54		863
423/2	3.0	48	48	0	0	9/8	2	1	3/4		1/2	3/2		-5	61		862
423/2	0.25	48	48	0	0	9/8	1	2	1/16		1/16	1		-3	75		845
423/2	3.0	48	48	0	0	9/8	1	1	3/4		1/2	3/2		-3	75		842
847/4	0.25	48	48	1/16	1/16	9/8	1	2	1/16		1/16	1		-3	63		846
212	0.25	48	48	1/8	1/8	9/8	1	2	1/16		1/16	1		-6	66		847
849/4	0.25	48	48	3/16	3/16	9/8	1	2	1/16		1/16	1		-2	70		848
425/2	0.5	48	48	1/4	1/4	9/8	2	2	1/8		1/8	1		-4	56		864
425/2	0.25	48	48	1/4	1/4	9/8	1	2	1/16		1/16	1		-6	66		849
851/4	0.25	48	48	5/16	5/16	9/8	1	2	1/16		1/16	1		-3	63		850
213	1.0	48	48	3/8	3/8	9/8	2	2	1/4		1/4	1		-2	58		865
853/4	0.25	48	48	7/16	7/16	9/8	1	2	1/16		1/16	1		-3	63		851
427/2	0.25	48	48	1/2	1/2	9/8	1	2	1/16		1/16	1		-6	66		852
855/4	0.25	48	48	9/16	9/16	9/8	1	2	1/16		1/16	1		-2	70		853
214	0.5	48	48	5/8	5/8	9/8	2	2	1/8		1/8	1		-5	61		866
214	0.25	48	48	5/8	5/8	9/8	1	2	1/16		1/16	1		-6	66		854
857/4	0.25	48	48	11/16	11/16	9/8	1	2	1/16		1/16	1		-3	63		855
429/2	0.25	48	48	3/4	3/4	9/8	1	2	1/16		1/16	1		0	60		856
429/2	1.5	48	48	3/4	3/4	9/8	2	2	3/8		1/4	3/2		0	60		867
429/2	1.0	48	48	3/4	3/4	9/8	1	1	1/4		1/4	1		-6	78		843
859/4	0.25	48	48	13/16	13/16	9/8	1	2	1/16		1/16	1		-3	63		857
215	0.25	48	48	7/8	7/8	9/8	1	2	1/16		1/16	1		-6	66		858
861/4	0.25	48	48	15/16	15/16	9/8	1	2	1/16		1/16	1		-2	70		859
431/2	0.25	48	48	1	1	9/8	1	2	1/16		1/16	1		0	72		860
431/2	0.5	48	48	1	1	9/8	1	1	1/8		1/8	1		-2	82		844
863/4	0.25	48	48	17/16	17/16	9/8	1	2	1/16		1/16	1		-3	75		861
216	0.25	49	49	0	0	9/8	2	1	1/16		1/16	1		-6	66		870
216	3.0	49	49	0	0	9/8	2	2	3/4		1/2	3/2	1	-6	66		888
216	3.0	49	49	0	0	9/8	1	1	3/4		1/2	3/2	1	-3	87		868
865/4	0.25	49	49	1/16	1/16	9/8	2	1	1/16		1/16	1		-2	70		871
433/2	0.25	49	49	1/8	1/8	9/8	2	1	1/16		1/16	1		-5	73		872
867/4	0.25	49	49	3/16	3/16	9/8	2	1	1/16		1/16	1		-3	75		873
217	0.25	49	49	1/4	1/4	9/8	2	1	1/16		1/16	1		-6	78		874
869/4	0.25	49	49	5/16	5/16	9/8	2	1	1/16		1/16	1		-2	82		875
435/2	0.25	49	49	3/8	3/8	9/8	2	1	1/16		1/16	1		-6	66		876
871/4	0.25	49	49	7/16	7/16	9/8	2	1	1/16		1/16	1		-2	70		877
218	0.25	49	49	1/2	1/2	9/8	2	1	1/16		1/16	1		-5	73		878
873/4	0.25	49	49	9/16	9/16	9/8	2	1	1/16		1/16	1		-3	75		879
437/2	0.25	49	49	5/8	5/8	9/8	2	1	1/16		1/16	1		-6	78		880
875/4	0.25	49	49	11/16	11/16	9/8	2	1	1/16		1/16	1		0	84		881
219	0.25	49	49	3/4	3/4	9/8	2	1	1/16		1/16	1		-6	66		882
219	1.5	49	49	3/4	3/4	9/8	2	2	3/8		1/4	3/2	-1	-6	66		889
219	1.5	49	49	3/4	3/4	9/8	1	1	3/8		1/4	3/2	0	-3	87		869
877/4	0.25	49	49	13/16	13/16	9/8	2	1	1/16		1/16	1		-2	70		883
439/2	0.25	49	49	7/8	7/8	9/8	2	1	1/16		1/16	1		-5	73		884
879/4	0.25	49	49	15/16	15/16	9/8	2	1	1/16		1/16	1		-3	75		885
220	0.25	49	49	1	1	9/8	2	1	1/16		1/16	1		-6	78		886
881/4	0.25	49	49	17/16	17/16	9/8	2	1	1/16		1/16	1		-2	82		887
441/2	0.25	50	50	0	0	9/8	2	1	1/16		1/16	1		-6	66		893
441/2	3.0	50	50	0	0	9/8	2	2	3/4		1/2	3/2		-6	66		911
441/2	1.5	50	50	0	0	9/8	1	1	3/8		1/4	3/2	-1	-3	87		890
883/4	0.25	50	50	1/16	1/16	9/8	2	1	1/16		1/16	1		3	69		894
221	0.25	50	50	1/8	1/8	9/8	2	1	1/16		1/16	1		-5	73		895
885/4	0.25	50	50	3/16	3/16	9/8	2	1	1/16		1/16	1		-3	75		896
443/2	0.25	50	50	1/4	1/4	9/8	2	1	1/16		1/16	1		-6	78		897
887/4	0.25	50	50	5/16	5/16	9/8	2	1	1/16		1/16	1		3	81		898
222	0.25	50	50	3/8	3/8	9/8	2	1	1/16		1/16	1		-6	66		899
222	1.5	50	50	3/8	3/8	9/8	1	1	3/8		1/4	3/2		-5	85		891
889/4	0.25	50	50	7/16	7/16	9/8	2	1	1/16		1/16	1		3	69		900
445/2	0.25	50	50	1/2	1/2	9/8	2	1	1/16		1/16	1		-5	73		901
891/4	0.25	50	50	9/16	9/16	9/8	2	1	1/16		1/16	1		-3	75		902
223	0.25	50	50	5/8	5/8	9/8	2	1	1/16		1/16	1		-6	78		903
893/4	0.25	50	50	11/16	11/16	9/8	2	1	1/16		1/16	1		-7	83		904
447/2	0.25	50	50	3/4	3/4	9/8	2	1	1/16		1/16	1		-6	66		905
447/2	1.5	50	50	3/4	3/4	9/8	2	2	3/8		1/4	3/2		-6	66		912
447/2	1.5	50	50	3/4	3/4	9/8	1	1	3/8		1/4	3/2		-3	87		892
895/4	0.25	50	50	13/16	13/16	9/8	2	1	1/16		1/16	1		3	69		906
224	0.25	50	50	7/8	7/8	9/8	2	1	1/16		1/16	1		-5	73		907
897/4	0.25	50	50	15/16	15/16	9/8	2	1	1/16		1/16	1		-3	75		908
449/2	0.25	50	50	1	1	9/8	2	1	1/16		1/16	1		-6	78		909
899/4	0.25	50	50	17/16	17/16	9/8	2	1	1/16		1/16	1		3	81		910
225	0.25	51	51	0	0	9/8	2	1	1/16		1/16	1		-1	65		915
225	3.0	51	51	0	0	9/8	2	2	3/4		1/2	3/2		-1	65		921
901/4	0.25	51	51	1/16	1/16	9/8	2	1	1/16		1/16	1		-4	68		916
451/2	0.25	51	51	1/8	1/8	9/8	2	1	1/16		1/16	1		0	72		917
903/4	0.25	51	51	3/16	3/16	9/8	2	1	1/16		1/16	1		-1	77		918
226	0.25	51	51	1/4	1/4	9/8	2	1	1/16		1/16	1		-4	80		919
905/4	0.25	51	51	5/16	5/16	9/8	2	1	1/16		1/16	1		0	84		920
453/2	1.5	51	51	3/8	3/8	9/8	1	1	3/8		1/4	3/2		-1	77		913
453/2	1.5	51	51	3/8	3/8	9/8	1	1	3/8		1/4	3/2		-4	80		913
228	1.5	51	51	3/4	3/4	9/8	2	2	3/8		1/4	3/2		-1	65		922
228	1.5	51	51	3/4	3/4	9/8	1	1	3/8		1/4	3/2	1	-1	77		914
459/2	0.25	52	52	0	0	9/8	2	1	1/16		1/16	1		-1	65		927
459/2	3.0	52	52	0	0	9/8	2	2	3/4		1/2	3/2		-1	65		933
459/2	0.5	52	52	0	0	9/8	1	1	1/8		1/8	1	-1	-1	77		923
919/4	0.25	52	52	1/16	1/16	9/8	2	1	1/16		1/16	1		3	69		928
230	0.25	52	52	1/8	1/8	9/8	2	1	1/16		1/16	1		0	72		929
230	0.5	52	52	1/8	1/8	9/8	1	1	1/8		1/8	1		0	72		924
230	0.5	52	52	1/8	1/8	9/8	1	1	1/8		1/8	1		-3	75		924
921/4	0.25	52	52	3/16	3/16	9/8	2	1	1/16		1/16	1		-3	75		930
461/2	0.5	52	52	1/4	1/4	9/8	1	1	1/8		1/8	1		-5	73		925
461/2	0.25	52	52	1/4	1/4	9/8	2	1	1/16		1/16	1		-1	77		931
461/2	0.5	52	52	1/4	1/4	9/8	1	1	1/8		1/8	1		-1	77		925
923/4	0.25	52	52	5/16	5/16	9/8	2	1	1/16		1/16	1		3	81		932
231	3.0	52	52	3/8	3/8	9/8	1	1	3/4		1/2	3/2	1	0	72		926
231	3.0	52	52	3/8	3/8	9/8	1	1	3/4		1/2	3/2	1	-3	75		926
465/2	1.5	52	52	3/4	3/4	9/8	2	2	3/8		1/4	3/2		-1	65		934
234	0.25	53	53	0	0	9/8	2	1	1/16		1/16	1		-1	65		942
234	3.0	53	53	0	0	9/8	2	2	3/4		1/2	3/2		-1	65		948
234	0.5	53	53	0	0	9/8	1	1	1/8		1/8	1	-1	0	72		935
234	0.5	53	53	0	0	9/8	1	1	1/8		1/8	1	-1	-3	75		935
937/4	0.25	53	53	1/16	1/16	9/8	2	1	1/16		1/16	1		-4	68		943
469/2	0.25	53	53	1/8	1/8	9/8	2	1	1/16		1/16	1		-2	70		944
469/2	0.5	53	53	1/8	1/8	9/8	1	1	1/8		1/8	1		-2	70		936
469/2	0.5	53	53	1/8	1/8	9/8	1	1	1/8		1/8	1		-5	73		936
939/4	0.25	53	53	3/16	3/16	9/8	2	1	1/16		1/16	1		-5	73		945
235	0.5	53	53	1/4	1/4	9/8	1	1	1/8		1/8	1		0	72		937
235	0.5	53	53	1/4	1/4	9/8	1	1	1/8		1/8	1		-3	75		937
235	0.25	53	53	1/4	1/4	9/8	2	1	1/16		1/16	1		-1	77		946
941/4	0.25	53	53	5/16	5/16	9/8	2	1	1/16		1/16	1		-4	80		947
471/2	0.75	53	53	3/8	3/8	9/8	1	1	3/16		1/8	3/2		-2	70		938
471/2	0.75	53	53	3/8	3/8	9/8	1	1	3/16		1/8	3/2		-5	73		938
945/4	0.75	53	53	9/16	9/16	9/8	1	1	3/16		1/8	3/2	1	-5	73		939
945/4	0.75	53	53	9/16	9/16	9/8	1	1	3/16		1/8	3/2	1	-1	77		939
237	1.5	53	53	3/4	3/4	9/8	2	2	3/8		1/4	3/2		-1	65		949
237	0.75	53	53	3/4	3/4	9/8	1	1	3/16		1/8	3/2	-1	-5	73		940
237	0.75	53	53	3/4	3/4	9/8	1	1	3/16		1/8	3/2	-1	-1	77		940
951/4	0.75	53	53	15/16	15/16	9/8	1	1	3/16		1/8	3/2	1	-2	70		941
951/4	0.75	53	53	15/16	15/16	9/8	1	1	3/16		1/8	3/2	1	-5	73		941
477/2	0.25	54	54	0	0	9/8	2	1	1/16		1/16	1		-3	63		954
477/2	3.0	54	54	0	0	9/8	2	2	3/4		1/2	3/2		-3	63		960
477/2	0.25	54	54	0	0	9/8	1	1	1/16		1/16	1	-1	-2	70		950
477/2	0.25	54	54	0	0	9/8	1	1	1/16		1/16	1	-1	-5	73		950
955/4	0.25	54	54	1/16	1/16	9/8	2	1	1/16		1/16	1		-6	66		955
239	0.25	54	54	1/8	1/8	9/8	2	1	1/16		1/16	1		-4	68		956
239	0.5	54	54	1/8	1/8	9/8	1	1	1/8		1/8	1		-4	68		951
239	0.5	54	54	1/8	1/8	9/8	1	1	1/8		1/8	1		0	72		951
957/4	0.25	54	54	3/16	3/16	9/8	2	1	1/16		1/16	1		0	72		957
479/2	0.5	54	54	1/4	1/4	9/8	1	1	1/8		1/8	1		-2	70		952
479/2	0.5	54	54	1/4	1/4	9/8	1	1	1/8		1/8	1		-5	73		952
479/2	0.25	54	54	1/4	1/4	9/8	2	1	1/16		1/16	1		-3	75		958
959/4	0.25	54	54	5/16	5/16	9/8	2	1	1/16		1/16	1		-6	78		959
240	3.0	54	54	3/8	3/8	9/8	1	1	3/4		1/2	3/2		-4	68		953
240	3.0	54	54	3/8	3/8	9/8	1	1	3/4		1/2	3/2		0	72		953
483/2	1.5	54	54	3/4	3/4	9/8	2	2	3/8		1/4	3/2		-3	63		961
243	0.25	55	55	0	0	9/8	2	1	1/16		1/16	1		-5	61		972
243	3.0	55	55	0	0	9/8	2	2	3/4		1/2	3/2		-5	61		979
973/4	0.25	55	55	1/16	1/16	9/8	2	1	1/16		1/16	1		-3	63		973
487/2	0.25	55	55	1/8	1/8	9/8	2	1	1/16		1/16	1		-6	66		974
487/2	0.5	55	55	1/8	1/8	9/8	1	1	1/8		1/8	1		-6	78		962
487/2	0.5	55	55	1/8	1/8	9/8	1	1	1/8		1/8	1		-2	82		962
975/4	0.25	55	55	3/16	3/16	9/8	2	1	1/16		1/16	1		-2	70		975
244	0.25	55	55	1/4	1/4	9/8	2	1	1/16		1/16	1		-5	73		976
244	0.5	55	55	1/4	1/4	9/8	1	1	1/8		1/8	1		-4	80		963
244	0.5	55	55	1/4	1/4	9/8	1	1	1/8		1/8	1		0	84		963
977/4	0.25	55	55	5/16	5/16	9/8	2	1	1/16		1/16	1		-3	75		977
489/2	1.5	55	55	3/8	3/8	9/8	1	2	3/8		1/4	3/2		-6	78		970
489/2	0.5	55	55	3/8	3/8	9/8	1	1	1/8		1/8	1		-2	82		964
245	0.5	55	55	1/2	1/2	9/8	1	1	1/8		1/8	1		-3	87		965
491/2	0.5	55	55	5/8	5/8	9/8	1	1	1/8		1/8	1		-2	82		966
246	1.5	55	55	3/4	3/4	9/8	2	2	3/8		1/4	3/2		0	60		980
246	1.5	55	55	3/4	3/4	9/8	2	1	3/8		1/4	3/2		-3	63		978
246	1.5	55	55	3/4	3/4	9/8	2	1	3/8		1/4	3/2		-1	65		978
246	1.5	55	55	3/4	3/4	9/8	2	1	3/8		1/4	3/2		-4	68		978
246	1.5	55	55	3/4	3/4	9/8	2	1	3/8		1/4	3/2		0	72		978
246	1.5	55	55	3/4	3/4	9/8	1	2	3/8		1/4	3/2	1	-1	77		971
246	0.5	55	55	3/4	3/4	9/8	1	1	1/8		1/8	1		-4	80		967
493/2	0.5	55	55	7/8	7/8	9/8	1	1	1/8		1/8	1		-2	82		968
247	0.5	55	55	1	1	9/8	1	1	1/8		1/8	1	1	-4	80		969
495/2	0.25	56	56	0	0	9/8	2	1	1/16		1/16	1		0	48		986
495/2	3.0	56	56	0	0	9/8	2	2	3/4		1/2	3/2		0	48		994
495/2	0.5	56	56	0	0	9/8	1	1	1/8		1/8	1	-1	-1	77		981
495/2	0.5	56	56	0	0	9/8	1	1	1/8		1/8	1	-1	-4	80		981
991/4	0.25	56	56	1/16	1/16	9/8	2	1	1/16		1/16	1		-6	54		987
248	0.25	56	56	1/8	1/8	9/8	2	1	1/16		1/16	1		-2	58		988
248	0.5	56	56	1/8	1/8	9/8	1	1	1/8		1/8	1		-3	75		982
248	0.5	56	56	1/8	1/8	9/8	1	1	1/8		1/8	1		-6	78		982
993/4	0.25	56	56	3/16	3/16	9/8	2	1	1/16		1/16	1		0	60		989
497/2	0.25	56	56	1/4	1/4	9/8	2	1	1/16		1/16	1		-3	63		990
497/2	0.5	56	56	1/4	1/4	9/8	1	1	1/8		1/8	1		-1	77		983
497/2	0.5	56	56	1/4	1/4	9/8	1	1	1/8		1/8	1		-4	80		983
995/4	0.25	56	56	5/16	5/16	9/8	2	1	1/16		1/16	1		-6	66		991
249	1.5	56	56	3/8	3/8	9/8	2	1	3/8		1/4	3/2		-2	70		992
249	1.5	56	56	3/8	3/8	9/8	1	1	3/8		1/4	3/2		-3	75		984
249	1.5	56	56	3/8	3/8	9/8	1	1	3/8		1/4	3/2		-6	78		984
501/2	1.5	56	56	3/4	3/4	9/8	2	2	3/8		1/4	3/2		-1	53		995
501/2	1.5	56	56	3/4	3/4	9/8	2	1	3/8		1/4	3/2		0	60		993
501/2	1.5	56	56	3/4	3/4	9/8	2	1	3/8		1/4	3/2		-3	63		993
501/2	1.5	56	56	3/4	3/4	9/8	1	1	3/8		1/4	3/2		3	69		985
501/2	1.5	56	56	3/4	3/4	9/8	1	1	3/8		1/4	3/2	1	-1	77		985
252	0.25	57	57	0	0	9/8	2	1	1/16		1/16	1		-4	56		1007
252	3.0	57	57	0	0	9/8	2	2	3/4		1/2	3/2		-4	56		1014
252	0.5	57	57	0	0	9/8	1	1	1/8		1/8	1	-1	-1	77		996
1009/4	0.25	57	57	1/16	1/16	9/8	2	1	1/16		1/16	1		-2	58		1008
505/2	0.25	57	57	1/8	1/8	9/8	2	1	1/16		1/16	1		-5	61		1009
505/2	0.5	57	57	1/8	1/8	9/8	1	1	1/8		1/8	1		-5	73		997
505/2	0.5	57	57	1/8	1/8	9/8	1	1	1/8		1/8	1		-1	77		997
1011/4	0.25	57	57	3/16	3/16	9/8	2	1	1/16		1/16	1		-1	65		1010
253	0.25	57	57	1/4	1/4	9/8	2	1	1/16		1/16	1		-4	68		1011
253	0.5	57	57	1/4	1/4	9/8	1	1	1/8		1/8	1		-3	75		998
253	0.5	57	57	1/4	1/4	9/8	1	1	1/8		1/8	1		-6	78		998
1013/4	0.25	57	57	5/16	5/16	9/8	2	1	1/16		1/16	1		-2	70		1012
507/2	1.5	57	57	3/8	3/8	9/8	1	2	3/8		1/4	3/2		-5	73		1005
507/2	0.5	57	57	3/8	3/8	9/8	1	1	1/8		1/8	1		-1	77		999
254	0.5	57	57	1/2	1/2	9/8	1	1	1/8		1/8	1		-2	82		1000
509/2	0.5	57	57	5/8	5/8	9/8	1	1	1/8		1/8	1		-1	77		1001
255	1.5	57	57	3/4	3/4	9/8	2	2	3/8		1/4	3/2		-6	54		1015
255	1.5	57	57	3/4	3/4	9/8	2	1	3/8		1/4	3/2		-2	58		1013
255	1.5	57	57	3/4	3/4	9/8	2	1	3/8		1/4	3/2		-5	61		1013
255	1.5	57	57	3/4	3/4	9/8	2	1	3/8		1/4	3/2		-3	63		1013
255	1.5	57	57	3/4	3/4	9/8	1	2	3/8		1/4	3/2		-5	73		1006
255	0.5	57	57	3/4	3/4	9/8	1	1	1/8		1/8	1		-3	75		1002
511/2	0.5	57	57	7/8	7/8	9/8	1	1	1/8		1/8	1		-1	77		1003
256	0.5	57	57	1	1	9/8	1	1	1/8		1/8	1	1	-3	75		1004
513/2	0.25	58	58	0	0	9/8	2	1	1/16		1/16	1		-1	53		1021
513/2	3.0	58	58	0	0	9/8	2	2	3/4		1/2	3/2		-1	53		1028
513/2	0.5	58	58	0	0	9/8	1	1	1/8		1/8	1	-1	-3	75		1016
1027/4	0.25	58	58	1/16	1/16	9/8	2	1	1/16		1/16	1		-4	56		1022
257	0.25	58	58	1/8	1/8	9/8	2	1	1/16		1/16	1		-2	58		1023
257	0.5	58	58	1/8	1/8	9/8	1	1	1/8		1/8	1		-2	70		1017
257	0.5	58	58	1/8	1/8	9/8	1	1	1/8		1/8	1		-5	73		1017
1029/4	0.25	58	58	3/16	3/16	9/8	2	1	1/16		1/16	1		-5	61		1024
515/2	0.25	58	58	1/4	1/4	9/8	2	1	1/16		1/16	1		-1	65		1025
515/2	0.5	58	58	1/4	1/4	9/8	1	1	1/8		1/8	1		0	72		1018
515/2	0.5	58	58	1/4	1/4	9/8	1	1	1/8		1/8	1		-3	75		1018
1031/4	0.25	58	58	5/16	5/16	9/8	2	1	1/16		1/16	1		-4	68		1026
258	1.5	58	58	3/8	3/8	9/8	1	1	3/8		1/4	3/2		-2	70		1019
258	1.5	58	58	3/8	3/8	9/8	1	1	3/8		1/4	3/2		-5	73		1019
519/2	0.75	58	58	3/4	3/4	9/8	2	2	3/16		1/8	3/2		-3	51		1029
519/2	1.5	58	58	3/4	3/4	9/8	2	1	3/8		1/4	3/2		-6	54		1027
519/2	1.5	58	58	3/4	3/4	9/8	2	1	3/8		1/4	3/2		0	60		1027
519/2	1.5	58	58	3/4	3/4	9/8	1	1	3/8		1/4	3/2		-4	68		1020
519/2	1.5	58	58	3/4	3/4	9/8	1	1	3/8		1/4	3/2		0	72		1020
1041/4	0.75	58	58	15/16	15/16	9/8	2	2	3/16		1/8	3/2	1	-4	44		1030
261	0.5	59	59	0	0	9/8	2	1	1/8		1/8	1		-5	37		1033
261	3.0	59	59	0	0	9/8	2	3	3/4		1/2	3/2		-5	37		1038
261	0.5	59	59	0	0	9/8	2	1	1/8		1/8	1	-1	-4	44		1033
261	3.0	59	59	0	0	9/8	2	3	3/4		1/2	3/2		-4	44		1038
523/2	0.5	59	59	1/8	1/8	9/8	2	1	1/8		1/8	1		-1	53		1034
523/2	0.5	59	59	1/8	1/8	9/8	2	1	1/8		1/8	1		-4	56		1034
262	0.5	59	59	1/4	1/4	9/8	2	1	1/8		1/8	1	1	-1	65		1035
262	0.5	59	59	1/4	1/4	9/8	2	1	1/8		1/8	1	1	-4	68		1035
525/2	3.0	59	59	3/8	3/8	9/8	2	2	3/4		1/2	3/2		-7	59		1037
525/2	3.0	59	59	3/8	3/8	9/8	2	1	3/4		1/2	3/2	-1	-1	65		1036
525/2	3.0	59	59	3/8	3/8	9/8	2	1	3/4		1/2	3/2	-1	-4	68		1036
525/2	1.5	59	59	3/8	3/8	9/8	1	1	3/8		1/4	3/2		-1	77		1031
525/2	1.5	59	59	3/8	3/8	9/8	1	1	3/8		1/4	3/2		-4	80		1031
264	1.5	59	59	3/4	3/4	9/8	1	1	3/8		1/4	3/2	1	-5	73		1032
264	1.5	59	59	3/4	3/4	9/8	1	1	3/8		1/4	3/2	1	-1	77		1032
531/2	3.0	60	60	0	0	9/8	2	2	3/4		1/2	3/2		-6	42		1047
531/2	3.0	60	60	0	0	9/8	2	2	3/4		1/2	3/2		-5	49		1047
531/2	0.5	60	60	0	0	9/8	1	1	1/8		1/8	1	-1	-5	73		1039
531/2	0.5	60	60	0	0	9/8	1	1	1/8		1/8	1	-1	-1	77		1039
266	1.0	60	60	1/8	1/8	9/8	2	1	1/4		1/4	1	1	-5	49		1045
266	1.0	60	60	1/8	1/8	9/8	2	1	1/4		1/4	1	1	-6	54		1045
266	1.0	60	60	1/8	1/8	9/8	2	1	1/4		1/4	1	1	-2	58		1045
266	1.0	60	60	1/8	1/8	9/8	2	1	1/4		1/4	1	1	-5	61		1045
266	1.0	60	60	1/8	1/8	9/8	1	2	1/4		1/4	1	1	-6	66		1043
266	1.0	60	60	1/8	1/8	9/8	1	2	1/4		1/4	1	1	-2	70		1043
266	0.5	60	60	1/8	1/8	9/8	1	1	1/8		1/8	1		-3	75		1040
533/2	0.5	60	60	1/4	1/4	9/8	1	1	1/8		1/8	1		-1	77		1041
267	3.0	60	60	3/8	3/8	9/8	2	1	3/4		1/2	3/2	-1	-5	49		1046
267	3.0	60	60	3/8	3/8	9/8	2	1	3/4		1/2	3/2	-1	-6	54		1046
267	3.0	60	60	3/8	3/8	9/8	2	1	3/4		1/2	3/2	-1	-2	58		1046
267	3.0	60	60	3/8	3/8	9/8	2	1	3/4		1/2	3/2	-1	-5	61		1046
267	3.0	60	60	3/8	3/8	9/8	1	2	3/4		1/2	3/2	-1	-6	66		1044
267	3.0	60	60	3/8	3/8	9/8	1	2	3/4		1/2	3/2	-1	-2	70		1044
267	3.0	60	60	3/8	3/8	9/8	1	1	3/4		1/2	3/2	1	-3	75		1042
270	3.0	61	61	0	0	9/8	2	3	3/4		1/2	3/2		-4	44		1059
270	0.5	61	61	0	0	9/8	1	1	1/8		1/8	1	-1	-3	75		1048
541/2	1.0	61	61	1/8	1/8	9/8	2	1	1/4		1/4	1		-1	53		1054
541/2	1.0	61	61	1/8	1/8	9/8	2	1	1/4		1/4	1		-4	56		1054
541/2	0.5	61	61	1/8	1/8	9/8	1	1	1/8		1/8	1		-5	61		1049
541/2	1.0	61	61	1/8	1/8	9/8	1	2	1/4		1/4	1		-4	68		1053
541/2	0.5	61	61	1/8	1/8	9/8	1	1	1/8		1/8	1		-5	73		1049
271	0.5	61	61	1/4	1/4	9/8	1	1	1/8		1/8	1		-3	63		1050
271	0.5	61	61	1/4	1/4	9/8	1	1	1/8		1/8	1		-3	75		1050
543/2	1.5	61	61	3/8	3/8	9/8	2	2	3/8		1/4	3/2	1	-7	59		1057
543/2	1.5	61	61	3/8	3/8	9/8	2	1	3/8		1/4	3/2		-5	61		1055
543/2	1.5	61	61	3/8	3/8	9/8	2	1	3/8		1/4	3/2		-1	65		1055
543/2	1.5	61	61	3/8	3/8	9/8	1	1	3/8		1/4	3/2		-4	68		1051
543/2	1.5	61	61	3/8	3/8	9/8	1	1	3/8		1/4	3/2		-1	77		1051
543/2	1.5	61	61	3/8	3/8	9/8	1	1	3/8		1/4	3/2		-4	80		1051
273	1.5	61	61	3/4	3/4	9/8	2	2	3/8		1/4	3/2	-1	-7	59		1058
273	1.5	61	61	3/4	3/4	9/8	2	1	3/8		1/4	3/2		-5	61		1056
273	1.5	61	61	3/4	3/4	9/8	1	1	3/8		1/4	3/2		-1	65		1052
273	1.5	61	61	3/4	3/4	9/8	1	1	3/8		1/4	3/2		-5	73		1052
273	1.5	61	61	3/4	3/4	9/8	1	1	3/8		1/4	3/2	1	-1	77		1052
549/2	3.0	62	62	0	0	9/8	2	3	3/4		1/2	3/2		-2	46		1072
549/2	0.5	62	62	0	0	9/8	1	1	1/8		1/8	1	-1	-1	77		1060
275	1.0	62	62	1/8	1/8	9/8	2	2	1/4		1/4	1	1	-1	53		1070
275	1.0	62	62	1/8	1/8	9/8	2	2	1/4		1/4	1	1	-2	58		1070
275	1.0	62	62	1/8	1/8	9/8	2	1	1/4		1/4	1	1	-3	63		1067
275	1.0	62	62	1/8	1/8	9/8	1	2	1/4		1/4	1	1	-1	65		1065
275	1.0	62	62	1/8	1/8	9/8	1	2	1/4		1/4	1	1	-2	70		1065
275	0.5	62	62	1/8	1/8	9/8	1	1	1/8		1/8	1		-3	75		1061
551/2	0.5	62	62	1/4	1/4	9/8	1	1	1/8		1/8	1		-1	77		1062
276	3.0	62	62	3/8	3/8	9/8	2	2	3/4		1/2	3/2	-1	-1	53		1071
276	3.0	62	62	3/8	3/8	9/8	2	2	3/4		1/2	3/2	-1	-2	58		1071
276	1.5	62	62	3/8	3/8	9/8	2	1	3/8		1/4	3/2	-1	-3	63		1068
276	3.0	62	62	3/8	3/8	9/8	1	2	3/4		1/2	3/2	-1	-1	65		1066
276	3.0	62	62	3/8	3/8	9/8	1	2	3/4		1/2	3/2	-1	-2	70		1066
276	1.5	62	62	3/8	3/8	9/8	1	1	3/8		1/4	3/2		-3	75		1063
555/2	1.5	62	62	3/4	3/4	9/8	2	1	3/8		1/4	3/2		-5	61		1069
555/2	1.5	62	62	3/4	3/4	9/8	1	1	3/8		1/4	3/2		-5	73		1064
279	3.0	63	63	0	0	9/8	2	1	3/4		1/2	3/2	1	-1	41		1078
559/2	1.0	63	63	1/8	1/8	9/8	1	2	1/4		1/4	1		-4	56		1077
559/2	0.5	63	63	1/8	1/8	9/8	1	1	1/8		1/8	1		-5	61		1073
280	0.5	63	63	1/4	1/4	9/8	1	1	1/8		1/8	1		-3	63		1074
561/2	1.5	63	63	3/8	3/8	9/8	1	1	3/8		1/4	3/2		-5	61		1075
561/2	1.5	63	63	3/8	3/8	9/8	1	1	3/8		1/4	3/2		-1	65		1075
561/2	1.5	63	63	3/8	3/8	9/8	1	1	3/8		1/4	3/2		-2	70		1075
282	1.5	63	63	3/4	3/4	9/8	2	1	3/8		1/4	3/2	-1	-1	41		1079
282	1.5	63	63	3/4	3/4	9/8	1	1	3/8		1/4	3/2		-4	56		1076
282	1.5	63	63	3/4	3/4	9/8	1	1	3/8		1/4	3/2		-5	61		1076
282	1.5	63	63	3/4	3/4	9/8	1	1	3/8		1/4	3/2		-1	65		1076
567/2	3.0	64	64	0	0	9/8	2	2	3/4		1/2	3/2		-3	39		1087
284	1.0	64	64	1/8	1/8	9/8	1	2	1/4		1/4	1		-2	58		1084
284	1.0	64	64	1/8	1/8	9/8	1	2	1/4		1/4	1		-5	61		1084
284	0.5	64	64	1/8	1/8	9/8	1	1	1/8		1/8	1		-6	66		1080
569/2	0.5	64	64	1/4	1/4	9/8	1	1	1/8		1/8	1		-4	68		1081
285	1.5	64	64	3/8	3/8	9/8	2	1	3/8		1/4	3/2		-3	51		1085
285	1.5	64	64	3/8	3/8	9/8	1	1	3/8		1/4	3/2		-6	66		1082
285	1.5	64	64	3/8	3/8	9/8	1	1	3/8		1/4	3/2		-2	70		1082
285	1.5	64	64	3/8	3/8	9/8	1	1	3/8		1/4	3/2		-5	73		1082
573/2	1.5	64	64	3/4	3/4	9/8	1	1	3/8		1/4	3/2		-5	61		1083
573/2	1.5	64	64	3/4	3/4	9/8	2	1	3/8		1/4	3/2		-3	63		1086
573/2	1.5	64	64	3/4	3/4	9/8	1	1	3/8		1/4	3/2		-6	66		1083
573/2	1.5	64	64	3/4	3/4	9/8	1	1	3/8		1/4	3/2		-2	70		1083
288	0.75	65	65	0	0	9/8	2	1	3/16		1/8	3/2		-4	44		1093
288	3.0	65	65	0	0	9/8	2	2	3/4		1/2	3/2		-4	44		1097
577/2	1.0	65	65	1/8	1/8	9/8	1	2	1/4		1/4	1		0	60		1092
577/2	1.0	65	65	1/8	1/8	9/8	1	2	1/4		1/4	1		-6	66		1092
577/2	0.5	65	65	1/8	1/8	9/8	1	1	1/8		1/8	1		-2	70		1088
1155/4	0.75	65	65	3/16	3/16	9/8	2	1	3/16		1/8	3/2		-3	51		1094
289	0.5	65	65	1/4	1/4	9/8	1	1	1/8		1/8	1		0	72		1089
579/2	1.5	65	65	3/8	3/8	9/8	1	1	3/8		1/4	3/2		-4	68		1090
579/2	1.5	65	65	3/8	3/8	9/8	1	1	3/8		1/4	3/2		0	72		1090
579/2	1.5	65	65	3/8	3/8	9/8	1	1	3/8		1/4	3/2		-1	77		1090
579/2	1.5	65	65	3/8	3/8	9/8	2	1	3/8		1/4	3/2		-4	80		1095
291	1.5	65	65	3/4	3/4	9/8	2	1	3/8		1/4	3/2		-4	56		1096
291	1.5	65	65	3/4	3/4	9/8	1	1	3/8		1/4	3/2		0	60		1091
291	1.5	65	65	3/4	3/4	9/8	1	1	3/8		1/4	3/2		-6	66		1091
291	1.5	65	65	3/4	3/4	9/8	1	1	3/8		1/4	3/2		-4	68		1091
585/2	0.25	66	66	0	0	9/8	2	1	1/16		1/16	1		-5	37		1098
585/2	1.5	66	66	0	0	9/8	2	2	3/8		1/4	3/2		-5	37		1116
1171/4	0.25	66	66	1/16	1/16	9/8	2	1	1/16		1/16	1		-4	44		1099
293	0.25	66	66	1/8	1/8	9/8	2	1	1/16		1/16	1		-5	49		1100
1173/4	0.25	66	66	3/16	3/16	9/8	2	1	1/16		1/16	1		-1	53		1101
587/2	0.25	66	66	1/4	1/4	9/8	2	1	1/16		1/16	1		-4	56		1102
1175/4	0.25	66	66	5/16	5/16	9/8	2	1	1/16		1/16	1		-5	61		1103
294	0.25	66	66	3/8	3/8	9/8	2	1	1/16		1/16	1		-1	41		1104
294	1.5	66	66	3/8	3/8	9/8	2	2	3/8		1/4	3/2		-1	41		1117
1177/4	0.25	66	66	7/16	7/16	9/8	2	1	1/16		1/16	1		0	48		1105
589/2	0.25	66	66	1/2	1/2	9/8	2	1	1/16		1/16	1		-1	53		1106
1179/4	0.25	66	66	9/16	9/16	9/8	2	1	1/16		1/16	1		-4	56		1107
295	0.25	66	66	5/8	5/8	9/8	2	1	1/16		1/16	1		0	60		1108
1181/4	0.25	66	66	11/16	11/16	9/8	2	1	1/16		1/16	1		-1	65		1109
591/2	0.25	66	66	3/4	3/4	9/8	2	1	1/16		1/16	1		-5	37		1110
591/2	1.5	66	66	3/4	3/4	9/8	2	2	3/8		1/4	3/2		-5	37		1118
1183/4	0.25	66	66	13/16	13/16	9/8	2	1	1/16		1/16	1		-4	44		1111
296	0.25	66	66	7/8	7/8	9/8	2	1	1/16		1/16	1		-5	49		1112
1185/4	0.25	66	66	15/16	15/16	9/8	2	1	1/16		1/16	1		-1	53		1113
593/2	0.25	66	66	1	1	9/8	2	1	1/16		1/16	1		-4	56		1114
1187/4	0.25	66	66	17/16	17/16	9/8	2	1	1/16		1/16	1		-5	61		1115
297	0.25	67	67	0	0	9/8	2	1	1/16		1/16	1		-1	41		1123
297	1.5	67	67	0	0	9/8	2	2	3/8		1/4	3/2		-1	41		1136
1189/4	0.25	67	67	1/16	1/16	9/8	2	1	1/16		1/16	1		0	48		1124
595/2	0.25	67	67	1/8	1/8	9/8	2	1	1/16		1/16	1		-1	53		1125
1191/4	0.25	67	67	3/16	3/16	9/8	2	1	1/16		1/16	1		-4	56		1126
298	0.25	67	67	1/4	1/4	9/8	2	1	1/16		1/16	1		0	60		1127
1193/4	0.25	67	67	5/16	5/16	9/8	2	1	1/16		1/16	1		-1	65		1128
597/2	0.25	67	67	3/8	3/8	9/8	2	1	1/16		1/16	1		-4	44		1129
597/2	3.0	67	67	3/8	3/8	9/8	2	2	3/4		1/2	3/2		-4	44		1137
597/2	1.5	67	67	3/8	3/8	9/8	1	2	3/8		1/4	3/2		-4	68		1121
597/2	1.5	67	67	3/8	3/8	9/8	1	1	3/8		1/4	3/2		-7	71		1119
1195/4	0.25	67	67	7/16	7/16	9/8	2	1	1/16		1/16	1		-8	52		1130
299	0.25	67	67	1/2	1/2	9/8	2	1	1/16		1/16	1		-4	56		1131
1197/4	0.25	67	67	9/16	9/16	9/8	2	1	1/16		1/16	1		-7	59		1132
599/2	0.25	67	67	5/8	5/8	9/8	2	1	1/16		1/16	1		-8	64		1133
1199/4	0.25	67	67	11/16	11/16	9/8	2	1	1/16		1/16	1		-6	66		1134
300	1.5	67	67	3/4	3/4	9/8	1	2	3/8		1/4	3/2		-8	64		1122
300	1.5	67	67	3/4	3/4	9/8	2	1	3/8		1/4	3/2		-4	68		1135
300	1.5	67	67	3/4	3/4	9/8	1	1	3/8		1/4	3/2		-5	73		1120
603/2	0.25	68	68	0	0	9/8	2	1	1/16		1/16	1		-5	49		1138
603/2	1.5	68	68	0	0	9/8	2	2	3/8		1/4	3/2		-5	49		1156
1207/4	0.25	68	68	1/16	1/16	9/8	2	1	1/16		1/16	1		-4	56		1139
302	0.25	68	68	1/8	1/8	9/8	2	1	1/16		1/16	1		-5	61		1140
1209/4	0.25	68	68	3/16	3/16	9/8	2	1	1/16		1/16	1		-1	65		1141
605/2	0.25	68	68	1/4	1/4	9/8	2	1	1/16		1/16	1		-4	68		1142
1211/4	0.25	68	68	5/16	5/16	9/8	2	1	1/16		1/16	1		-5	73		1143
303	0.25	68	68	3/8	3/8	9/8	2	1	1/16		1/16	1		-1	53		1144
303	1.5	68	68	3/8	3/8	9/8	2	2	3/8		1/4	3/2		-1	53		1157
1213/4	0.25	68	68	7/16	7/16	9/8	2	1	1/16		1/16	1		0	60		1145
607/2	0.25	68	68	1/2	1/2	9/8	2	1	1/16		1/16	1		-1	65		1146
1215/4	0.25	68	68	9/16	9/16	9/8	2	1	1/16		1/16	1		-4	68		1147
304	0.25	68	68	5/8	5/8	9/8	2	1	1/16		1/16	1		0	72		1148
1217/4	0.25	68	68	11/16	11/16	9/8	2	1	1/16		1/16	1		-1	77		1149
609/2	0.25	68	68	3/4	3/4	9/8	2	1	1/16		1/16	1		-5	49		1150
609/2	1.5	68	68	3/4	3/4	9/8	2	2	3/8		1/4	3/2		-5	49		1158
1219/4	0.25	68	68	13/16	13/16	9/8	2	1	1/16		1/16	1		-4	56		1151
305	0.25	68	68	7/8	7/8	9/8	2	1	1/16		1/16	1		-5	61		1152
1221/4	0.25	68	68	15/16	15/16	9/8	2	1	1/16		1/16	1		-1	65		1153
611/2	0.25	68	68	1	1	9/8	2	1	1/16		1/16	1		-4	68		1154
1223/4	0.25	68	68	17/16	17/16	9/8	2	1	1/16		1/16	1		-5	73		1155
306	0.25	69	69	0	0	9/8	2	1	1/16		1/16	1		-1	53		1162
306	1.5	69	69	0	0	9/8	2	2	3/8		1/4	3/2		-1	53		1175
1225/4	0.25	69	69	1/16	1/16	9/8	2	1	1/16		1/16	1		0	60		1163
613/2	0.25	69	69	1/8	1/8	9/8	2	1	1/16		1/16	1		-1	65		1164
1227/4	0.25	69	69	3/16	3/16	9/8	2	1	1/16		1/16	1		-4	68		1165
307	0.25	69	69	1/4	1/4	9/8	2	1	1/16		1/16	1		0	72		1166
1229/4	0.25	69	69	5/16	5/16	9/8	2	1	1/16		1/16	1		-1	77		1167
615/2	0.25	69	69	3/8	3/8	9/8	2	1	1/16		1/16	1		-4	56		1168
615/2	3.0	69	69	3/8	3/8	9/8	2	2	3/4		1/2	3/2		-4	56		1176
615/2	3.0	69	69	3/8	3/8	9/8	1	2	3/4		1/2	3/2		-4	80		1161
615/2	1.5	69	69	3/8	3/8	9/8	1	1	3/8		1/4	3/2		-7	83		1159
1231/4	0.25	69	69	7/16	7/16	9/8	2	1	1/16		1/16	1		-7	59		1169
308	0.25	69	69	1/2	1/2	9/8	2	1	1/16		1/16	1		-8	64		1170
1233/4	0.25	69	69	9/16	9/16	9/8	2	1	1/16		1/16	1		-4	68		1171
617/2	0.25	69	69	5/8	5/8	9/8	2	1	1/16		1/16	1		-7	71		1172
1235/4	0.25	69	69	11/16	11/16	9/8	2	1	1/16		1/16	1	1	-8	76		1173
309	1.5	69	69	3/4	3/4	9/8	2	1	3/8		1/4	3/2	-1	-8	76		1174
309	1.5	69	69	3/4	3/4	9/8	1	1	3/8		1/4	3/2		-5	85		1160
621/2	0.25	70	70	0	0	9/8	2	1	1/16		1/16	1		-4	56		1182
621/2	3.0	70	70	0	0	9/8	2	2	3/4		1/2	3/2		-4	56		1190
621/2	3.0	70	70	0	0	9/8	1	2	3/4		1/2	3/2	1	-4	80		1180
621/2	1.5	70	70	0	0	9/8	1	1	3/8		1/4	3/2		-7	83		1177
1243/4	0.25	70	70	1/16	1/16	9/8	2	1	1/16		1/16	1		-7	59		1183
311	0.25	70	70	1/8	1/8	9/8	2	1	1/16		1/16	1		-8	64		1184
1245/4	0.25	70	70	3/16	3/16	9/8	2	1	1/16		1/16	1		-4	68		1185
623/2	0.25	70	70	1/4	1/4	9/8	2	1	1/16		1/16	1		-7	71		1186
1247/4	0.25	70	70	5/16	5/16	9/8	2	1	1/16		1/16	1	1	-8	76		1187
312	1.5	70	70	3/8	3/8	9/8	2	1	3/8		1/4	3/2	-1	-8	76		1188
312	1.5	70	70	3/8	3/8	9/8	1	1	3/8		1/4	3/2		-5	85		1178
627/2	1.5	70	70	3/4	3/4	9/8	2	1	3/8		1/4	3/2		-4	44		1189
627/2	1.5	70	70	3/4	3/4	9/8	2	2	3/8		1/4	3/2		-4	44		1191
627/2	1.5	70	70	3/4	3/4	9/8	1	2	3/8		1/4	3/2	-1	-4	80		1181
627/2	1.5	70	70	3/4	3/4	9/8	1	1	3/8		1/4	3/2		-8	88		1179
315	0.25	71	71	0	0	9/8	2	1	1/16		1/16	1		-5	37		1194
315	3.0	71	71	0	0	9/8	2	2	3/4		1/2	3/2		-5	37		1206
315	3.0	71	71	0	0	9/8	1	1	3/4		1/2	3/2	1	-1	89		1192
315	3.0	71	71	0	0	9/8	1	1	3/4		1/2	3/2	1	-4	92		1192
1261/4	0.25	71	71	1/16	1/16	9/8	2	1	1/16		1/16	1		-4	44		1195
631/2	0.25	71	71	1/8	1/8	9/8	2	1	1/16		1/16	1		-5	49		1196
1263/4	0.25	71	71	3/16	3/16	9/8	2	1	1/16		1/16	1		-1	53		1197
316	0.25	71	71	1/4	1/4	9/8	2	1	1/16		1/16	1		-4	56		1198
1265/4	0.25	71	71	5/16	5/16	9/8	2	1	1/16		1/16	1		-5	61		1199
633/2	0.5	71	71	3/8	3/8	9/8	2	1	1/8		1/8	1		-1	65		1200
317	0.5	71	71	1/2	1/2	9/8	2	1	1/8		1/8	1		-4	68		1201
635/2	0.5	71	71	5/8	5/8	9/8	2	1	1/8		1/8	1		-5	73		1202
318	0.5	71	71	3/4	3/4	9/8	2	1	1/8		1/8	1		-1	77		1203
318	1.5	71	71	3/4	3/4	9/8	1	1	3/8		1/4	3/2	-1	-1	89		1193
318	1.5	71	71	3/4	3/4	9/8	1	1	3/8		1/4	3/2	-1	-4	92		1193
637/2	0.5	71	71	7/8	7/8	9/8	2	1	1/8		1/8	1		-4	80		1204
319	0.5	71	71	1	1	9/8	2	1	1/8		1/8	1		-5	85		1205
639/2	3.0	72	72	0	0	9/8	2	1	3/4		1/2	3/2		-5	61		1208
639/2	3.0	72	72	0	0	9/8	2	1	3/4		1/2	3/2		-4	68		1208
639/2	3.0	72	72	0	0	9/8	2	1	3/4		1/2	3/2		-5	73		1208
639/2	3.0	72	72	0	0	9/8	2	1	3/4		1/2	3/2		-1	77		1208
639/2	3.0	72	72	0	0	9/8	1	1	3/4		1/2	3/2		-4	80		1207
639/2	3.0	72	72	0	0	9/8	1	1	3/4		1/2	3/2		-5	85		1207
639/2	3.0	72	72	0	0	9/8	1	1	3/4		1/2	3/2		-1	89		1207
639/2	3.0	72	72	0	0	9/8	1	1	3/4		1/2	3/2		-4	92		1207
