mc	mn	mc_onset	mn_onset	timesig	staff	voice	duration	nominal_duration	scalar	tied	tpc	midi	volta	chord_id
1	1	0	0	2/2	2	1	1/4	1/4	1		-1	41		0
1	1	1/4	1/4	2/2	2	1	1/2	1/2	1		2	38		1
1	1	3/4	3/4	2/2	2	1	1/8	1/8	1		-1	41		2
1	1	7/8	7/8	2/2	2	1	1/8	1/8	1		1	43		3
2	2	0	0	2/2	2	1	1/8	1/8	1		0	36		4
2	2	1/8	1/8	2/2	2	1	1/8	1/8	1		2	38		5
2	2	1/4	1/4	2/2	2	1	1/2	1/2	1		-1	41		6
2	2	3/4	3/4	2/2	2	1	1/8	1/8	1		2	38		7
2	2	7/8	7/8	2/2	2	1	1/8	1/8	1		0	36		8
3	3	0	0	2/2	2	1	1/8	1/8	1		0	36		9
3	3	1/8	1/8	2/2	2	1	1/8	1/8	1		2	38		10
3	3	1/4	1/4	2/2	2	1	1/4	1/4	1		2	38		11
3	3	1/2	1/2	2/2	2	1	1/4	1/4	1		0	36		12
3	3	3/4	3/4	2/2	2	1	1/4	1/4	1		-1	41		13
4	4	0	0	2/2	2	1	1	1	1	1	2	38		16
4	4	1/4	1/4	2/2	1	1	1/8	1/8	1		-1	53		14
4	4	1/4	1/4	2/2	1	1	1/8	1/8	1		1	55		14
4	4	3/8	3/8	2/2	1	1	1/8	1/8	1		-1	53		15
4	4	3/8	3/8	2/2	1	1	1/8	1/8	1		1	55		15
5	5	0	0	2/2	2	1	3/4	1/2	3/2	-1	2	38		18
5	5	1/2	1/2	2/2	1	1	1/4	1/4	1		-1	41		17
5	5	1/2	1/2	2/2	1	1	1/4	1/4	1		1	43		17
5	5	3/4	3/4	2/2	2	1	1/8	1/8	1		0	36		19
5	5	7/8	7/8	2/2	2	1	1/8	1/8	1		3	33		20
6	6	0	0	2/2	2	1	1/8	1/8	1		1	31		21
6	6	1/8	1/8	2/2	2	1	1/8	1/8	1		-1	29		22
6	6	1/4	1/4	2/2	2	1	1/2	1/2	1		1	31		23
6	6	3/4	3/4	2/2	2	1	1/8	1/8	1		3	33		24
6	6	7/8	7/8	2/2	2	1	1/8	1/8	1		0	36		25
7	7	0	0	2/2	2	1	1/4	1/4	1		1	31		26
7	7	1/4	1/4	2/2	2	1	1/4	1/4	1		2	38		27
7	7	1/2	1/2	2/2	2	1	1/4	1/4	1		0	36		28
7	7	3/4	3/4	2/2	2	1	1/4	1/4	1		3	33		29
8	8	0	0	2/2	2	1	1/8	1/8	1		1	31		30
8	8	1/8	1/8	2/2	2	1	1/8	1/8	1		-1	29		31
8	8	1/4	1/4	2/2	2	1	1/4	1/4	1		1	31		32
8	8	1/2	1/2	2/2	2	1	1/4	1/4	1		3	33		33
8	8	3/4	3/4	2/2	2	1	1/4	1/4	1		0	36		34
9	9	0	0	2/2	2	2	1	1	1	1	1	31		42
9	9	0	0	2/2	1	2	1	1	1	1	-2	82		38
9	9	1/2	1/2	2/2	2	1	1/8	1/8	1		-1	53		39
9	9	1/2	1/2	2/2	2	1	1/8	1/8	1		1	55		39
9	9	1/2	1/2	2/2	1	1	1/8	1/8	1		3	69		35
9	9	1/2	1/2	2/2	1	1	1/8	1/8	1		-2	70		35
9	9	5/8	5/8	2/2	2	1	1/8	1/8	1	1	-1	53		40
9	9	5/8	5/8	2/2	2	1	1/8	1/8	1	1	1	55		40
9	9	5/8	5/8	2/2	1	1	1/8	1/8	1	1	3	69		36
9	9	5/8	5/8	2/2	1	1	1/8	1/8	1	1	-2	70		36
9	9	3/4	3/4	2/2	2	1	1/4	1/4	1	0	-1	53		41
9	9	3/4	3/4	2/2	2	1	1/4	1/4	1	0	1	55		41
9	9	3/4	3/4	2/2	1	1	1/4	1/4	1	0	3	69		37
9	9	3/4	3/4	2/2	1	1	1/4	1/4	1	0	-2	70		37
10	10	0	0	2/2	2	2	1	1	1	-1	1	31		48
10	10	0	0	2/2	2	1	1/4	1/4	1	-1	-1	53		46
10	10	0	0	2/2	2	1	1/4	1/4	1	-1	1	55		46
10	10	0	0	2/2	1	1	1/4	1/4	1	-1	3	69		43
10	10	0	0	2/2	1	1	1/4	1/4	1	-1	-2	70		43
10	10	0	0	2/2	1	2	1	1	1	-1	-2	82		45
10	10	1/4	1/4	2/2	2	1	3/4	1/2	3/2	1	-1	53		47
10	10	1/4	1/4	2/2	2	1	3/4	1/2	3/2	1	1	55		47
10	10	1/4	1/4	2/2	1	1	3/4	1/2	3/2	1	3	69		44
10	10	1/4	1/4	2/2	1	1	3/4	1/2	3/2	1	-2	70		44
11	11	-3/4	-3/4	2/2	2	1	3/4	1/2	3/2	0	-1	53		52
11	11	-3/4	-3/4	2/2	2	1	3/4	1/2	3/2	0	1	55		52
11	11	0	0	2/2	2	1	1/4	1/4	1	-1	-1	53		53
11	11	0	0	2/2	2	1	1/4	1/4	1	-1	1	55		53
11	11	0	0	2/2	1	2	1	1	1		1	67		51
11	11	0	0	2/2	1	1	1/4	1/4	1	-1	3	69		49
11	11	0	0	2/2	1	1	1/4	1/4	1	-1	-2	70		49
11	11	1/4	1/4	2/2	1	1	3/4	1/2	3/2	1	3	69		50
11	11	1/4	1/4	2/2	1	1	3/4	1/2	3/2	1	-2	70		50
12	12	-7/4	-7/4	2/2	2	1	3/4	1/2	3/2	1	-1	53		57
12	12	-7/4	-7/4	2/2	2	1	3/4	1/2	3/2	1	1	55		57
12	12	0	0	2/2	2	1	1/4	1/4	1	-1	-1	53		58
12	12	0	0	2/2	2	1	1/4	1/4	1	-1	1	55		58
12	12	0	0	2/2	1	2	1	1	1		-8	64		56
12	12	0	0	2/2	1	1	1/4	1/4	1	-1	3	69		54
12	12	0	0	2/2	1	1	1/4	1/4	1	-1	-2	70		54
12	12	1/4	1/4	2/2	1	1	3/4	1/2	3/2	1	3	69		55
12	12	1/4	1/4	2/2	1	1	3/4	1/2	3/2	1	-2	70		55
13	13	-11/4	-11/4	2/2	2	1	3/4	1/2	3/2	1	-1	53		63
13	13	-11/4	-11/4	2/2	2	1	3/4	1/2	3/2	1	1	55		63
13	13	0	0	2/2	2	1	1/4	1/4	1	-1	-1	53		64
13	13	0	0	2/2	2	1	1/4	1/4	1	-1	1	55		64
13	13	0	0	2/2	1	2	1/2	1/2	1		1	67		61
13	13	0	0	2/2	1	1	1/4	1/4	1	-1	3	69		59
13	13	0	0	2/2	1	1	1/4	1/4	1	-1	-2	70		59
13	13	1/4	1/4	2/2	1	1	3/4	1/2	3/2	1	3	69		60
13	13	1/4	1/4	2/2	1	1	3/4	1/2	3/2	1	-2	70		60
13	13	1/2	1/2	2/2	1	2	1/2	1/2	1		1	67		62
14	14	-15/4	-15/4	2/2	2	1	3/4	1/2	3/2		-1	53		68
14	14	-15/4	-15/4	2/2	2	1	3/4	1/2	3/2		1	55		68
14	14	0	0	2/2	2	1	1/4	1/4	1		-1	53		69
14	14	0	0	2/2	2	1	1/4	1/4	1		1	55		69
14	14	0	0	2/2	1	2	1	1	1		-8	64		67
14	14	0	0	2/2	1	1	1/4	1/4	1	-1	3	69		65
14	14	0	0	2/2	1	1	1/4	1/4	1	-1	-2	70		65
14	14	1/4	1/4	2/2	1	1	3/4	1/2	3/2		3	69		66
14	14	1/4	1/4	2/2	1	1	3/4	1/2	3/2		-2	70		66
15	15	0	0	2/2	2	1	1	1	1		-3	39		72
15	15	1/2	1/2	2/2	1	1	1/8	1/8	1		-1	41		70
15	15	1/2	1/2	2/2	1	1	1/8	1/8	1		1	43		70
15	15	5/8	5/8	2/2	1	1	1/8	1/8	1		-1	41		71
15	15	5/8	5/8	2/2	1	1	1/8	1/8	1		1	43		71
16	16	0	0	2/2	2	1	1	1	1	1	-5	37		74
16	16	1/2	1/2	2/2	1	1	1/4	1/4	1		-1	41		73
16	16	1/2	1/2	2/2	1	1	1/4	1/4	1		1	43		73
17	17	0	0	2/2	2	1	1/2	1/2	1	-1	-5	37		75
17	17	1/2	1/2	2/2	2	1	1/2	1/2	1		-2	34		76
18	18	0	0	2/2	2	1	1/2	1/2	1		-6	30		78
18	18	1/2	1/2	2/2	2	1	1/4	1/4	1		-1	29		79
18	18	1/2	1/2	2/2	2	1	1/4	1/4	1		1	31		79
18	18	1/2	1/2	2/2	1	1	1/4	1/4	1		-1	41		77
18	18	1/2	1/2	2/2	1	1	1/4	1/4	1		1	43		77
19	19	0	0	2/2	2	1	1/4	1/4	1		-1	53		84
19	19	0	0	2/2	2	1	1/4	1/4	1		1	55		84
19	19	0	0	2/2	1	1	1/4	1/4	1		-1	65		80
19	19	0	0	2/2	1	1	1/4	1/4	1		1	67		80
19	19	1/4	1/4	2/2	2	1	1/4	1/4	1		0	48		85
19	19	1/4	1/4	2/2	2	1	1/4	1/4	1		2	50		85
19	19	1/4	1/4	2/2	1	1	1/4	1/4	1		0	60		81
19	19	1/4	1/4	2/2	1	1	1/4	1/4	1		2	62		81
19	19	1/2	1/2	2/2	2	1	1/4	1/4	1		-1	41		86
19	19	1/2	1/2	2/2	1	1	1/4	1/4	1		-1	65		82
19	19	1/2	1/2	2/2	1	1	1/4	1/4	1		1	67		82
19	19	3/4	3/4	2/2	2	1	1/4	1/4	1		-2	34		87
19	19	3/4	3/4	2/2	1	1	1/4	1/4	1		0	60		83
19	19	3/4	3/4	2/2	1	1	1/4	1/4	1		2	62		83
20	20	0	0	2/2	2	1	1/4	1/4	1		-1	53		92
20	20	0	0	2/2	2	1	1/4	1/4	1		1	55		92
20	20	0	0	2/2	1	1	1/4	1/4	1		-1	65		88
20	20	0	0	2/2	1	1	1/4	1/4	1		1	67		88
20	20	1/4	1/4	2/2	2	1	1/4	1/4	1		0	48		93
20	20	1/4	1/4	2/2	2	1	1/4	1/4	1		2	50		93
20	20	1/4	1/4	2/2	1	1	1/4	1/4	1		0	60		89
20	20	1/4	1/4	2/2	1	1	1/4	1/4	1		2	62		89
20	20	1/2	1/2	2/2	2	1	1/4	1/4	1		-1	41		94
20	20	1/2	1/2	2/2	1	1	1/4	1/4	1		-1	65		90
20	20	1/2	1/2	2/2	1	1	1/4	1/4	1		1	67		90
20	20	3/4	3/4	2/2	2	1	1/4	1/4	1		-2	34		95
20	20	3/4	3/4	2/2	1	1	1/4	1/4	1		0	60		91
20	20	3/4	3/4	2/2	1	1	1/4	1/4	1		2	62		91
21	21	0	0	2/2	2	1	1/4	1/4	1		-1	53		100
21	21	0	0	2/2	2	1	1/4	1/4	1		1	55		100
21	21	0	0	2/2	1	1	1/4	1/4	1		-1	65		96
21	21	1/4	1/4	2/2	2	1	1/4	1/4	1		0	48		101
21	21	1/4	1/4	2/2	2	1	1/4	1/4	1		2	50		101
21	21	1/4	1/4	2/2	1	1	1/2	1/2	1		2	62		97
21	21	1/2	1/2	2/2	2	1	1/4	1/4	1		-1	41		102
21	21	3/4	3/4	2/2	2	1	1/4	1/4	1		-2	34		103
21	21	3/4	3/4	2/2	1	1	1/8	1/8	1		-1	65		98
21	21	7/8	7/8	2/2	1	1	1/8	1/8	1		1	67		99
22	22	0	0	2/2	2	1	1/4	1/4	1		-1	53		109
22	22	0	0	2/2	2	1	1/4	1/4	1		1	55		109
22	22	0	0	2/2	1	1	1/8	1/8	1		0	60		104
22	22	1/8	1/8	2/2	1	1	1/8	1/8	1		2	62		105
22	22	1/4	1/4	2/2	2	1	1/4	1/4	1		0	48		110
22	22	1/4	1/4	2/2	2	1	1/4	1/4	1		2	50		110
22	22	1/4	1/4	2/2	1	1	1/2	1/2	1		-1	65		106
22	22	1/2	1/2	2/2	2	1	1/4	1/4	1		-1	41		111
22	22	3/4	3/4	2/2	2	1	1/4	1/4	1		-2	34		112
22	22	3/4	3/4	2/2	1	1	1/8	1/8	1		2	62		107
22	22	7/8	7/8	2/2	1	1	1/8	1/8	1		0	60		108
23	23	0	0	2/2	2	1	1/4	1/4	1		-1	53		118
23	23	0	0	2/2	2	1	1/4	1/4	1		1	55		118
23	23	0	0	2/2	1	1	1/8	1/8	1		0	60		113
23	23	1/8	1/8	2/2	1	1	1/8	1/8	1		2	62		114
23	23	1/4	1/4	2/2	2	1	1/4	1/4	1		0	48		119
23	23	1/4	1/4	2/2	2	1	1/4	1/4	1		2	50		119
23	23	1/4	1/4	2/2	1	1	1/4	1/4	1		2	62		115
23	23	1/2	1/2	2/2	2	1	1/4	1/4	1		-1	41		120
23	23	1/2	1/2	2/2	1	1	1/4	1/4	1		0	60		116
23	23	3/4	3/4	2/2	2	1	1/4	1/4	1		-2	34		121
23	23	3/4	3/4	2/2	1	1	1/4	1/4	1		-1	65		117
24	24	0	0	2/2	2	1	1/4	1/4	1		-1	53		125
24	24	0	0	2/2	2	1	1/4	1/4	1		1	55		125
24	24	0	0	2/2	1	2	1	1	1		2	62		124
24	24	1/4	1/4	2/2	2	1	1/4	1/4	1		0	48		126
24	24	1/4	1/4	2/2	2	1	1/4	1/4	1		2	50		126
24	24	1/2	1/2	2/2	2	1	1/4	1/4	1		-1	41		127
24	24	3/4	3/4	2/2	2	1	1/4	1/4	1		-2	34		128
24	24	3/4	3/4	2/2	1	1	1/8	1/8	1		0	72		122
24	24	7/8	7/8	2/2	1	1	1/8	1/8	1		3	69		123
25	25	0	0	2/2	2	1	1/4	1/4	1		-1	53		135
25	25	0	0	2/2	2	1	1/4	1/4	1		1	55		135
25	25	0	0	2/2	1	2	1	1	1		0	60		134
25	25	0	0	2/2	1	2	1	1	1		2	62		134
25	25	0	0	2/2	1	1	1/8	1/8	1		1	67		129
25	25	1/8	1/8	2/2	1	1	1/8	1/8	1		-1	65		130
25	25	1/4	1/4	2/2	2	1	1/4	1/4	1		0	48		136
25	25	1/4	1/4	2/2	2	1	1/4	1/4	1		2	50		136
25	25	1/4	1/4	2/2	1	1	1/2	1/2	1		1	67		131
25	25	1/2	1/2	2/2	2	1	1/4	1/4	1		-1	41		137
25	25	3/4	3/4	2/2	2	1	1/4	1/4	1		-2	34		138
25	25	3/4	3/4	2/2	1	1	1/8	1/8	1		3	69		132
25	25	7/8	7/8	2/2	1	1	1/8	1/8	1		0	72		133
26	26	0	0	2/2	2	1	1/4	1/4	1		-1	53		144
26	26	0	0	2/2	2	1	1/4	1/4	1		1	55		144
26	26	0	0	2/2	1	2	1	1	1		0	60		143
26	26	0	0	2/2	1	2	1	1	1		2	62		143
26	26	0	0	2/2	1	1	1/4	1/4	1		1	67		139
26	26	1/4	1/4	2/2	2	1	1/4	1/4	1		0	48		145
26	26	1/4	1/4	2/2	2	1	1/4	1/4	1		2	50		145
26	26	1/4	1/4	2/2	1	1	1/4	1/4	1		2	74		140
26	26	1/2	1/2	2/2	2	1	1/4	1/4	1		-1	41		146
26	26	1/2	1/2	2/2	1	1	1/4	1/4	1		0	72		141
26	26	3/4	3/4	2/2	2	1	1/4	1/4	1		-2	34		147
26	26	3/4	3/4	2/2	1	1	1/4	1/4	1		3	69		142
27	27	0	0	2/2	2	1	1/4	1/4	1		-1	53		154
27	27	0	0	2/2	2	1	1/4	1/4	1		1	55		154
27	27	0	0	2/2	1	2	1	1	1		0	60		153
27	27	0	0	2/2	1	2	1	1	1		2	62		153
27	27	0	0	2/2	1	1	1/8	1/8	1		1	67		148
27	27	1/8	1/8	2/2	1	1	1/8	1/8	1		-1	65		149
27	27	1/4	1/4	2/2	2	1	1/4	1/4	1		0	48		155
27	27	1/4	1/4	2/2	2	1	1/4	1/4	1		2	50		155
27	27	1/4	1/4	2/2	1	1	1/4	1/4	1		1	67		150
27	27	1/2	1/2	2/2	2	1	1/4	1/4	1		-1	41		156
27	27	1/2	1/2	2/2	1	1	1/4	1/4	1		3	69		151
27	27	3/4	3/4	2/2	2	1	1/4	1/4	1		-2	34		157
27	27	3/4	3/4	2/2	1	1	1/4	1/4	1		0	72		152
28	28	0	0	2/2	2	1	1/4	1/4	1		-1	53		160
28	28	0	0	2/2	2	1	1/4	1/4	1		1	55		160
28	28	0	0	2/2	1	2	1	1	1		0	60		159
28	28	0	0	2/2	1	2	1	1	1		2	62		159
28	28	0	0	2/2	1	1	1	1	1		1	67		158
28	28	1/4	1/4	2/2	2	1	1/4	1/4	1		0	48		161
28	28	1/4	1/4	2/2	2	1	1/4	1/4	1		2	50		161
28	28	1/2	1/2	2/2	2	1	1/4	1/4	1		-1	41		162
28	28	3/4	3/4	2/2	2	1	1/4	1/4	1		-2	34		163
29	29	0	0	2/2	2	2	1	1	1		-4	32		169
29	29	1/4	1/4	2/2	1	1	1/8	1/8	1		-4	44		164
29	29	1/4	1/4	2/2	1	1	1/8	1/8	1		-2	46		164
29	29	3/8	3/8	2/2	1	1	1/8	1/8	1	1	-4	44		165
29	29	3/8	3/8	2/2	1	1	1/8	1/8	1	1	-2	46		165
29	29	1/2	1/2	2/2	2	1	1/4	1/4	1		1	43		168
29	29	1/2	1/2	2/2	1	1	1/4	1/4	1	-1	-4	44		166
29	29	1/2	1/2	2/2	1	1	1/4	1/4	1	-1	-2	46		166
29	29	3/4	3/4	2/2	1	1	1/8	1/8	1		-4	44		167
29	29	3/4	3/4	2/2	1	1	1/8	1/8	1		-2	46		167
30	30	0	0	2/2	2	2	1	1	1		-4	32		176
30	30	1/4	1/4	2/2	2	1	1/8	1/8	1		-1	41		172
30	30	3/8	3/8	2/2	2	1	1/8	1/8	1		-1	41		173
30	30	1/2	1/2	2/2	2	1	1/4	1/4	1		-3	39		174
30	30	5/8	5/8	2/2	1	1	1/4	1/4	1		-4	44		170
30	30	5/8	5/8	2/2	1	1	1/4	1/4	1		-2	46		170
30	30	3/4	3/4	2/2	2	1	1/8	1/8	1		0	48		175
30	30	7/8	7/8	2/2	1	1	1/8	1/8	1		-4	56		171
30	30	7/8	7/8	2/2	1	1	1/8	1/8	1		-2	58		171
31	31	0	0	2/2	2	2	1	1	1	1	-4	32		182
31	31	1/4	1/4	2/2	1	1	1/8	1/8	1		-4	44		177
31	31	1/4	1/4	2/2	1	1	1/8	1/8	1		-2	46		177
31	31	3/8	3/8	2/2	1	1	1/8	1/8	1	1	-4	44		178
31	31	3/8	3/8	2/2	1	1	1/8	1/8	1	1	-2	46		178
31	31	1/2	1/2	2/2	2	1	1/4	1/4	1		1	43		181
31	31	1/2	1/2	2/2	1	1	1/4	1/4	1	-1	-4	44		179
31	31	1/2	1/2	2/2	1	1	1/4	1/4	1	-1	-2	46		179
31	31	3/4	3/4	2/2	1	1	1/8	1/8	1		-4	44		180
31	31	3/4	3/4	2/2	1	1	1/8	1/8	1		-2	46		180
32	32	0	0	2/2	2	2	3/4	1/2	3/2	-1	-4	32		187
32	32	0	0	2/2	2	1	1/4	1/4	1		-1	41		185
32	32	1/4	1/4	2/2	1	1	1/8	1/8	1		-2	46		183
32	32	1/4	1/4	2/2	1	1	1/8	1/8	1		0	48		183
32	32	1/2	1/2	2/2	1	1	1/8	1/8	1		-2	58		184
32	32	1/2	1/2	2/2	1	1	1/8	1/8	1		0	60		184
32	32	3/4	3/4	2/2	2	1	1/4	1/4	1		-4	32		186
32	32	3/4	3/4	2/2	2	2	1/4	1/4	1		3	33		188
33	33	0	0	2/2	2	1	1/4	1/4	1		-4	44		193
33	33	1/4	1/4	2/2	2	1	1/4	1/4	1		-2	46		194
33	33	1/4	1/4	2/2	1	1	1/8	1/8	1		-2	58		189
33	33	1/4	1/4	2/2	1	1	1/8	1/8	1		-5	61		189
33	33	1/4	1/4	2/2	1	1	1/8	1/8	1		-6	66		189
33	33	3/8	3/8	2/2	1	1	1/8	1/8	1		-2	58		190
33	33	3/8	3/8	2/2	1	1	1/8	1/8	1		-5	61		190
33	33	3/8	3/8	2/2	1	1	1/8	1/8	1		-6	66		190
33	33	1/2	1/2	2/2	2	1	1/4	1/4	1		-4	44		195
33	33	1/2	1/2	2/2	1	1	1/4	1/4	1		-4	56		191
33	33	1/2	1/2	2/2	1	1	1/4	1/4	1		0	60		191
33	33	1/2	1/2	2/2	1	1	1/4	1/4	1		-1	65		191
33	33	3/4	3/4	2/2	2	1	1/4	1/4	1		-4	32		196
33	33	3/4	3/4	2/2	1	1	1/4	1/4	1		-4	56		192
33	33	3/4	3/4	2/2	1	1	1/4	1/4	1		0	60		192
33	33	3/4	3/4	2/2	1	1	1/4	1/4	1		-1	65		192
34	34	0	0	2/2	2	1	1/4	1/4	1		-4	44		201
34	34	1/4	1/4	2/2	2	1	1/4	1/4	1		-2	46		202
34	34	1/4	1/4	2/2	1	1	1/8	1/8	1		-6	54		197
34	34	1/4	1/4	2/2	1	1	1/8	1/8	1		-2	58		197
34	34	1/4	1/4	2/2	1	1	1/8	1/8	1		-3	63		197
34	34	3/8	3/8	2/2	1	1	1/8	1/8	1		-6	54		198
34	34	3/8	3/8	2/2	1	1	1/8	1/8	1		-2	58		198
34	34	3/8	3/8	2/2	1	1	1/8	1/8	1		-3	63		198
34	34	1/2	1/2	2/2	2	1	1/4	1/4	1		-4	44		203
34	34	1/2	1/2	2/2	1	1	1/4	1/4	1		-1	53		199
34	34	1/2	1/2	2/2	1	1	1/4	1/4	1		-4	56		199
34	34	1/2	1/2	2/2	1	1	1/4	1/4	1		-5	61		199
34	34	3/4	3/4	2/2	2	1	1/4	1/4	1		-4	32		204
34	34	3/4	3/4	2/2	1	1	1/4	1/4	1		-7	59		200
34	34	3/4	3/4	2/2	1	1	1/4	1/4	1		2	62		200
34	34	3/4	3/4	2/2	1	1	1/4	1/4	1		-1	65		200
34	34	3/4	3/4	2/2	1	1	1/4	1/4	1		-2	70		200
35	35	0	0	2/2	2	1	1/4	1/4	1		-4	44		211
35	35	1/4	1/4	2/2	2	1	1/4	1/4	1		-2	46		212
35	35	1/4	1/4	2/2	1	1	1/8	1/8	1		-2	58		205
35	35	1/4	1/4	2/2	1	1	1/8	1/8	1		-5	61		205
35	35	1/4	1/4	2/2	1	1	1/8	1/8	1		-6	66		205
35	35	3/8	3/8	2/2	1	1	1/8	1/8	1		-2	58		206
35	35	3/8	3/8	2/2	1	1	1/8	1/8	1		-5	61		206
35	35	3/8	3/8	2/2	1	1	1/8	1/8	1		-6	66		206
35	35	1/2	1/2	2/2	2	1	1/4	1/4	1		-4	44		213
35	35	1/2	1/2	2/2	1	1	1/8	1/8	1		-4	56		207
35	35	1/2	1/2	2/2	1	1	1/8	1/8	1		0	60		207
35	35	1/2	1/2	2/2	1	1	1/8	1/8	1		-1	65		207
35	35	5/8	5/8	2/2	1	1	1/8	1/8	1		-4	56		208
35	35	5/8	5/8	2/2	1	1	1/8	1/8	1		0	60		208
35	35	5/8	5/8	2/2	1	1	1/8	1/8	1		-1	65		208
35	35	3/4	3/4	2/2	2	1	1/4	1/4	1		-4	32		214
35	35	3/4	3/4	2/2	1	1	1/8	1/8	1		-4	56		209
35	35	3/4	3/4	2/2	1	1	1/8	1/8	1		0	60		209
35	35	3/4	3/4	2/2	1	1	1/8	1/8	1		-1	65		209
35	35	7/8	7/8	2/2	1	1	1/8	1/8	1		-4	56		210
35	35	7/8	7/8	2/2	1	1	1/8	1/8	1		0	60		210
35	35	7/8	7/8	2/2	1	1	1/8	1/8	1		-1	65		210
36	36	0	0	2/2	2	1	1/4	1/4	1		-4	44		219
36	36	1/4	1/4	2/2	2	1	1/4	1/4	1		-2	46		220
36	36	1/4	1/4	2/2	1	1	1/8	1/8	1		-6	54		215
36	36	1/4	1/4	2/2	1	1	1/8	1/8	1		-2	58		215
36	36	1/4	1/4	2/2	1	1	1/8	1/8	1		-3	63		215
36	36	3/8	3/8	2/2	1	1	1/8	1/8	1		-6	54		216
36	36	3/8	3/8	2/2	1	1	1/8	1/8	1		-2	58		216
36	36	3/8	3/8	2/2	1	1	1/8	1/8	1		-3	63		216
36	36	1/2	1/2	2/2	2	1	1/4	1/4	1		-4	44		221
36	36	1/2	1/2	2/2	1	1	1/4	1/4	1		-6	54		217
36	36	1/2	1/2	2/2	1	1	1/4	1/4	1		-2	58		217
36	36	1/2	1/2	2/2	1	1	1/4	1/4	1		-5	61		217
36	36	3/4	3/4	2/2	2	1	1/4	1/4	1		-4	32		222
36	36	3/4	3/4	2/2	1	1	1/4	1/4	1		-1	53		218
36	36	3/4	3/4	2/2	1	1	1/4	1/4	1		-4	56		218
36	36	3/4	3/4	2/2	1	1	1/4	1/4	1		-3	63		218
37	37	0	0	2/2	2	1	1/4	1/4	1		-4	44		224
37	37	0	0	2/2	1	1	1	1	1	1	4	52		223
37	37	0	0	2/2	1	1	1	1	1	1	1	55		223
37	37	0	0	2/2	1	1	1	1	1	1	-2	58		223
37	37	1/4	1/4	2/2	2	1	1/4	1/4	1		-2	46		225
37	37	1/2	1/2	2/2	2	1	1/4	1/4	1		-4	44		226
37	37	3/4	3/4	2/2	2	1	1/4	1/4	1		-4	32		227
38	38	0	0	2/2	2	1	1/4	1/4	1		-4	44		229
38	38	0	0	2/2	1	1	1/4	1/4	1	-1	4	52		228
38	38	0	0	2/2	1	1	1/4	1/4	1	-1	1	55		228
38	38	0	0	2/2	1	1	1/4	1/4	1	-1	-2	58		228
38	38	1/4	1/4	2/2	2	1	1/4	1/4	1		-2	46		230
38	38	1/2	1/2	2/2	2	1	1/4	1/4	1		-4	44		231
38	38	3/4	3/4	2/2	2	1	1/4	1/4	1		-2	34		232
39	39	0	0	2/2	2	1	1/8	1/8	1		3	33		236
39	39	0	0	2/2	1	1	1/2	1/2	1		-3	51		233
39	39	0	0	2/2	1	2	1	1	1		1	55		235
39	39	1/8	1/8	2/2	2	1	1/8	1/8	1		3	45		237
39	39	1/4	1/4	2/2	2	1	1/8	1/8	1		5	35		238
39	39	3/8	3/8	2/2	2	1	1/8	1/8	1		5	47		239
39	39	1/2	1/2	2/2	2	1	1/8	1/8	1		3	33		240
39	39	1/2	1/2	2/2	1	1	1/2	1/2	1		-5	49		234
39	39	5/8	5/8	2/2	2	1	1/8	1/8	1		3	45		241
39	39	3/4	3/4	2/2	2	1	1/8	1/8	1		5	35		242
39	39	7/8	7/8	2/2	2	1	1/8	1/8	1		5	47		243
40	40	0	0	2/2	2	1	1/8	1/8	1		3	33		248
40	40	0	0	2/2	1	1	1/4	1/4	1		-3	51		244
40	40	0	0	2/2	1	2	1	1	1		1	55		247
40	40	1/8	1/8	2/2	2	1	1/8	1/8	1		3	45		249
40	40	1/4	1/4	2/2	2	1	1/8	1/8	1		5	35		250
40	40	1/4	1/4	2/2	1	1	1/4	1/4	1		-3	51		245
40	40	3/8	3/8	2/2	2	1	1/8	1/8	1		5	47		251
40	40	1/2	1/2	2/2	2	1	1/8	1/8	1		3	33		252
40	40	1/2	1/2	2/2	1	1	1/2	1/2	1		-5	49		246
40	40	5/8	5/8	2/2	2	1	1/8	1/8	1		3	45		253
40	40	3/4	3/4	2/2	2	1	1/8	1/8	1		5	35		254
40	40	7/8	7/8	2/2	2	1	1/8	1/8	1		5	47		255
41	41	0	0	2/2	2	1	1/8	1/8	1		3	33		257
41	41	0	0	2/2	1	1	1	1	1		1	55		256
41	41	0	0	2/2	1	1	1	1	1		-3	63		256
41	41	0	0	2/2	1	1	1	1	1		1	67		256
41	41	1/8	1/8	2/2	2	1	1/8	1/8	1		3	45		258
41	41	1/4	1/4	2/2	2	1	1/8	1/8	1		5	35		259
41	41	3/8	3/8	2/2	2	1	1/8	1/8	1		5	47		260
41	41	1/2	1/2	2/2	2	1	1/8	1/8	1		-5	37		261
41	41	5/8	5/8	2/2	2	1	1/8	1/8	1		-5	49		262
41	41	3/4	3/4	2/2	2	1	1/8	1/8	1		-3	39		263
41	41	7/8	7/8	2/2	2	1	1/8	1/8	1		-3	51		264
42	42	0	0	2/2	2	1	1/8	1/8	1		-1	41		266
42	42	0	0	2/2	1	1	1	1	1		-5	61		265
42	42	0	0	2/2	1	1	1	1	1		3	69		265
42	42	0	0	2/2	1	1	1	1	1		-5	73		265
42	42	1/8	1/8	2/2	2	1	1/8	1/8	1		-1	53		267
42	42	1/4	1/4	2/2	2	1	1/8	1/8	1		-3	39		268
42	42	3/8	3/8	2/2	2	1	1/8	1/8	1		-3	51		269
42	42	1/2	1/2	2/2	2	1	1/8	1/8	1		-5	37		270
42	42	5/8	5/8	2/2	2	1	1/8	1/8	1		-5	49		271
42	42	3/4	3/4	2/2	2	1	1/8	1/8	1		5	35		272
42	42	7/8	7/8	2/2	2	1	1/8	1/8	1		5	47		273
43	43	0	0	2/2	2	1	1/8	1/8	1		3	33		277
43	43	0	0	2/2	1	1	1/2	1/2	1		-3	51		274
43	43	0	0	2/2	1	2	1	1	1		1	55		276
43	43	1/8	1/8	2/2	2	1	1/8	1/8	1		3	45		278
43	43	1/4	1/4	2/2	2	1	1/8	1/8	1		5	35		279
43	43	3/8	3/8	2/2	2	1	1/8	1/8	1		5	47		280
43	43	1/2	1/2	2/2	2	1	1/8	1/8	1		3	33		281
43	43	1/2	1/2	2/2	1	1	1/2	1/2	1		-5	49		275
43	43	5/8	5/8	2/2	2	1	1/8	1/8	1		3	45		282
43	43	3/4	3/4	2/2	2	1	1/8	1/8	1		5	35		283
43	43	7/8	7/8	2/2	2	1	1/8	1/8	1		5	47		284
44	44	0	0	2/2	2	1	1/8	1/8	1		3	33		289
44	44	0	0	2/2	1	1	1/4	1/4	1		-3	51		285
44	44	0	0	2/2	1	2	1	1	1		1	67		288
44	44	1/8	1/8	2/2	2	1	1/8	1/8	1		3	45		290
44	44	1/4	1/4	2/2	2	1	1/8	1/8	1		5	35		291
44	44	1/4	1/4	2/2	1	1	1/4	1/4	1		-3	51		286
44	44	3/8	3/8	2/2	2	1	1/8	1/8	1		5	47		292
44	44	1/2	1/2	2/2	2	1	1/8	1/8	1		3	33		293
44	44	1/2	1/2	2/2	1	1	1/2	1/2	1		-5	49		287
44	44	5/8	5/8	2/2	2	1	1/8	1/8	1		3	45		294
44	44	3/4	3/4	2/2	2	1	1/8	1/8	1		5	35		295
44	44	7/8	7/8	2/2	2	1	1/8	1/8	1		5	47		296
45	45	0	0	2/2	2	1	1/8	1/8	1		3	33		298
45	45	0	0	2/2	1	1	1	1	1	1	5	71		297
45	45	0	0	2/2	1	1	1	1	1	1	1	79		297
45	45	0	0	2/2	1	1	1	1	1	1	5	83		297
45	45	1/8	1/8	2/2	2	1	1/8	1/8	1		3	45		299
45	45	1/4	1/4	2/2	2	1	1/8	1/8	1		5	35		300
45	45	3/8	3/8	2/2	2	1	1/8	1/8	1		5	47		301
45	45	1/2	1/2	2/2	2	1	1/8	1/8	1		-5	37		302
45	45	5/8	5/8	2/2	2	1	1/8	1/8	1		-5	49		303
45	45	3/4	3/4	2/2	2	1	1/8	1/8	1		-3	39		304
45	45	7/8	7/8	2/2	2	1	1/8	1/8	1		-3	51		305
46	46	0	0	2/2	2	1	1/8	1/8	1		-1	41		307
46	46	0	0	2/2	1	1	1/2	1/2	1	-1	5	71		306
46	46	0	0	2/2	1	1	1/2	1/2	1	-1	1	79		306
46	46	0	0	2/2	1	1	1/2	1/2	1	-1	5	83		306
46	46	1/8	1/8	2/2	2	1	1/8	1/8	1		-1	53		308
46	46	1/4	1/4	2/2	2	1	1/8	1/8	1		1	43		309
46	46	3/8	3/8	2/2	2	1	1/8	1/8	1		1	55		310
46	46	1/2	1/2	2/2	2	1	1/8	1/8	1		3	45		311
46	46	5/8	5/8	2/2	2	1	1/8	1/8	1		3	57		312
46	46	3/4	3/4	2/2	2	1	1/8	1/8	1		5	47		313
46	46	7/8	7/8	2/2	2	1	1/8	1/8	1		5	59		314
47	47	0	0	2/2	2	1	1/8	1/8	1		-5	49		322
47	47	0	0	2/2	1	1	1/4	1/4	1		1	55		315
47	47	0	0	2/2	1	1	1/4	1/4	1		5	59		315
47	47	1/8	1/8	2/2	2	1	1/4	1/4	1		-5	61		323
47	47	1/4	1/4	2/2	1	1	1/8	1/8	1		1	55		316
47	47	1/4	1/4	2/2	1	1	1/8	1/8	1		5	59		316
47	47	3/8	3/8	2/2	1	1	1/8	1/8	1		1	55		317
47	47	3/8	3/8	2/2	1	1	1/8	1/8	1		5	59		317
47	47	1/2	1/2	2/2	2	1	1/8	1/8	1		-5	49		324
47	47	1/2	1/2	2/2	1	1	1/8	1/8	1		-6	54		318
47	47	1/2	1/2	2/2	1	1	1/8	1/8	1		-2	58		318
47	47	5/8	5/8	2/2	1	1	1/8	1/8	1		-6	54		319
47	47	5/8	5/8	2/2	1	1	1/8	1/8	1		-2	58		319
47	47	5/8	5/8	2/2	2	1	1/4	1/4	1		-5	61		325
47	47	3/4	3/4	2/2	1	1	1/8	1/8	1		-6	54		320
47	47	3/4	3/4	2/2	1	1	1/8	1/8	1		-2	58		320
47	47	7/8	7/8	2/2	1	1	1/8	1/8	1		-6	54		321
47	47	7/8	7/8	2/2	1	1	1/8	1/8	1		-2	58		321
48	48	0	0	2/2	2	1	1/8	1/8	1		-5	49		331
48	48	0	0	2/2	1	1	1/4	1/4	1		-1	53		326
48	48	0	0	2/2	1	1	1/4	1/4	1		3	57		326
48	48	1/8	1/8	2/2	2	1	1/4	1/4	1		-5	61		332
48	48	1/4	1/4	2/2	1	1	1/8	1/8	1		-1	53		327
48	48	1/4	1/4	2/2	1	1	1/8	1/8	1		3	57		327
48	48	3/8	3/8	2/2	1	1	1/8	1/8	1		-1	53		328
48	48	3/8	3/8	2/2	1	1	1/8	1/8	1		3	57		328
48	48	1/2	1/2	2/2	2	1	1/8	1/8	1		-5	49		333
48	48	1/2	1/2	2/2	1	1	1/4	1/4	1		4	52		329
48	48	1/2	1/2	2/2	1	1	1/4	1/4	1		-4	56		329
48	48	5/8	5/8	2/2	2	1	1/4	1/4	1		-5	61		334
48	48	3/4	3/4	2/2	1	1	1/4	1/4	1		-4	56		330
48	48	3/4	3/4	2/2	1	1	1/4	1/4	1		0	60		330
49	49	0	0	2/2	2	1	1/8	1/8	1		-5	49		339
49	49	0	0	2/2	1	1	1/4	1/4	1		1	55		335
49	49	0	0	2/2	1	1	1/4	1/4	1		5	59		335
49	49	1/8	1/8	2/2	2	1	1/4	1/4	1		-5	61		340
49	49	1/4	1/4	2/2	1	1	1/4	1/4	1		3	57		336
49	49	1/4	1/4	2/2	1	1	1/4	1/4	1		4	64		336
49	49	1/2	1/2	2/2	1	1	1/4	1/4	1		-2	58		337
49	49	1/2	1/2	2/2	2	1	1/8	1/8	1		-5	61		341
49	49	1/2	1/2	2/2	1	1	1/4	1/4	1		1	67		337
49	49	5/8	5/8	2/2	2	1	1/4	1/4	1		-5	49		342
49	49	3/4	3/4	2/2	1	1	1/4	1/4	1		3	57		338
49	49	3/4	3/4	2/2	1	1	1/4	1/4	1		-3	63		338
50	50	0	0	2/2	2	1	1/8	1/8	1		-5	49		346
50	50	0	0	2/2	1	1	1/4	1/4	1		1	55		343
50	50	0	0	2/2	1	1	1/4	1/4	1		5	59		343
50	50	1/8	1/8	2/2	2	1	1/4	1/4	1		-5	61		347
50	50	1/4	1/4	2/2	1	1	1/4	1/4	1		4	52		344
50	50	1/4	1/4	2/2	1	1	1/4	1/4	1		3	57		344
50	50	1/2	1/2	2/2	1	1	1/2	1/2	1	1	1	55		345
50	50	1/2	1/2	2/2	1	1	1/2	1/2	1	1	5	59		345
50	50	1/2	1/2	2/2	2	1	1/8	1/8	1		-5	61		348
50	50	5/8	5/8	2/2	2	1	1/4	1/4	1		-5	49		349
51	51	0	0	2/2	2	1	1/8	1/8	1		-5	49		354
51	51	0	0	2/2	1	1	1/4	1/4	1	-1	1	55		350
51	51	0	0	2/2	1	1	1/4	1/4	1	-1	5	59		350
51	51	1/8	1/8	2/2	2	1	1/4	1/4	1		-5	61		355
51	51	1/4	1/4	2/2	1	1	1/4	1/4	1		4	52		351
51	51	1/4	1/4	2/2	1	1	1/4	1/4	1		3	57		351
51	51	1/2	1/2	2/2	2	1	1/2	1/2	1		-5	49		356
51	51	1/2	1/2	2/2	1	1	1/4	1/4	1		1	55		352
51	51	1/2	1/2	2/2	1	1	1/4	1/4	1		5	59		352
51	51	3/4	3/4	2/2	1	1	1/4	1/4	1		3	57		353
51	51	3/4	3/4	2/2	1	1	1/4	1/4	1		4	64		353
52	52	0	0	2/2	2	1	1/8	1/8	1		-5	49		360
52	52	0	0	2/2	1	1	1/2	1/2	1		1	55		357
52	52	0	0	2/2	1	1	1/2	1/2	1		5	59		357
52	52	1/8	1/8	2/2	2	1	1/4	1/4	1		-5	61		361
52	52	1/2	1/2	2/2	2	1	1/2	1/2	1		-5	49		362
52	52	1/2	1/2	2/2	1	1	1/4	1/4	1		4	52		358
52	52	1/2	1/2	2/2	1	1	1/4	1/4	1		3	57		358
52	52	3/4	3/4	2/2	1	1	1/4	1/4	1		1	55		359
52	52	3/4	3/4	2/2	1	1	1/4	1/4	1		5	59		359
53	53	0	0	2/2	2	1	1	1	1		-6	42		371
53	53	0	0	2/2	1	2	1	1	1		-2	58		370
53	53	0	0	2/2	1	2	1	1	1		-5	61		370
53	53	1/8	1/8	2/2	1	1	1/8	1/8	1		-5	49		363
53	53	1/4	1/4	2/2	1	1	1/8	1/8	1		2	62		364
53	53	3/8	3/8	2/2	1	1	1/8	1/8	1		-5	49		365
53	53	1/2	1/2	2/2	1	1	1/8	1/8	1		-5	49		366
53	53	5/8	5/8	2/2	1	1	1/8	1/8	1		-5	49		367
53	53	3/4	3/4	2/2	1	1	1/8	1/8	1		2	62		368
53	53	7/8	7/8	2/2	1	1	1/8	1/8	1		-5	49		369
54	54	0	0	2/2	2	1	1/4	1/4	1		-6	42		377
54	54	1/8	1/8	2/2	1	1	1/8	1/8	1		-5	49		372
54	54	1/4	1/4	2/2	2	1	1/8	1/8	1		-6	42		378
54	54	1/4	1/4	2/2	1	1	1/8	1/8	1		-2	58		373
54	54	1/4	1/4	2/2	1	1	1/8	1/8	1		-5	61		373
54	54	3/8	3/8	2/2	2	1	1/8	1/8	1		-6	42		379
54	54	3/8	3/8	2/2	1	1	1/8	1/8	1	1	-5	49		374
54	54	1/2	1/2	2/2	2	1	1/8	1/8	1		-1	41		380
54	54	1/2	1/2	2/2	1	1	1/4	1/4	1	-1	-5	49		375
54	54	5/8	5/8	2/2	2	1	1/8	1/8	1		-1	41		381
54	54	3/4	3/4	2/2	2	1	1/8	1/8	1		-1	41		382
54	54	3/4	3/4	2/2	1	1	1/4	1/4	1		-5	49		376
54	54	7/8	7/8	2/2	2	1	1/8	1/8	1		-1	41		383
55	55	0	0	2/2	2	1	1/4	1/4	1		-8	40		389
55	55	1/8	1/8	2/2	1	1	1/8	1/8	1		-5	49		384
55	55	1/4	1/4	2/2	2	1	1/8	1/8	1		-8	40		390
55	55	1/4	1/4	2/2	1	1	1/8	1/8	1		-2	58		385
55	55	1/4	1/4	2/2	1	1	1/8	1/8	1		-5	61		385
55	55	3/8	3/8	2/2	2	1	1/8	1/8	1		-8	40		391
55	55	3/8	3/8	2/2	1	1	1/8	1/8	1		-5	49		386
55	55	1/2	1/2	2/2	2	1	1/4	1/4	1		-3	39		392
55	55	5/8	5/8	2/2	1	1	1/8	1/8	1		-5	49		387
55	55	3/4	3/4	2/2	2	1	1/4	1/4	1		-2	46		393
55	55	7/8	7/8	2/2	1	1	1/8	1/8	1		-5	49		388
56	56	0	0	2/2	2	1	1/4	1/4	1		-6	42		399
56	56	1/8	1/8	2/2	1	1	1/8	1/8	1		-5	49		394
56	56	1/4	1/4	2/2	2	1	1/8	1/8	1		-6	42		400
56	56	1/4	1/4	2/2	1	1	1/8	1/8	1		-2	58		395
56	56	1/4	1/4	2/2	1	1	1/8	1/8	1		-5	61		395
56	56	3/8	3/8	2/2	2	1	1/8	1/8	1		-6	42		401
56	56	3/8	3/8	2/2	1	1	1/8	1/8	1	1	-5	49		396
56	56	1/2	1/2	2/2	2	1	1/8	1/8	1		-1	41		402
56	56	1/2	1/2	2/2	1	1	1/4	1/4	1	-1	-5	49		397
56	56	5/8	5/8	2/2	2	1	1/8	1/8	1		-1	41		403
56	56	3/4	3/4	2/2	2	1	1/8	1/8	1		-1	41		404
56	56	3/4	3/4	2/2	1	1	1/4	1/4	1		-5	49		398
56	56	7/8	7/8	2/2	2	1	1/8	1/8	1		-1	41		405
57	57	0	0	2/2	2	1	1/4	1/4	1		-2	46		415
57	57	0	0	2/2	1	2	1/2	1/2	1		-3	51		413
57	57	0	0	2/2	1	2	1/2	1/2	1		-2	58		413
57	57	0	0	2/2	1	1	1/4	1/4	1		-3	63		406
57	57	1/4	1/4	2/2	2	1	1/4	1/4	1		-3	39		416
57	57	1/4	1/4	2/2	1	1	1/8	1/8	1		-3	63		407
57	57	3/8	3/8	2/2	1	1	1/8	1/8	1		-3	63		408
57	57	1/2	1/2	2/2	2	1	1/4	1/4	1		-2	46		417
57	57	1/2	1/2	2/2	1	2	1/2	1/2	1		-1	53		414
57	57	1/2	1/2	2/2	1	2	1/2	1/2	1		-2	58		414
57	57	1/2	1/2	2/2	1	1	1/8	1/8	1		2	62		409
57	57	5/8	5/8	2/2	1	1	1/8	1/8	1		2	62		410
57	57	3/4	3/4	2/2	2	1	1/4	1/4	1		-3	39		418
57	57	3/4	3/4	2/2	1	1	1/8	1/8	1		2	62		411
57	57	7/8	7/8	2/2	1	1	1/8	1/8	1		2	62		412
58	58	0	0	2/2	2	1	1/4	1/4	1		-2	46		428
58	58	0	0	2/2	1	4	1/4	1/4	1		-6	54		426
58	58	0	0	2/2	1	2	1/2	1/2	1		-2	58		424
58	58	0	0	2/2	1	1	1/4	1/4	1		0	60		419
58	58	1/4	1/4	2/2	2	1	1/4	1/4	1		-3	39		429
58	58	1/4	1/4	2/2	1	4	1/4	1/4	1		1	55		427
58	58	1/4	1/4	2/2	1	1	1/8	1/8	1		0	60		420
58	58	3/8	3/8	2/2	1	1	1/8	1/8	1		0	60		421
58	58	1/2	1/2	2/2	2	1	1/4	1/4	1		-2	46		430
58	58	1/2	1/2	2/2	1	2	1/2	1/2	1		-4	56		425
58	58	1/2	1/2	2/2	1	1	1/4	1/4	1		-7	59		422
58	58	1/2	1/2	2/2	1	2	1/2	1/2	1		-7	59		425
58	58	3/4	3/4	2/2	2	1	1/4	1/4	1		-3	39		431
58	58	3/4	3/4	2/2	1	1	1/4	1/4	1		-6	66		423
59	59	0	0	2/2	2	1	1/4	1/4	1		-2	46		435
59	59	0	0	2/2	1	1	1	1	1	1	-3	51		432
59	59	0	0	2/2	1	1	1	1	1	1	-2	58		432
59	59	0	0	2/2	1	1	1	1	1	1	-3	63		432
59	59	1/4	1/4	2/2	2	1	1/4	1/4	1		-3	39		436
59	59	1/2	1/2	2/2	2	1	1/4	1/4	1		-2	46		437
59	59	1/2	1/2	2/2	1	2	1/8	1/8	1		-2	70		433
59	59	5/8	5/8	2/2	1	2	1/8	1/8	1		-2	70		434
59	59	3/4	3/4	2/2	2	1	1/4	1/4	1		-3	39		438
60	60	0	0	2/2	2	1	1/4	1/4	1		-5	37		442
60	60	0	0	2/2	1	1	1	1	1	-1	-3	51		439
60	60	0	0	2/2	1	1	1	1	1	-1	-2	58		439
60	60	0	0	2/2	1	1	1	1	1	-1	-3	63		439
60	60	1/4	1/4	2/2	2	1	1/4	1/4	1		-3	39		443
60	60	1/2	1/2	2/2	2	1	1/4	1/4	1		-2	34		444
60	60	1/2	1/2	2/2	1	2	1/8	1/8	1		-2	58		440
60	60	5/8	5/8	2/2	1	2	1/8	1/8	1		-2	58		441
60	60	3/4	3/4	2/2	2	1	1/4	1/4	1		-3	39		445
61	61	0	0	2/2	2	1	1/4	1/4	1		-2	46		449
61	61	0	0	2/2	1	1	1	1	1	1	-3	51		446
61	61	0	0	2/2	1	1	1	1	1	1	-2	58		446
61	61	0	0	2/2	1	1	1	1	1	1	-3	63		446
61	61	1/4	1/4	2/2	2	1	1/4	1/4	1		-3	39		450
61	61	1/2	1/2	2/2	2	1	1/4	1/4	1		-2	46		451
61	61	1/2	1/2	2/2	1	2	1/8	1/8	1		-2	70		447
61	61	5/8	5/8	2/2	1	2	1/8	1/8	1		-2	70		448
61	61	3/4	3/4	2/2	2	1	1/4	1/4	1		-3	39		452
62	62	0	0	2/2	2	1	1/4	1/4	1		-5	37		456
62	62	0	0	2/2	1	1	1	1	1	-1	-3	51		453
62	62	0	0	2/2	1	1	1	1	1	-1	-2	58		453
62	62	0	0	2/2	1	1	1	1	1	-1	-3	63		453
62	62	1/4	1/4	2/2	2	1	1/4	1/4	1		-3	39		457
62	62	1/2	1/2	2/2	2	1	1/4	1/4	1		-7	35		458
62	62	1/2	1/2	2/2	1	2	1/8	1/8	1		-2	58		454
62	62	5/8	5/8	2/2	1	2	1/8	1/8	1		-2	58		455
62	62	3/4	3/4	2/2	2	1	1/4	1/4	1		-3	39		459
63	63	0	0	2/2	2	1	1	1	1	1	-2	34		471
63	63	0	0	2/2	2	1	1	1	1	1	-1	41		471
63	63	0	0	2/2	1	2	1/4	1/4	1		-2	70		464
63	63	0	0	2/2	1	1	1/4	1/4	1		-1	77		460
63	63	1/4	1/4	2/2	1	2	1/8	1/8	1		-2	70		465
63	63	1/4	1/4	2/2	1	1	1/2	1/2	1		2	74		461
63	63	3/8	3/8	2/2	1	2	1/8	1/8	1		-2	70		466
63	63	1/2	1/2	2/2	1	2	1/8	1/8	1		3	69		467
63	63	5/8	5/8	2/2	1	2	1/8	1/8	1		3	69		468
63	63	3/4	3/4	2/2	1	2	1/8	1/8	1		3	69		469
63	63	3/4	3/4	2/2	1	1	1/8	1/8	1		-1	77		462
63	63	7/8	7/8	2/2	1	2	1/8	1/8	1		3	69		470
63	63	7/8	7/8	2/2	1	1	1/8	1/8	1		1	79		463
64	64	0	0	2/2	2	1	3/4	1/2	3/2	-1	-2	34		482
64	64	0	0	2/2	2	1	3/4	1/2	3/2	-1	-1	41		482
64	64	0	0	2/2	1	2	1/4	1/4	1		1	67		477
64	64	0	0	2/2	1	1	1/8	1/8	1		0	72		472
64	64	1/8	1/8	2/2	1	1	1/8	1/8	1		2	74		473
64	64	1/4	1/4	2/2	1	2	1/8	1/8	1		1	67		478
64	64	1/4	1/4	2/2	1	1	1/2	1/2	1		-1	77		474
64	64	3/8	3/8	2/2	1	2	1/8	1/8	1		1	67		479
64	64	1/2	1/2	2/2	1	2	1/4	1/4	1		-1	65		480
64	64	3/4	3/4	2/2	2	1	1/4	1/4	1	1	-1	41		483
64	64	3/4	3/4	2/2	1	1	1/8	1/8	1		2	74		475
64	64	3/4	3/4	2/2	1	2	1/4	1/4	1		2	74		481
64	64	7/8	7/8	2/2	1	1	1/8	1/8	1		0	72		476
65	65	0	0	2/2	2	1	1	1	1	1	-2	34		496
65	65	0	0	2/2	2	1	1	1	1	0	-1	41		496
65	65	0	0	2/2	1	2	1/4	1/4	1		-2	70		489
65	65	0	0	2/2	1	1	1/8	1/8	1		0	72		484
65	65	1/8	1/8	2/2	1	1	1/8	1/8	1		2	74		485
65	65	1/4	1/4	2/2	1	2	1/8	1/8	1		-2	70		490
65	65	1/4	1/4	2/2	1	1	1/4	1/4	1		2	74		486
65	65	3/8	3/8	2/2	1	2	1/8	1/8	1		-2	70		491
65	65	1/2	1/2	2/2	1	2	1/8	1/8	1		3	69		492
65	65	1/2	1/2	2/2	1	1	1/4	1/4	1		0	72		487
65	65	5/8	5/8	2/2	1	2	1/8	1/8	1		3	69		493
65	65	3/4	3/4	2/2	1	2	1/8	1/8	1		3	69		494
65	65	3/4	3/4	2/2	1	1	1/4	1/4	1		-1	77		488
65	65	7/8	7/8	2/2	1	2	1/8	1/8	1		3	69		495
66	66	0	0	2/2	2	1	3/4	1/2	3/2	-1	-2	34		505
66	66	0	0	2/2	2	1	3/4	1/2	3/2	-1	-1	41		505
66	66	0	0	2/2	1	2	1/4	1/4	1		1	67		500
66	66	0	0	2/2	1	1	3/4	1/2	3/2		2	74		497
66	66	1/4	1/4	2/2	1	2	1/8	1/8	1		1	67		501
66	66	3/8	3/8	2/2	1	2	1/8	1/8	1		1	67		502
66	66	1/2	1/2	2/2	1	2	1/4	1/4	1		-1	65		503
66	66	3/4	3/4	2/2	2	1	1/4	1/4	1		-1	41		506
66	66	3/4	3/4	2/2	1	2	1/4	1/4	1		2	62		504
66	66	3/4	3/4	2/2	1	1	1/8	1/8	1		2	74		498
66	66	7/8	7/8	2/2	1	1	1/8	1/8	1		0	72		499
67	67	0	0	2/2	2	1	1/4	1/4	1		-1	53		513
67	67	0	0	2/2	2	1	1/4	1/4	1		1	55		513
67	67	0	0	2/2	1	2	1	1	1		0	60		512
67	67	0	0	2/2	1	2	1	1	1		2	62		512
67	67	0	0	2/2	1	1	1/8	1/8	1		1	67		507
67	67	1/8	1/8	2/2	1	1	1/8	1/8	1		-1	65		508
67	67	1/4	1/4	2/2	2	1	1/4	1/4	1		0	48		514
67	67	1/4	1/4	2/2	2	1	1/4	1/4	1		2	50		514
67	67	1/4	1/4	2/2	1	1	1/2	1/2	1		1	67		509
67	67	1/2	1/2	2/2	2	1	1/4	1/4	1		-1	41		515
67	67	3/4	3/4	2/2	2	1	1/4	1/4	1		-2	34		516
67	67	3/4	3/4	2/2	1	1	1/8	1/8	1		3	69		510
67	67	7/8	7/8	2/2	1	1	1/8	1/8	1		0	72		511
68	68	0	0	2/2	2	1	1/4	1/4	1		-1	53		522
68	68	0	0	2/2	2	1	1/4	1/4	1		1	55		522
68	68	0	0	2/2	1	2	1	1	1		0	60		521
68	68	0	0	2/2	1	2	1	1	1		2	62		521
68	68	0	0	2/2	1	1	1/4	1/4	1		1	67		517
68	68	1/4	1/4	2/2	2	1	1/4	1/4	1		0	48		523
68	68	1/4	1/4	2/2	2	1	1/4	1/4	1		2	50		523
68	68	1/4	1/4	2/2	1	1	1/4	1/4	1		2	74		518
68	68	1/2	1/2	2/2	2	1	1/4	1/4	1		-1	41		524
68	68	1/2	1/2	2/2	1	1	1/4	1/4	1		0	72		519
68	68	3/4	3/4	2/2	2	1	1/4	1/4	1		-2	34		525
68	68	3/4	3/4	2/2	1	1	1/4	1/4	1		3	69		520
69	69	0	0	2/2	2	1	1/4	1/4	1		-1	53		531
69	69	0	0	2/2	2	1	1/4	1/4	1		1	55		531
69	69	0	0	2/2	1	1	1/8	1/8	1		1	67		526
69	69	1/8	1/8	2/2	1	1	1/8	1/8	1		-1	65		527
69	69	1/4	1/4	2/2	2	1	1/4	1/4	1		0	48		532
69	69	1/4	1/4	2/2	2	1	1/4	1/4	1		2	50		532
69	69	1/4	1/4	2/2	1	1	1/4	1/4	1		1	67		528
69	69	1/2	1/2	2/2	2	1	1/4	1/4	1		-1	41		533
69	69	1/2	1/2	2/2	2	3	1/2	1/2	1	1	-1	41		535
69	69	1/2	1/2	2/2	1	1	1/4	1/4	1		3	69		529
69	69	3/4	3/4	2/2	2	1	1/4	1/4	1	1	-2	34		534
69	69	3/4	3/4	2/2	1	1	1/4	1/4	1		0	72		530
70	70	0	0	2/2	2	1	1/4	1/4	1	-1	-2	34		537
70	70	0	0	2/2	2	3	1	1	1	0	-1	41		544
70	70	0	0	2/2	1	1	1	1	1		0	60		536
70	70	0	0	2/2	1	1	1	1	1		2	62		536
70	70	0	0	2/2	1	1	1	1	1	1	1	67		536
70	70	1/4	1/4	2/2	2	1	1/8	1/8	1		-2	34		538
70	70	3/8	3/8	2/2	2	1	1/8	1/8	1		-2	34		539
70	70	1/2	1/2	2/2	2	1	1/8	1/8	1		3	33		540
70	70	5/8	5/8	2/2	2	1	1/8	1/8	1		3	33		541
70	70	3/4	3/4	2/2	2	1	1/8	1/8	1		3	33		542
70	70	7/8	7/8	2/2	2	1	1/8	1/8	1		3	33		543
71	71	0	0	2/2	2	1	1/4	1/4	1		-4	32		548
71	71	0	0	2/2	2	3	1	1	1	-1	-1	41		553
71	71	0	0	2/2	1	1	3/4	1/2	3/2		0	60		545
71	71	0	0	2/2	1	1	3/4	1/2	3/2		2	62		545
71	71	0	0	2/2	1	1	3/4	1/2	3/2	-1	1	67		545
71	71	1/4	1/4	2/2	2	1	1/8	1/8	1		-4	32		549
71	71	3/8	3/8	2/2	2	1	1/8	1/8	1		-4	32		550
71	71	1/2	1/2	2/2	2	1	1/4	1/4	1		1	31		551
71	71	3/4	3/4	2/2	2	1	1/4	1/4	1		2	38		552
71	71	3/4	3/4	2/2	1	1	1/8	1/8	1		1	67		546
71	71	7/8	7/8	2/2	1	1	1/8	1/8	1		-1	65		547
72	72	0	0	2/2	2	1	1/4	1/4	1		-2	34		555
72	72	0	0	2/2	2	3	1	1	1	1	-1	41		562
72	72	0	0	2/2	1	1	1	1	1	1	0	60		554
72	72	0	0	2/2	1	1	1	1	1	1	2	62		554
72	72	0	0	2/2	1	1	1	1	1	1	1	67		554
72	72	1/4	1/4	2/2	2	1	1/8	1/8	1		-2	34		556
72	72	3/8	3/8	2/2	2	1	1/8	1/8	1		-2	34		557
72	72	1/2	1/2	2/2	2	1	1/8	1/8	1		3	33		558
72	72	5/8	5/8	2/2	2	1	1/8	1/8	1		3	33		559
72	72	3/4	3/4	2/2	2	1	1/8	1/8	1		3	33		560
72	72	7/8	7/8	2/2	2	1	1/8	1/8	1		3	33		561
73	73	0	0	2/2	2	1	1/4	1/4	1		-4	32		564
73	73	0	0	2/2	2	3	3/4	1/2	3/2	-1	-1	41		569
73	73	0	0	2/2	1	1	3/4	1/2	3/2	-1	0	60		563
73	73	0	0	2/2	1	1	3/4	1/2	3/2	-1	2	62		563
73	73	0	0	2/2	1	1	3/4	1/2	3/2	-1	1	67		563
73	73	1/4	1/4	2/2	2	1	1/8	1/8	1		-4	32		565
73	73	3/8	3/8	2/2	2	1	1/8	1/8	1	1	-4	32		566
73	73	1/2	1/2	2/2	2	1	1/4	1/4	1	-1	-4	32		567
73	73	3/4	3/4	2/2	2	1	1/4	1/4	1		1	31		568
74	74	0	0	2/2	1	1	1	1	1		0	48		570
74	74	0	0	2/2	1	1	1	1	1		2	50		570
74	74	1/4	1/4	2/2	2	1	1/4	1/4	1		-6	30		571
74	74	1/2	1/2	2/2	2	1	1/4	1/4	1		-1	29		572
74	74	3/4	3/4	2/2	2	1	1/4	1/4	1		2	38		573
75	75	0	0	2/2	1	1	1	1	1		0	48		574
75	75	0	0	2/2	1	1	1	1	1		2	50		574
75	75	1/4	1/4	2/2	2	1	1/4	1/4	1		-6	30		575
75	75	1/2	1/2	2/2	2	1	1/4	1/4	1		-1	29		576
75	75	3/4	3/4	2/2	2	1	1/4	1/4	1		2	38		577
76	76	0	0	2/2	1	1	1	1	1	1	0	48		578
76	76	0	0	2/2	1	1	1	1	1	1	2	50		578
76	76	1/2	1/2	2/2	2	1	1/2	1/2	1		1	31		579
77	77	0	0	2/2	2	1	1/2	1/2	1		-1	29		581
77	77	0	0	2/2	1	1	1	1	1	-1	0	48		580
77	77	0	0	2/2	1	1	1	1	1	-1	2	50		580
77	77	1/2	1/2	2/2	2	1	1/2	1/2	1		2	38		582
78	78	0	0	2/2	2	1	1	1	1	1	-2	34		585
78	78	0	0	2/2	1	2	1	1	1	1	-1	53		584
78	78	0	0	2/2	1	2	1	1	1	1	1	55		584
78	78	1/2	1/2	2/2	1	1	1/2	1/2	1		-3	75		583
79	79	0	0	2/2	2	1	1	1	1	0	-2	34		588
79	79	0	0	2/2	1	2	1	1	1	0	-1	53		587
79	79	0	0	2/2	1	2	1	1	1	0	1	55		587
79	79	1/2	1/2	2/2	1	1	1/2	1/2	1		-5	73		586
80	80	0	0	2/2	2	1	1	1	1	-1	-2	34		590
80	80	0	0	2/2	1	2	1	1	1	-1	-1	53		589
80	80	0	0	2/2	1	2	1	1	1	-1	1	55		589
81	81	0	0	2/2	2	1	1/4	1/4	1		-2	34		591
