mc	mn	mc_onset	mn_onset	timesig	staff	voice	duration	nominal_duration	scalar	tied	tpc	midi	chord_id
1	1	0	0	3/4	2	1	1/32	1/32	1		-7	59	0
1	1	1/32	1/32	3/4	2	1	1/32	1/32	1		-5	61	1
1	1	1/16	1/16	3/4	2	1	1/32	1/32	1		-3	63	2
1	1	3/32	3/32	3/4	2	1	1/32	1/32	1		-1	65	3
1	1	1/8	1/8	3/4	2	1	1/32	1/32	1		-6	66	4
1	1	5/32	5/32	3/4	2	1	1/32	1/32	1		-1	65	5
1	1	3/16	3/16	3/4	2	1	1/32	1/32	1		-3	63	6
1	1	7/32	7/32	3/4	2	1	1/32	1/32	1		-5	61	7
1	1	1/4	1/4	3/4	2	1	1/32	1/32	1		-3	63	8
1	1	9/32	9/32	3/4	2	1	1/32	1/32	1		-1	65	9
1	1	5/16	5/16	3/4	2	1	1/32	1/32	1		-6	66	10
1	1	11/32	11/32	3/4	2	1	1/32	1/32	1		-4	68	11
1	1	3/8	3/8	3/4	2	1	1/32	1/32	1		-2	70	12
1	1	13/32	13/32	3/4	2	1	1/32	1/32	1		-4	68	13
1	1	7/16	7/16	3/4	2	1	1/32	1/32	1		-6	66	14
1	1	15/32	15/32	3/4	2	1	1/32	1/32	1		-1	65	15
1	1	1/2	1/2	3/4	2	1	1/32	1/32	1		-3	63	16
1	1	17/32	17/32	3/4	2	1	1/32	1/32	1		-1	65	17
1	1	9/16	9/16	3/4	2	1	1/32	1/32	1		-6	66	18
1	1	19/32	19/32	3/4	2	1	1/32	1/32	1		-4	68	19
1	1	5/8	5/8	3/4	2	1	1/32	1/32	1		-6	66	20
1	1	21/32	21/32	3/4	2	1	1/32	1/32	1		-1	65	21
1	1	11/16	11/16	3/4	2	1	1/32	1/32	1		-3	63	22
1	1	23/32	23/32	3/4	2	1	1/32	1/32	1		-5	61	23
2	2	0	0	3/4	2	1	1/32	1/32	1		-7	59	24
2	2	1/32	1/32	3/4	2	1	1/32	1/32	1		-5	61	25
2	2	1/16	1/16	3/4	2	1	1/32	1/32	1		-3	63	26
2	2	3/32	3/32	3/4	2	1	1/32	1/32	1		-1	65	27
2	2	1/8	1/8	3/4	2	1	1/32	1/32	1		-6	66	28
2	2	5/32	5/32	3/4	2	1	1/32	1/32	1		-1	65	29
2	2	3/16	3/16	3/4	2	1	1/32	1/32	1		-3	63	30
2	2	7/32	7/32	3/4	2	1	1/32	1/32	1		-5	61	31
2	2	1/4	1/4	3/4	2	1	1/32	1/32	1		5	59	32
2	2	9/32	9/32	3/4	2	1	1/32	1/32	1		0	60	33
2	2	5/16	5/16	3/4	2	1	1/32	1/32	1		2	62	34
2	2	11/32	11/32	3/4	2	1	1/32	1/32	1		4	64	35
2	2	3/8	3/8	3/4	2	1	1/32	1/32	1		-1	65	36
2	2	13/32	13/32	3/4	2	1	1/32	1/32	1		4	64	37
2	2	7/16	7/16	3/4	2	1	1/32	1/32	1		2	62	38
2	2	15/32	15/32	3/4	2	1	1/32	1/32	1		0	60	39
3	3	0	1/4	3/4	2	1	1/32	1/32	1		-7	59	40
3	3	1/32	9/32	3/4	2	1	1/32	1/32	1		-5	61	41
3	3	1/16	5/16	3/4	2	1	1/32	1/32	1		-3	63	42
3	3	3/32	11/32	3/4	2	1	1/32	1/32	1		-1	65	43
3	3	1/8	3/8	3/4	2	1	1/32	1/32	1		-6	66	44
3	3	5/32	13/32	3/4	2	1	1/32	1/32	1		-1	65	45
3	3	3/16	7/16	3/4	2	1	1/32	1/32	1		-3	63	46
3	3	7/32	15/32	3/4	2	1	1/32	1/32	1		-5	61	47
3	3	1/4	1/2	3/4	2	1	1/32	1/32	1		5	59	48
3	3	9/32	17/32	3/4	2	1	1/32	1/32	1		0	60	49
3	3	5/16	9/16	3/4	2	1	1/32	1/32	1		2	62	50
3	3	11/32	19/32	3/4	2	1	1/32	1/32	1		4	64	51
3	3	3/8	5/8	3/4	2	1	1/32	1/32	1		-1	65	52
3	3	13/32	21/32	3/4	2	1	1/32	1/32	1		4	64	53
3	3	7/16	11/16	3/4	2	1	1/32	1/32	1		2	62	54
3	3	15/32	23/32	3/4	2	1	1/32	1/32	1		0	60	55
4	4	0	0	3/4	2	1	1/32	1/32	1		-4	56	56
4	4	0	0	3/4	2	2	1/16	1/16	1		-4	56	80
4	4	1/32	1/32	3/4	2	1	1/32	1/32	1		-2	58	57
4	4	1/16	1/16	3/4	2	1	1/32	1/32	1		-7	59	58
4	4	3/32	3/32	3/4	2	1	1/32	1/32	1		-5	61	59
4	4	1/8	1/8	3/4	2	1	1/32	1/32	1		-3	63	60
4	4	5/32	5/32	3/4	2	1	1/32	1/32	1		-5	61	61
4	4	3/16	3/16	3/4	2	1	1/32	1/32	1		-7	59	62
4	4	7/32	7/32	3/4	2	1	1/32	1/32	1		-2	58	63
4	4	1/4	1/4	3/4	2	1	1/32	1/32	1		1	55	64
4	4	1/4	1/4	3/4	2	2	1/16	1/16	1		1	55	81
4	4	9/32	9/32	3/4	2	1	1/32	1/32	1		3	57	65
4	4	5/16	5/16	3/4	2	1	1/32	1/32	1		5	59	66
4	4	11/32	11/32	3/4	2	1	1/32	1/32	1		0	60	67
4	4	3/8	3/8	3/4	2	1	1/32	1/32	1		2	62	68
4	4	13/32	13/32	3/4	2	1	1/32	1/32	1		0	60	69
4	4	7/16	7/16	3/4	2	1	1/32	1/32	1		5	59	70
4	4	15/32	15/32	3/4	2	1	1/32	1/32	1		3	57	71
4	4	1/2	1/2	3/4	2	1	1/32	1/32	1		-6	54	72
4	4	1/2	1/2	3/4	2	2	1/16	1/16	1		-6	54	82
4	4	17/32	17/32	3/4	2	1	1/32	1/32	1		-4	56	73
4	4	9/16	9/16	3/4	2	1	1/32	1/32	1		-2	58	74
4	4	19/32	19/32	3/4	2	1	1/32	1/32	1		-7	59	75
4	4	5/8	5/8	3/4	2	1	1/32	1/32	1		-5	61	76
4	4	21/32	21/32	3/4	2	1	1/32	1/32	1		-7	59	77
4	4	11/16	11/16	3/4	2	1	1/32	1/32	1		-2	58	78
4	4	23/32	23/32	3/4	2	1	1/32	1/32	1		-4	56	79
5	5	0	0	2/4	2	1	1/32	1/32	1		-1	53	83
5	5	1/32	1/32	2/4	2	1	1/32	1/32	1		-6	54	84
5	5	1/16	1/16	2/4	2	1	1/32	1/32	1		-4	56	85
5	5	3/32	3/32	2/4	2	1	1/32	1/32	1		-2	58	86
5	5	1/8	1/8	2/4	2	1	1/32	1/32	1		-7	59	87
5	5	5/32	5/32	2/4	2	1	1/32	1/32	1		-5	61	88
5	5	3/16	3/16	2/4	2	1	1/32	1/32	1		-3	63	89
5	5	7/32	7/32	2/4	2	1	1/32	1/32	1		-1	65	90
5	5	1/4	1/4	2/4	2	1	1/32	1/32	1		-4	68	91
5	5	9/32	9/32	2/4	2	1	1/32	1/32	1		-2	70	92
5	5	5/16	5/16	2/4	2	1	1/32	1/32	1		-7	71	93
5	5	11/32	11/32	2/4	2	1	1/32	1/32	1		-5	73	94
5	5	3/8	3/8	2/4	2	1	1/32	1/32	1		-3	75	95
5	5	13/32	13/32	2/4	2	1	1/32	1/32	1		-1	77	96
5	5	7/16	7/16	2/4	2	1	1/32	1/32	1		-6	78	97
5	5	15/32	15/32	2/4	2	1	1/32	1/32	1		-4	80	98
6	6	0	0	2/4	2	1	1/32	1/32	1		-7	83	99
6	6	1/32	1/32	2/4	2	1	1/32	1/32	1		-9	81	100
6	6	1/16	1/16	2/4	2	1	1/32	1/32	1		-4	80	101
6	6	3/32	3/32	2/4	2	1	1/32	1/32	1		-6	78	102
6	6	1/8	1/8	2/4	2	1	1/32	1/32	1		-8	76	103
6	6	5/32	5/32	2/4	2	1	1/32	1/32	1		-3	75	104
6	6	3/16	3/16	2/4	2	1	1/32	1/32	1		-5	73	105
6	6	7/32	7/32	2/4	2	1	1/32	1/32	1		-7	71	106
6	6	1/4	1/4	2/4	2	1	1/32	1/32	1		-9	69	107
6	6	9/32	9/32	2/4	2	1	1/32	1/32	1		-4	68	108
6	6	5/16	5/16	2/4	2	1	1/32	1/32	1		-6	66	109
6	6	11/32	11/32	2/4	2	1	1/32	1/32	1		-8	64	110
6	6	3/8	3/8	2/4	2	1	1/32	1/32	1		-5	61	111
6	6	13/32	13/32	2/4	2	1	1/32	1/32	1		-7	59	112
6	6	7/16	7/16	2/4	2	1	1/32	1/32	1		-9	57	113
6	6	15/32	15/32	2/4	2	1	1/32	1/32	1		-4	56	114
7	7	0	0	2/4	2	1	1/32	1/32	1		-1	53	115
7	7	1/32	1/32	2/4	2	1	1/32	1/32	1		-6	54	116
7	7	1/16	1/16	2/4	2	1	1/32	1/32	1		-4	56	117
7	7	3/32	3/32	2/4	2	1	1/32	1/32	1		-2	58	118
7	7	1/8	1/8	2/4	2	1	1/32	1/32	1		0	60	119
7	7	5/32	5/32	2/4	2	1	1/32	1/32	1		5	59	120
7	7	3/16	3/16	2/4	2	1	1/32	1/32	1		3	57	121
7	7	7/32	7/32	2/4	2	1	1/32	1/32	1		1	55	122
7	7	1/4	1/4	2/4	2	1	1/32	1/32	1		-4	56	123
7	7	9/32	9/32	2/4	2	1	1/32	1/32	1		-2	58	124
7	7	5/16	5/16	2/4	2	1	1/32	1/32	1		-7	59	125
7	7	11/32	11/32	2/4	2	1	1/32	1/32	1		-5	61	126
7	7	3/8	3/8	2/4	2	1	1/32	1/32	1		2	62	127
7	7	13/32	13/32	2/4	2	1	1/32	1/32	1		0	60	128
7	7	7/16	7/16	2/4	2	1	1/32	1/32	1		5	59	129
7	7	15/32	15/32	2/4	2	1	1/32	1/32	1		3	57	130
8	8	0	0	2/4	2	1	1/32	1/32	1		-1	53	131
8	8	1/32	1/32	2/4	2	1	1/32	1/32	1		-6	54	132
8	8	1/16	1/16	2/4	2	1	1/32	1/32	1		-4	56	133
8	8	3/32	3/32	2/4	2	1	1/32	1/32	1		-2	58	134
8	8	1/8	1/8	2/4	2	1	1/32	1/32	1		0	60	135
8	8	5/32	5/32	2/4	2	1	1/32	1/32	1		5	59	136
8	8	3/16	3/16	2/4	2	1	1/32	1/32	1		3	57	137
8	8	7/32	7/32	2/4	2	1	1/32	1/32	1		1	55	138
8	8	1/4	1/4	2/4	2	1	1/32	1/32	1		-4	56	139
8	8	9/32	9/32	2/4	2	1	1/32	1/32	1		-2	58	140
8	8	5/16	5/16	2/4	2	1	1/32	1/32	1		-7	59	141
8	8	11/32	11/32	2/4	2	1	1/32	1/32	1		-5	61	142
8	8	3/8	3/8	2/4	2	1	1/32	1/32	1		2	62	143
8	8	13/32	13/32	2/4	2	1	1/32	1/32	1		0	60	144
8	8	7/16	7/16	2/4	2	1	1/32	1/32	1		5	59	145
8	8	15/32	15/32	2/4	2	1	1/32	1/32	1		3	57	146
9	9	0	0	2/4	2	1	1/32	1/32	1		-5	61	147
9	9	1/32	1/32	2/4	2	1	1/32	1/32	1		-3	63	148
9	9	1/16	1/16	2/4	2	1	1/32	1/32	1		-1	65	149
9	9	3/32	3/32	2/4	2	1	1/32	1/32	1		-6	66	150
9	9	1/8	1/8	2/4	2	1	1/32	1/32	1		1	67	151
9	9	5/32	5/32	2/4	2	1	1/32	1/32	1		-1	65	152
9	9	3/16	3/16	2/4	2	1	1/32	1/32	1		4	64	153
9	9	7/32	7/32	2/4	2	1	1/32	1/32	1		2	62	154
9	9	1/4	1/4	2/4	2	1	1/32	1/32	1		-5	73	155
9	9	9/32	9/32	2/4	2	1	1/32	1/32	1		-3	75	156
9	9	5/16	5/16	2/4	2	1	1/32	1/32	1		-1	77	157
9	9	11/32	11/32	2/4	2	1	1/32	1/32	1		-6	78	158
9	9	3/8	3/8	2/4	2	1	1/32	1/32	1		1	79	159
9	9	13/32	13/32	2/4	2	1	1/32	1/32	1		-1	77	160
9	9	7/16	7/16	2/4	2	1	1/32	1/32	1		4	76	161
9	9	15/32	15/32	2/4	2	1	1/32	1/32	1		2	74	162
10	10	0	0	2/4	2	1	1/32	1/32	1		-5	85	163
10	10	1/32	1/32	2/4	2	1	1/32	1/32	1		-7	83	164
10	10	1/16	1/16	2/4	2	1	1/32	1/32	1		-2	82	165
10	10	3/32	3/32	2/4	2	1	1/32	1/32	1		-4	80	166
10	10	1/8	1/8	2/4	2	1	1/32	1/32	1		1	79	167
10	10	5/32	5/32	2/4	2	1	1/32	1/32	1		-1	77	168
10	10	3/16	3/16	2/4	2	1	1/32	1/32	1		4	76	169
10	10	7/32	7/32	2/4	2	1	1/32	1/32	1		2	74	170
10	10	1/4	1/4	2/4	2	1	1/32	1/32	1		-5	73	171
10	10	9/32	9/32	2/4	2	1	1/32	1/32	1		-7	71	172
10	10	5/16	5/16	2/4	2	1	1/32	1/32	1		-2	70	173
10	10	11/32	11/32	2/4	2	1	1/32	1/32	1		-4	68	174
10	10	3/8	3/8	2/4	2	1	1/32	1/32	1		1	67	175
10	10	13/32	13/32	2/4	2	1	1/32	1/32	1		-1	65	176
10	10	7/16	7/16	2/4	2	1	1/32	1/32	1		4	64	177
10	10	15/32	15/32	2/4	2	1	1/32	1/32	1		2	62	178
11	11	0	0	2/4	2	1	1/32	1/32	1		-5	61	179
11	11	1/32	1/32	2/4	2	1	1/32	1/32	1		-3	63	180
11	11	1/16	1/16	2/4	2	1	1/32	1/32	1		-1	65	181
11	11	3/32	3/32	2/4	2	1	1/32	1/32	1		-6	66	182
11	11	1/8	1/8	2/4	2	1	1/32	1/32	1		1	67	183
11	11	5/32	5/32	2/4	2	1	1/32	1/32	1		3	69	184
11	11	3/16	3/16	2/4	2	1	1/32	1/32	1		5	71	185
11	11	7/32	7/32	2/4	2	1	1/32	1/32	1		0	72	186
11	11	1/4	1/4	2/4	2	1	1/32	1/32	1		-5	73	187
11	11	9/32	9/32	2/4	2	1	1/32	1/32	1		-3	75	188
11	11	5/16	5/16	2/4	2	1	1/32	1/32	1		-1	77	189
11	11	11/32	11/32	2/4	2	1	1/32	1/32	1		-6	78	190
11	11	3/8	3/8	2/4	2	1	1/32	1/32	1		1	79	191
11	11	13/32	13/32	2/4	2	1	1/32	1/32	1		3	81	192
11	11	7/16	7/16	2/4	2	1	1/32	1/32	1		5	83	193
11	11	15/32	15/32	2/4	2	1	1/32	1/32	1		0	84	194
12	12	0	0	2/4	2	1	1/32	1/32	1		-3	87	195
12	12	1/32	1/32	2/4	2	1	1/32	1/32	1		-5	85	196
12	12	1/16	1/16	2/4	2	1	1/32	1/32	1		-7	83	197
12	12	3/32	3/32	2/4	2	1	1/32	1/32	1		-2	82	198
12	12	1/8	1/8	2/4	2	1	1/32	1/32	1		-4	80	199
12	12	5/32	5/32	2/4	2	1	1/32	1/32	1		-6	78	200
12	12	3/16	3/16	2/4	2	1	1/32	1/32	1		-1	77	201
12	12	7/32	7/32	2/4	2	1	1/32	1/32	1		-3	75	202
12	12	1/4	1/4	2/4	2	1	1/32	1/32	1		-5	73	203
12	12	9/32	9/32	2/4	2	1	1/32	1/32	1		-7	71	204
12	12	5/16	5/16	2/4	2	1	1/32	1/32	1		-2	70	205
12	12	11/32	11/32	2/4	2	1	1/32	1/32	1		-4	68	206
12	12	3/8	3/8	2/4	2	1	1/32	1/32	1		-6	66	207
12	12	13/32	13/32	2/4	2	1	1/32	1/32	1		-1	65	208
12	12	7/16	7/16	2/4	2	1	1/32	1/32	1		-3	63	209
12	12	15/32	15/32	2/4	2	1	1/32	1/32	1		-5	61	210
13	13	0	0	2/4	2	1	1/32	1/32	1		-2	58	211
13	13	1/32	1/32	2/4	2	1	1/32	1/32	1		0	60	212
13	13	1/16	1/16	2/4	2	1	1/32	1/32	1		2	62	213
13	13	3/32	3/32	2/4	2	1	1/32	1/32	1		-3	63	214
13	13	1/8	1/8	2/4	2	1	1/32	1/32	1		-1	65	215
13	13	5/32	5/32	2/4	2	1	1/32	1/32	1		-3	63	216
13	13	3/16	3/16	2/4	2	1	1/32	1/32	1		2	62	217
13	13	7/32	7/32	2/4	2	1	1/32	1/32	1		0	60	218
13	13	1/4	1/4	2/4	2	1	1/32	1/32	1		-1	65	219
13	13	9/32	9/32	2/4	2	1	1/32	1/32	1		1	67	220
13	13	5/16	5/16	2/4	2	1	1/32	1/32	1		-4	68	221
13	13	11/32	11/32	2/4	2	1	1/32	1/32	1		-2	70	222
13	13	3/8	3/8	2/4	2	1	1/32	1/32	1		2	74	223
13	13	13/32	13/32	2/4	2	1	1/32	1/32	1		0	72	224
13	13	7/16	7/16	2/4	2	1	1/32	1/32	1		-2	70	225
13	13	15/32	15/32	2/4	2	1	1/32	1/32	1		-4	68	226
14	14	0	0	2/4	2	1	1/32	1/32	1		-2	70	227
14	14	1/32	1/32	2/4	2	1	1/32	1/32	1		0	72	228
14	14	1/16	1/16	2/4	2	1	1/32	1/32	1		2	74	229
14	14	3/32	3/32	2/4	2	1	1/32	1/32	1		-3	75	230
14	14	1/8	1/8	2/4	2	1	1/32	1/32	1		1	79	231
14	14	5/32	5/32	2/4	2	1	1/32	1/32	1		-1	77	232
14	14	3/16	3/16	2/4	2	1	1/32	1/32	1		-3	75	233
14	14	7/32	7/32	2/4	2	1	1/32	1/32	1		2	74	234
14	14	1/4	1/4	2/4	2	1	1/32	1/32	1		-1	77	235
14	14	9/32	9/32	2/4	2	1	1/32	1/32	1		1	79	236
14	14	5/16	5/16	2/4	2	1	1/32	1/32	1		-4	80	237
14	14	11/32	11/32	2/4	2	1	1/32	1/32	1		-2	82	238
14	14	3/8	3/8	2/4	2	1	1/32	1/32	1		2	86	239
14	14	13/32	13/32	2/4	2	1	1/32	1/32	1		0	84	240
14	14	7/16	7/16	2/4	2	1	1/32	1/32	1		-2	82	241
14	14	15/32	15/32	2/4	2	1	1/32	1/32	1		-4	80	242
15	15	0	0	2/4	2	1	1/32	1/32	1		-3	87	243
15	15	1/32	1/32	2/4	2	1	1/32	1/32	1		-1	89	244
15	15	1/16	1/16	2/4	2	1	1/32	1/32	1		-3	87	245
15	15	3/32	3/32	2/4	2	1	1/32	1/32	1		-1	89	246
15	15	1/8	1/8	2/4	2	1	1/32	1/32	1		-4	80	247
15	15	5/32	5/32	2/4	2	1	1/32	1/32	1		-2	82	248
15	15	3/16	3/16	2/4	2	1	1/32	1/32	1		-4	80	249
15	15	7/32	7/32	2/4	2	1	1/32	1/32	1		-2	82	250
15	15	1/4	1/4	2/4	2	1	1/32	1/32	1		-3	75	251
15	15	9/32	9/32	2/4	2	1	1/32	1/32	1		-1	77	252
15	15	5/16	5/16	2/4	2	1	1/32	1/32	1		-3	75	253
15	15	11/32	11/32	2/4	2	1	1/32	1/32	1		-1	77	254
15	15	3/8	3/8	2/4	2	1	1/32	1/32	1		-4	80	255
15	15	13/32	13/32	2/4	2	1	1/32	1/32	1		-2	82	256
15	15	7/16	7/16	2/4	2	1	1/32	1/32	1		-4	80	257
15	15	15/32	15/32	2/4	2	1	1/32	1/32	1		-2	82	258
16	16	0	0	2/4	2	1	1/32	1/32	1		-3	75	259
16	16	1/32	1/32	2/4	2	1	1/32	1/32	1		-1	77	260
16	16	1/16	1/16	2/4	2	1	1/32	1/32	1		-3	75	261
16	16	3/32	3/32	2/4	2	1	1/32	1/32	1		-1	77	262
16	16	1/8	1/8	2/4	2	1	1/32	1/32	1		-4	68	263
16	16	5/32	5/32	2/4	2	1	1/32	1/32	1		-2	70	264
16	16	3/16	3/16	2/4	2	1	1/32	1/32	1		-4	68	265
16	16	7/32	7/32	2/4	2	1	1/32	1/32	1		-2	70	266
16	16	1/4	1/4	2/4	2	1	1/32	1/32	1		-3	63	267
16	16	9/32	9/32	2/4	2	1	1/32	1/32	1		-1	65	268
16	16	5/16	5/16	2/4	2	1	1/32	1/32	1		-3	63	269
16	16	11/32	11/32	2/4	2	1	1/32	1/32	1		-1	65	270
16	16	3/8	3/8	2/4	2	1	1/32	1/32	1		-4	68	271
16	16	13/32	13/32	2/4	2	1	1/32	1/32	1		-2	70	272
16	16	7/16	7/16	2/4	2	1	1/32	1/32	1		-4	68	273
16	16	15/32	15/32	2/4	2	1	1/32	1/32	1		-2	70	274
17	17	0	0	2/4	2	1	1/32	1/32	1		-2	58	275
17	17	0	0	2/4	2	2	1/16	1/16	1		-2	58	291
17	17	1/32	1/32	2/4	2	1	1/32	1/32	1		0	60	276
17	17	1/16	1/16	2/4	2	1	1/32	1/32	1		-2	58	277
17	17	3/32	3/32	2/4	2	1	1/32	1/32	1		0	60	278
17	17	1/8	1/8	2/4	2	1	1/32	1/32	1		-3	63	279
17	17	5/32	5/32	2/4	2	1	1/32	1/32	1		-4	68	280
17	17	3/16	3/16	2/4	2	1	1/32	1/32	1		-3	63	281
17	17	7/32	7/32	2/4	2	1	1/32	1/32	1		-4	68	282
17	17	1/4	1/4	2/4	2	1	1/32	1/32	1		-3	75	283
17	17	9/32	9/32	2/4	2	1	1/32	1/32	1		-1	77	284
17	17	5/16	5/16	2/4	2	1	1/32	1/32	1		-3	75	285
17	17	11/32	11/32	2/4	2	1	1/32	1/32	1		-1	77	286
17	17	3/8	3/8	2/4	2	1	1/32	1/32	1		-3	63	287
17	17	13/32	13/32	2/4	2	1	1/32	1/32	1		-4	68	288
17	17	7/16	7/16	2/4	2	1	1/32	1/32	1		-3	63	289
17	17	15/32	15/32	2/4	2	1	1/32	1/32	1		-4	68	290
18	18	0	0	2/4	2	1	1/32	1/32	1		-2	58	292
18	18	0	0	2/4	2	2	1/16	1/16	1		-2	58	308
18	18	1/32	1/32	2/4	2	1	1/32	1/32	1		0	60	293
18	18	1/16	1/16	2/4	2	1	1/32	1/32	1		-2	58	294
18	18	3/32	3/32	2/4	2	1	1/32	1/32	1		0	60	295
18	18	1/8	1/8	2/4	2	1	1/32	1/32	1		-5	61	296
18	18	5/32	5/32	2/4	2	1	1/32	1/32	1		-6	66	297
18	18	3/16	3/16	2/4	2	1	1/32	1/32	1		-5	61	298
18	18	7/32	7/32	2/4	2	1	1/32	1/32	1		-6	66	299
18	18	1/4	1/4	2/4	2	1	1/32	1/32	1		-4	68	300
18	18	9/32	9/32	2/4	2	1	1/32	1/32	1		-5	73	301
18	18	5/16	5/16	2/4	2	1	1/32	1/32	1		-4	68	302
18	18	11/32	11/32	2/4	2	1	1/32	1/32	1		-5	73	303
18	18	3/8	3/8	2/4	2	1	1/32	1/32	1		-6	66	304
18	18	13/32	13/32	2/4	2	1	1/32	1/32	1		-5	61	305
18	18	7/16	7/16	2/4	2	1	1/32	1/32	1		-6	66	306
18	18	15/32	15/32	2/4	2	1	1/32	1/32	1		-5	61	307
19	19	0	0	2/4	2	1	1/32	1/32	1		-2	58	309
19	19	0	0	2/4	2	2	1/16	1/16	1		-2	58	325
19	19	1/32	1/32	2/4	2	1	1/32	1/32	1		0	60	310
19	19	1/16	1/16	2/4	2	1	1/32	1/32	1		-2	58	311
19	19	3/32	3/32	2/4	2	1	1/32	1/32	1		0	60	312
19	19	1/8	1/8	2/4	2	1	1/32	1/32	1		2	62	313
19	19	5/32	5/32	2/4	2	1	1/32	1/32	1		1	67	314
19	19	3/16	3/16	2/4	2	1	1/32	1/32	1		2	62	315
19	19	7/32	7/32	2/4	2	1	1/32	1/32	1		1	67	316
19	19	1/4	1/4	2/4	2	1	1/32	1/32	1		3	69	317
19	19	9/32	9/32	2/4	2	1	1/32	1/32	1		0	72	318
19	19	5/16	5/16	2/4	2	1	1/32	1/32	1		3	69	319
19	19	11/32	11/32	2/4	2	1	1/32	1/32	1		0	72	320
19	19	3/8	3/8	2/4	2	1	1/32	1/32	1		1	67	321
19	19	13/32	13/32	2/4	2	1	1/32	1/32	1		2	62	322
19	19	7/16	7/16	2/4	2	1	1/32	1/32	1		1	67	323
19	19	15/32	15/32	2/4	2	1	1/32	1/32	1		2	62	324
20	20	0	0	2/4	2	1	1/32	1/32	1		-2	58	326
20	20	0	0	2/4	2	2	1/16	1/16	1		-2	58	342
20	20	1/32	1/32	2/4	2	1	1/32	1/32	1		0	60	327
20	20	1/16	1/16	2/4	2	1	1/32	1/32	1		-2	58	328
20	20	3/32	3/32	2/4	2	1	1/32	1/32	1		0	60	329
20	20	1/8	1/8	2/4	2	1	1/32	1/32	1		4	64	330
20	20	5/32	5/32	2/4	2	1	1/32	1/32	1		1	67	331
20	20	3/16	3/16	2/4	2	1	1/32	1/32	1		4	64	332
20	20	7/32	7/32	2/4	2	1	1/32	1/32	1		1	67	333
20	20	1/4	1/4	2/4	2	1	1/32	1/32	1		3	69	334
20	20	9/32	9/32	2/4	2	1	1/32	1/32	1		0	72	335
20	20	5/16	5/16	2/4	2	1	1/32	1/32	1		3	69	336
20	20	11/32	11/32	2/4	2	1	1/32	1/32	1		0	72	337
20	20	3/8	3/8	2/4	2	1	1/32	1/32	1		1	67	338
20	20	13/32	13/32	2/4	2	1	1/32	1/32	1		4	64	339
20	20	7/16	7/16	2/4	2	1	1/32	1/32	1		1	67	340
20	20	15/32	15/32	2/4	2	1	1/32	1/32	1		4	64	341
21	21	0	0	2/4	2	1	1/32	1/32	1		-2	58	343
21	21	0	0	2/4	2	2	1/16	1/16	1		-2	58	359
21	21	1/32	1/32	2/4	2	1	1/32	1/32	1		0	60	344
21	21	1/16	1/16	2/4	2	1	1/32	1/32	1		-2	58	345
21	21	3/32	3/32	2/4	2	1	1/32	1/32	1		0	60	346
21	21	1/8	1/8	2/4	2	1	1/32	1/32	1		-5	61	347
21	21	5/32	5/32	2/4	2	1	1/32	1/32	1		-1	65	348
21	21	3/16	3/16	2/4	2	1	1/32	1/32	1		-5	61	349
21	21	7/32	7/32	2/4	2	1	1/32	1/32	1		-1	65	350
21	21	1/4	1/4	2/4	2	1	1/32	1/32	1		3	57	351
21	21	9/32	9/32	2/4	2	1	1/32	1/32	1		0	60	352
21	21	5/16	5/16	2/4	2	1	1/32	1/32	1		3	57	353
21	21	11/32	11/32	2/4	2	1	1/32	1/32	1		0	60	354
21	21	3/8	3/8	2/4	2	1	1/32	1/32	1		-5	61	355
21	21	13/32	13/32	2/4	2	1	1/32	1/32	1		-1	65	356
21	21	7/16	7/16	2/4	2	1	1/32	1/32	1		-5	61	357
21	21	15/32	15/32	2/4	2	1	1/32	1/32	1		-1	65	358
22	22	0	0	2/4	2	1	1/32	1/32	1		-4	56	360
22	22	0	0	2/4	2	2	1/16	1/16	1		-4	56	376
22	22	1/32	1/32	2/4	2	1	1/32	1/32	1		0	60	361
22	22	1/16	1/16	2/4	2	1	1/32	1/32	1		-4	56	362
22	22	3/32	3/32	2/4	2	1	1/32	1/32	1		0	60	363
22	22	1/8	1/8	2/4	2	1	1/32	1/32	1		-5	61	364
22	22	5/32	5/32	2/4	2	1	1/32	1/32	1		-1	65	365
22	22	3/16	3/16	2/4	2	1	1/32	1/32	1		-5	61	366
22	22	7/32	7/32	2/4	2	1	1/32	1/32	1		-1	65	367
22	22	1/4	1/4	2/4	2	1	1/32	1/32	1		1	55	368
22	22	1/4	1/4	2/4	2	2	1/16	1/16	1		1	55	377
22	22	9/32	9/32	2/4	2	1	1/32	1/32	1		-2	58	369
22	22	5/16	5/16	2/4	2	1	1/32	1/32	1		1	55	370
22	22	11/32	11/32	2/4	2	1	1/32	1/32	1		-2	58	371
22	22	3/8	3/8	2/4	2	1	1/32	1/32	1		0	60	372
22	22	13/32	13/32	2/4	2	1	1/32	1/32	1		4	64	373
22	22	7/16	7/16	2/4	2	1	1/32	1/32	1		0	60	374
22	22	15/32	15/32	2/4	2	1	1/32	1/32	1		4	64	375
23	23	0	0	2/4	2	1	1/32	1/32	1		-2	58	378
23	23	0	0	2/4	2	2	1/16	1/16	1		-2	58	394
23	23	1/32	1/32	2/4	2	1	1/32	1/32	1		0	60	379
23	23	1/16	1/16	2/4	2	1	1/32	1/32	1		-2	58	380
23	23	3/32	3/32	2/4	2	1	1/32	1/32	1		0	60	381
23	23	1/8	1/8	2/4	2	1	1/32	1/32	1		-5	61	382
23	23	5/32	5/32	2/4	2	1	1/32	1/32	1		-1	65	383
23	23	3/16	3/16	2/4	2	1	1/32	1/32	1		-5	61	384
23	23	7/32	7/32	2/4	2	1	1/32	1/32	1		-1	65	385
23	23	1/4	1/4	2/4	2	1	1/32	1/32	1		3	57	386
23	23	1/4	1/4	2/4	2	2	1/16	1/16	1		3	57	395
23	23	9/32	9/32	2/4	2	1	1/32	1/32	1		0	60	387
23	23	5/16	5/16	2/4	2	1	1/32	1/32	1		3	57	388
23	23	11/32	11/32	2/4	2	1	1/32	1/32	1		0	60	389
23	23	3/8	3/8	2/4	2	1	1/32	1/32	1		-5	61	390
23	23	13/32	13/32	2/4	2	1	1/32	1/32	1		-1	65	391
23	23	7/16	7/16	2/4	2	1	1/32	1/32	1		-5	61	392
23	23	15/32	15/32	2/4	2	1	1/32	1/32	1		-1	65	393
24	24	0	0	2/4	2	1	1/32	1/32	1		-4	56	396
24	24	0	0	2/4	2	2	1/16	1/16	1		-4	56	412
24	24	1/32	1/32	2/4	2	1	1/32	1/32	1		0	60	397
24	24	1/16	1/16	2/4	2	1	1/32	1/32	1		-4	56	398
24	24	3/32	3/32	2/4	2	1	1/32	1/32	1		0	60	399
24	24	1/8	1/8	2/4	2	1	1/32	1/32	1		-5	61	400
24	24	5/32	5/32	2/4	2	1	1/32	1/32	1		-1	65	401
24	24	3/16	3/16	2/4	2	1	1/32	1/32	1		-5	61	402
24	24	7/32	7/32	2/4	2	1	1/32	1/32	1		-1	65	403
24	24	1/4	1/4	2/4	2	1	1/32	1/32	1		-6	54	404
24	24	1/4	1/4	2/4	2	2	1/16	1/16	1		-6	54	413
24	24	9/32	9/32	2/4	2	1	1/32	1/32	1		-2	58	405
24	24	5/16	5/16	2/4	2	1	1/32	1/32	1		-6	54	406
24	24	11/32	11/32	2/4	2	1	1/32	1/32	1		-2	58	407
24	24	3/8	3/8	2/4	2	1	1/32	1/32	1		0	60	408
24	24	13/32	13/32	2/4	2	1	1/32	1/32	1		4	64	409
24	24	7/16	7/16	2/4	2	1	1/32	1/32	1		0	60	410
24	24	15/32	15/32	2/4	2	1	1/32	1/32	1		4	64	411
25	25	0	0	2/4	2	1	1/32	1/32	1		-2	58	414
25	25	1/32	1/32	2/4	2	1	1/32	1/32	1		0	60	415
25	25	1/16	1/16	2/4	2	1	1/32	1/32	1		-2	58	416
25	25	3/32	3/32	2/4	2	1	1/32	1/32	1		0	60	417
25	25	1/8	1/8	2/4	2	1	1/32	1/32	1		4	52	418
25	25	5/32	5/32	2/4	2	1	1/32	1/32	1		6	54	419
25	25	3/16	3/16	2/4	2	1	1/32	1/32	1		4	52	420
25	25	7/32	7/32	2/4	2	1	1/32	1/32	1		6	54	421
25	25	1/4	1/4	2/4	2	1	1/32	1/32	1		-2	46	422
25	25	9/32	9/32	2/4	2	1	1/32	1/32	1		0	48	423
25	25	5/16	5/16	2/4	2	1	1/32	1/32	1		-2	46	424
25	25	11/32	11/32	2/4	2	1	1/32	1/32	1		0	48	425
25	25	3/8	3/8	2/4	2	1	1/32	1/32	1		4	52	426
25	25	13/32	13/32	2/4	2	1	1/32	1/32	1		6	54	427
25	25	7/16	7/16	2/4	2	1	1/32	1/32	1		4	52	428
25	25	15/32	15/32	2/4	2	1	1/32	1/32	1		6	54	429
26	26	0	0	2/4	2	1	1/32	1/32	1		-2	58	430
26	26	1/32	1/32	2/4	2	1	1/32	1/32	1		0	60	431
26	26	1/16	1/16	2/4	2	1	1/32	1/32	1		-2	58	432
26	26	3/32	3/32	2/4	2	1	1/32	1/32	1		3	57	433
26	26	1/8	1/8	2/4	2	1	1/32	1/32	1		1	55	434
26	26	5/32	5/32	2/4	2	1	1/32	1/32	1		-1	53	435
26	26	3/16	3/16	2/4	2	1	1/32	1/32	1		4	52	436
26	26	7/32	7/32	2/4	2	1	1/32	1/32	1		2	50	437
26	26	1/4	1/4	2/4	2	1	1/32	1/32	1		-2	46	438
26	26	9/32	9/32	2/4	2	1	1/32	1/32	1		0	48	439
26	26	5/16	5/16	2/4	2	1	1/32	1/32	1		2	50	440
26	26	11/32	11/32	2/4	2	1	1/32	1/32	1		4	52	441
26	26	3/8	3/8	2/4	2	1	1/32	1/32	1		-1	53	442
26	26	13/32	13/32	2/4	2	1	1/32	1/32	1		1	55	443
26	26	7/16	7/16	2/4	2	1	1/32	1/32	1		3	57	444
26	26	15/32	15/32	2/4	2	1	1/32	1/32	1		-2	58	445
27	27	0	0	2/4	2	1	1/32	1/32	1		-5	61	446
27	27	1/32	1/32	2/4	2	1	1/32	1/32	1		-3	63	447
27	27	1/16	1/16	2/4	2	1	1/32	1/32	1		-5	61	448
27	27	3/32	3/32	2/4	2	1	1/32	1/32	1		-3	63	449
27	27	1/8	1/8	2/4	2	1	1/32	1/32	1		3	57	450
27	27	5/32	5/32	2/4	2	1	1/32	1/32	1		-2	58	451
27	27	3/16	3/16	2/4	2	1	1/32	1/32	1		3	57	452
27	27	7/32	7/32	2/4	2	1	1/32	1/32	1		-2	58	453
27	27	1/4	1/4	2/4	2	1	1/32	1/32	1		-3	51	454
27	27	9/32	9/32	2/4	2	1	1/32	1/32	1		-1	53	455
27	27	5/16	5/16	2/4	2	1	1/32	1/32	1		-3	51	456
27	27	11/32	11/32	2/4	2	1	1/32	1/32	1		-1	53	457
27	27	3/8	3/8	2/4	2	1	1/32	1/32	1		3	57	458
27	27	13/32	13/32	2/4	2	1	1/32	1/32	1		-2	58	459
27	27	7/16	7/16	2/4	2	1	1/32	1/32	1		3	57	460
27	27	15/32	15/32	2/4	2	1	1/32	1/32	1		-2	58	461
28	28	0	0	2/4	2	1	1/32	1/32	1		-5	61	462
28	28	1/32	1/32	2/4	2	1	1/32	1/32	1		-3	63	463
28	28	1/16	1/16	2/4	2	1	1/32	1/32	1		-5	61	464
28	28	3/32	3/32	2/4	2	1	1/32	1/32	1		-7	59	465
28	28	1/8	1/8	2/4	2	1	1/32	1/32	1		-9	57	466
28	28	5/32	5/32	2/4	2	1	1/32	1/32	1		-4	56	467
28	28	3/16	3/16	2/4	2	1	1/32	1/32	1		-6	54	468
28	28	7/32	7/32	2/4	2	1	1/32	1/32	1		-8	52	469
28	28	1/4	1/4	2/4	2	1	1/32	1/32	1		-5	49	470
28	28	9/32	9/32	2/4	2	1	1/32	1/32	1		-3	51	471
28	28	5/16	5/16	2/4	2	1	1/32	1/32	1		-8	52	472
28	28	11/32	11/32	2/4	2	1	1/32	1/32	1		-6	54	473
28	28	3/8	3/8	2/4	2	1	1/32	1/32	1		-4	56	474
28	28	13/32	13/32	2/4	2	1	1/32	1/32	1		-9	57	475
28	28	7/16	7/16	2/4	2	1	1/32	1/32	1		-7	59	476
28	28	15/32	15/32	2/4	2	1	1/32	1/32	1		-5	61	477
29	29	0	0	2/4	2	1	1/32	1/32	1		4	64	478
29	29	1/32	1/32	2/4	2	1	1/32	1/32	1		6	66	479
29	29	1/16	1/16	2/4	2	1	1/32	1/32	1		4	64	480
29	29	3/32	3/32	2/4	2	1	1/32	1/32	1		-2	58	481
29	29	1/8	1/8	2/4	2	1	1/32	1/32	1		7	61	482
29	29	5/32	5/32	2/4	2	1	1/32	1/32	1		2	62	483
29	29	3/16	3/16	2/4	2	1	1/32	1/32	1		7	61	484
29	29	7/32	7/32	2/4	2	1	1/32	1/32	1		1	55	485
29	29	1/4	1/4	2/4	2	1	1/32	1/32	1		1	67	486
29	29	9/32	9/32	2/4	2	1	1/32	1/32	1		3	69	487
29	29	5/16	5/16	2/4	2	1	1/32	1/32	1		1	67	488
29	29	11/32	11/32	2/4	2	1	1/32	1/32	1		4	64	489
29	29	3/8	3/8	2/4	2	1	1/32	1/32	1		-6	66	490
29	29	13/32	13/32	2/4	2	1	1/32	1/32	1		-3	63	491
29	29	7/16	7/16	2/4	2	1	1/32	1/32	1		-1	65	492
29	29	15/32	15/32	2/4	2	1	1/32	1/32	1		2	62	493
30	30	0	0	2/4	2	1	1/32	1/32	1		4	64	494
30	30	1/32	1/32	2/4	2	1	1/32	1/32	1		6	66	495
30	30	1/16	1/16	2/4	2	1	1/32	1/32	1		4	64	496
30	30	3/32	3/32	2/4	2	1	1/32	1/32	1		-2	58	497
30	30	1/8	1/8	2/4	2	1	1/32	1/32	1		7	61	498
30	30	5/32	5/32	2/4	2	1	1/32	1/32	1		2	62	499
30	30	3/16	3/16	2/4	2	1	1/32	1/32	1		7	61	500
30	30	7/32	7/32	2/4	2	1	1/32	1/32	1		1	55	501
30	30	1/4	1/4	2/4	2	1	1/32	1/32	1		1	67	502
30	30	9/32	9/32	2/4	2	1	1/32	1/32	1		3	69	503
30	30	5/16	5/16	2/4	2	1	1/32	1/32	1		1	67	504
30	30	11/32	11/32	2/4	2	1	1/32	1/32	1		7	61	505
30	30	3/8	3/8	2/4	2	1	1/32	1/32	1		4	64	506
30	30	13/32	13/32	2/4	2	1	1/32	1/32	1		6	66	507
30	30	7/16	7/16	2/4	2	1	1/32	1/32	1		4	64	508
30	30	15/32	15/32	2/4	2	1	1/32	1/32	1		-2	58	509
31	31	0	0	2/4	2	1	1/32	1/32	1		-5	73	510
31	31	1/32	1/32	2/4	2	1	1/32	1/32	1		-2	70	511
31	31	1/16	1/16	2/4	2	1	1/32	1/32	1		0	72	512
31	31	3/32	3/32	2/4	2	1	1/32	1/32	1		3	69	513
31	31	1/8	1/8	2/4	2	1	1/32	1/32	1		-4	68	514
31	31	5/32	5/32	2/4	2	1	1/32	1/32	1		4	64	515
31	31	3/16	3/16	2/4	2	1	1/32	1/32	1		-1	65	516
31	31	7/32	7/32	2/4	2	1	1/32	1/32	1		3	69	517
31	31	1/4	1/4	2/4	2	1	1/32	1/32	1		-2	70	518
31	31	9/32	9/32	2/4	2	1	1/32	1/32	1		-6	66	519
31	31	5/16	5/16	2/4	2	1	1/32	1/32	1		1	67	520
31	31	11/32	11/32	2/4	2	1	1/32	1/32	1		5	71	521
31	31	3/8	3/8	2/4	2	1	1/32	1/32	1		0	72	522
31	31	13/32	13/32	2/4	2	1	1/32	1/32	1		-4	68	523
31	31	7/16	7/16	2/4	2	1	1/32	1/32	1		3	69	524
31	31	15/32	15/32	2/4	2	1	1/32	1/32	1		7	73	525
32	32	0	0	2/4	2	1	1/32	1/32	1		4	76	526
32	32	1/32	1/32	2/4	2	1	1/32	1/32	1		0	72	527
32	32	1/16	1/16	2/4	2	1	1/32	1/32	1		-3	75	528
32	32	3/32	3/32	2/4	2	1	1/32	1/32	1		-7	71	529
32	32	1/8	1/8	2/4	2	1	1/32	1/32	1		-2	70	530
32	32	5/32	5/32	2/4	2	1	1/32	1/32	1		-6	66	531
32	32	3/16	3/16	2/4	2	1	1/32	1/32	1		1	67	532
32	32	7/32	7/32	2/4	2	1	1/32	1/32	1		5	71	533
32	32	1/4	1/4	2/4	2	1	1/32	1/32	1		0	72	534
32	32	9/32	9/32	2/4	2	1	1/32	1/32	1		-4	68	535
32	32	5/16	5/16	2/4	2	1	1/32	1/32	1		3	69	536
32	32	11/32	11/32	2/4	2	1	1/32	1/32	1		7	73	537
32	32	3/8	3/8	2/4	2	1	1/32	1/32	1		2	74	538
32	32	13/32	13/32	2/4	2	1	1/32	1/32	1		-2	70	539
32	32	7/16	7/16	2/4	2	1	1/32	1/32	1		-7	71	540
32	32	15/32	15/32	2/4	2	1	1/32	1/32	1		-3	75	541
33	33	0	0	2/4	2	1	1/64	1/64	1		-2	82	542
33	33	1/64	1/64	2/4	2	1	1/64	1/64	1		-4	80	543
33	33	1/32	1/32	2/4	2	1	1/64	1/64	1		-6	78	544
33	33	3/64	3/64	2/4	2	1	1/64	1/64	1		-3	75	545
33	33	1/16	1/16	2/4	2	1	1/64	1/64	1		-5	73	546
33	33	5/64	5/64	2/4	2	1	1/64	1/64	1		-2	70	547
33	33	3/32	3/32	2/4	2	1	1/64	1/64	1		-4	68	548
33	33	7/64	7/64	2/4	2	1	1/64	1/64	1		-6	66	549
33	33	1/8	1/8	2/4	2	1	1/64	1/64	1		-3	63	550
33	33	9/64	9/64	2/4	2	1	1/64	1/64	1		-5	61	551
33	33	5/32	5/32	2/4	2	1	3/128	1/32	3/4		2	62	552
33	33	23/128	23/128	2/4	2	1	3/128	1/32	3/4		4	64	553
33	33	13/64	13/64	2/4	2	1	3/128	1/32	3/4		2	62	554
33	33	29/128	29/128	2/4	2	1	3/128	1/32	3/4		-7	59	555
33	33	1/4	1/4	2/4	2	1	1/64	1/64	1		-2	82	556
33	33	17/64	17/64	2/4	2	1	1/64	1/64	1		-4	80	557
33	33	9/32	9/32	2/4	2	1	1/64	1/64	1		-6	78	558
33	33	19/64	19/64	2/4	2	1	1/64	1/64	1		-3	75	559
33	33	5/16	5/16	2/4	2	1	1/64	1/64	1		-5	73	560
33	33	21/64	21/64	2/4	2	1	1/64	1/64	1		-2	70	561
33	33	11/32	11/32	2/4	2	1	1/64	1/64	1		-4	68	562
33	33	23/64	23/64	2/4	2	1	1/64	1/64	1		-6	66	563
33	33	3/8	3/8	2/4	2	1	1/64	1/64	1		4	64	564
33	33	25/64	25/64	2/4	2	1	1/64	1/64	1		2	62	565
33	33	13/32	13/32	2/4	2	1	3/128	1/32	3/4		2	62	566
33	33	55/128	55/128	2/4	2	1	3/128	1/32	3/4		4	64	567
33	33	29/64	29/64	2/4	2	1	3/128	1/32	3/4		2	62	568
33	33	61/128	61/128	2/4	2	1	3/128	1/32	3/4		-7	59	569
34	34	0	0	2/4	1	1	1/90	1/64	32/45		-2	82	570
34	34	1/90	1/90	2/4	1	1	1/90	1/64	32/45		-4	80	571
34	34	1/45	1/45	2/4	1	1	1/90	1/64	32/45		-6	78	572
34	34	1/30	1/30	2/4	1	1	1/90	1/64	32/45		-3	75	573
34	34	2/45	2/45	2/4	1	1	1/90	1/64	32/45		-5	73	574
34	34	1/18	1/18	2/4	1	1	1/90	1/64	32/45		-2	70	575
34	34	1/15	1/15	2/4	1	1	1/90	1/64	32/45		-4	68	576
34	34	7/90	7/90	2/4	1	1	1/90	1/64	32/45		-6	66	577
34	34	4/45	4/45	2/4	1	1	1/90	1/64	32/45		-3	63	578
34	34	1/10	1/10	2/4	1	1	1/90	1/64	32/45		-5	61	579
34	34	1/9	1/9	2/4	1	1	1/90	1/64	32/45		4	76	580
34	34	11/90	11/90	2/4	1	1	1/90	1/64	32/45		2	74	581
34	34	2/15	2/15	2/4	1	1	1/90	1/64	32/45		0	72	582
34	34	13/90	13/90	2/4	1	1	1/90	1/64	32/45		5	71	583
34	34	7/45	7/45	2/4	1	1	1/90	1/64	32/45		3	69	584
34	34	1/6	1/6	2/4	1	1	1/90	1/64	32/45		1	67	585
34	34	8/45	8/45	2/4	1	1	1/90	1/64	32/45		-1	65	586
34	34	17/90	17/90	2/4	1	1	1/90	1/64	32/45		4	64	587
34	34	1/5	1/5	2/4	1	1	1/90	1/64	32/45		2	62	588
34	34	19/90	19/90	2/4	1	1	1/90	1/64	32/45		-2	82	589
34	34	2/9	2/9	2/4	1	1	1/90	1/64	32/45		-4	80	590
34	34	7/30	7/30	2/4	1	1	1/90	1/64	32/45		-6	78	591
34	34	11/45	11/45	2/4	1	1	1/90	1/64	32/45		-3	75	592
34	34	23/90	23/90	2/4	1	1	1/90	1/64	32/45		-5	73	593
34	34	4/15	4/15	2/4	1	1	1/90	1/64	32/45		-2	70	594
34	34	5/18	5/18	2/4	1	1	1/90	1/64	32/45		-4	68	595
34	34	13/45	13/45	2/4	1	1	1/90	1/64	32/45		-6	66	596
34	34	3/10	3/10	2/4	1	1	1/90	1/64	32/45		-3	63	597
34	34	14/45	14/45	2/4	1	1	1/90	1/64	32/45		-5	61	598
34	34	29/90	29/90	2/4	1	1	1/90	1/64	32/45		4	64	599
34	34	1/3	1/3	2/4	1	1	1/90	1/64	32/45		2	62	600
34	34	31/90	31/90	2/4	1	1	1/90	1/64	32/45		0	60	601
34	34	16/45	16/45	2/4	1	1	1/90	1/64	32/45		5	59	602
34	34	11/30	11/30	2/4	1	1	1/90	1/64	32/45		3	57	603
34	34	17/45	17/45	2/4	1	1	1/90	1/64	32/45		1	55	604
34	34	7/18	7/18	2/4	1	1	1/90	1/64	32/45		-1	53	605
34	34	2/5	2/5	2/4	1	1	1/90	1/64	32/45		4	52	606
34	34	37/90	37/90	2/4	1	1	1/90	1/64	32/45		2	50	607
34	34	19/45	19/45	2/4	1	1	1/90	1/64	32/45		0	48	608
34	34	13/30	13/30	2/4	1	1	1/90	1/64	32/45		5	47	609
34	34	4/9	4/9	2/4	1	1	1/90	1/64	32/45		3	45	610
34	34	41/90	41/90	2/4	1	1	1/90	1/64	32/45		1	43	611
34	34	7/15	7/15	2/4	1	1	1/90	1/64	32/45		-1	41	612
34	34	43/90	43/90	2/4	1	1	1/90	1/64	32/45		4	40	613
34	34	22/45	22/45	2/4	1	1	1/90	1/64	32/45		2	38	614
35	35	0	0	2/4	2	1	1/8	1/8	1		-5	37	615
35	35	1/8	1/8	2/4	2	1	1/8	1/8	1		-5	49	616
35	35	1/4	1/4	2/4	2	1	1/8	1/8	1		-5	61	617
35	35	3/8	3/8	2/4	2	1	1/8	1/8	1		-5	49	618
36	36	0	0	2/4	2	1	1/48	1/32	2/3		-5	37	619
36	36	0	0	2/4	2	2	1/16	1/16	1		-5	37	643
36	36	1/48	1/48	2/4	2	1	1/48	1/32	2/3		-3	39	620
36	36	1/24	1/24	2/4	2	1	1/48	1/32	2/3		-5	37	621
36	36	1/16	1/16	2/4	2	1	1/48	1/32	2/3		-5	49	622
36	36	1/12	1/12	2/4	2	1	1/48	1/32	2/3		-3	51	623
36	36	5/48	5/48	2/4	2	1	1/48	1/32	2/3		-5	49	624
36	36	1/8	1/8	2/4	2	1	1/48	1/32	2/3		0	36	625
36	36	1/8	1/8	2/4	2	2	1/16	1/16	1		0	36	644
36	36	7/48	7/48	2/4	2	1	1/48	1/32	2/3		2	38	626
36	36	1/6	1/6	2/4	2	1	1/48	1/32	2/3		0	36	627
36	36	3/16	3/16	2/4	2	1	1/48	1/32	2/3		-5	49	628
36	36	5/24	5/24	2/4	2	1	1/48	1/32	2/3		-3	51	629
36	36	11/48	11/48	2/4	2	1	1/48	1/32	2/3		-5	49	630
36	36	1/4	1/4	2/4	2	1	1/48	1/32	2/3		3	33	631
36	36	1/4	1/4	2/4	2	2	1/16	1/16	1		3	33	645
36	36	13/48	13/48	2/4	2	1	1/48	1/32	2/3		5	35	632
36	36	7/24	7/24	2/4	2	1	1/48	1/32	2/3		3	33	633
36	36	5/16	5/16	2/4	2	1	1/48	1/32	2/3		-5	49	634
36	36	1/3	1/3	2/4	2	1	1/48	1/32	2/3		-3	51	635
36	36	17/48	17/48	2/4	2	1	1/48	1/32	2/3		-5	49	636
36	36	3/8	3/8	2/4	2	1	1/48	1/32	2/3		0	36	637
36	36	3/8	3/8	2/4	2	2	1/16	1/16	1		0	36	646
36	36	19/48	19/48	2/4	2	1	1/48	1/32	2/3		2	38	638
36	36	5/12	5/12	2/4	2	1	1/48	1/32	2/3		0	36	639
36	36	7/16	7/16	2/4	2	1	1/48	1/32	2/3		-5	49	640
36	36	11/24	11/24	2/4	2	1	1/48	1/32	2/3		-3	51	641
36	36	23/48	23/48	2/4	2	1	1/48	1/32	2/3		-5	49	642
37	37	0	0	2/4	2	1	1/8	1/8	1		-5	37	647
37	37	1/8	1/8	2/4	2	1	1/8	1/8	1		-5	49	648
37	37	1/4	1/4	2/4	2	1	1/8	1/8	1		-5	61	649
37	37	3/8	3/8	2/4	2	1	1/8	1/8	1		-5	49	650
38	38	0	0	2/4	2	1	1/48	1/32	2/3		-5	49	651
38	38	1/48	1/48	2/4	2	1	1/48	1/32	2/3		-3	51	652
38	38	1/24	1/24	2/4	2	1	1/48	1/32	2/3		-5	49	653
38	38	1/16	1/16	2/4	2	1	1/48	1/32	2/3		2	50	654
38	38	1/12	1/12	2/4	2	1	1/48	1/32	2/3		4	52	655
38	38	5/48	5/48	2/4	2	1	1/48	1/32	2/3		2	50	656
38	38	1/8	1/8	2/4	2	1	1/48	1/32	2/3		-3	51	657
38	38	7/48	7/48	2/4	2	1	1/48	1/32	2/3		-6	54	658
38	38	1/6	1/6	2/4	2	1	1/48	1/32	2/3		-3	51	659
38	38	3/16	3/16	2/4	2	1	1/48	1/32	2/3		2	50	660
38	38	5/24	5/24	2/4	2	1	1/48	1/32	2/3		4	52	661
38	38	11/48	11/48	2/4	2	1	1/48	1/32	2/3		2	50	662
38	38	1/4	1/4	2/4	2	1	1/48	1/32	2/3		-5	49	663
38	38	13/48	13/48	2/4	2	1	1/48	1/32	2/3		-3	51	664
38	38	7/24	7/24	2/4	2	1	1/48	1/32	2/3		-5	49	665
38	38	5/16	5/16	2/4	2	1	1/48	1/32	2/3		2	50	666
38	38	1/3	1/3	2/4	2	1	1/48	1/32	2/3		4	52	667
38	38	17/48	17/48	2/4	2	1	1/48	1/32	2/3		2	50	668
38	38	3/8	3/8	2/4	2	1	1/48	1/32	2/3		3	45	669
38	38	19/48	19/48	2/4	2	1	1/48	1/32	2/3		5	47	670
38	38	5/12	5/12	2/4	2	1	1/48	1/32	2/3		3	45	671
38	38	7/16	7/16	2/4	2	1	1/48	1/32	2/3		-7	47	672
38	38	11/24	11/24	2/4	2	1	1/48	1/32	2/3		2	50	673
38	38	23/48	23/48	2/4	2	1	1/48	1/32	2/3		-7	47	674
39	39	0	0	2/4	2	1	1/48	1/32	2/3		-5	49	675
39	39	1/48	1/48	2/4	2	1	1/48	1/32	2/3		-3	51	676
39	39	1/24	1/24	2/4	2	1	1/48	1/32	2/3		-5	49	677
39	39	1/16	1/16	2/4	2	1	1/48	1/32	2/3		2	50	678
39	39	1/12	1/12	2/4	2	1	1/48	1/32	2/3		4	52	679
39	39	5/48	5/48	2/4	2	1	1/48	1/32	2/3		2	50	680
39	39	1/8	1/8	2/4	2	1	1/48	1/32	2/3		-3	51	681
39	39	7/48	7/48	2/4	2	1	1/48	1/32	2/3		-6	54	682
39	39	1/6	1/6	2/4	2	1	1/48	1/32	2/3		-3	51	683
39	39	3/16	3/16	2/4	2	1	1/48	1/32	2/3		2	50	684
39	39	5/24	5/24	2/4	2	1	1/48	1/32	2/3		4	52	685
39	39	11/48	11/48	2/4	2	1	1/48	1/32	2/3		2	50	686
39	39	1/4	1/4	2/4	2	1	1/48	1/32	2/3		-5	49	687
39	39	13/48	13/48	2/4	2	1	1/48	1/32	2/3		-3	51	688
39	39	7/24	7/24	2/4	2	1	1/48	1/32	2/3		-5	49	689
39	39	5/16	5/16	2/4	2	1	1/48	1/32	2/3		0	48	690
39	39	1/3	1/3	2/4	2	1	1/48	1/32	2/3		2	50	691
39	39	17/48	17/48	2/4	2	1	1/48	1/32	2/3		0	48	692
39	39	3/8	3/8	2/4	2	1	1/48	1/32	2/3		3	45	693
39	39	19/48	19/48	2/4	2	1	1/48	1/32	2/3		5	47	694
39	39	5/12	5/12	2/4	2	1	1/48	1/32	2/3		3	45	695
39	39	7/16	7/16	2/4	2	1	1/48	1/32	2/3		0	48	696
39	39	11/24	11/24	2/4	2	1	1/48	1/32	2/3		2	50	697
39	39	23/48	23/48	2/4	2	1	1/48	1/32	2/3		0	48	698
40	40	0	0	2/4	2	1	1/48	1/32	2/3		-5	49	711
40	40	0	0	2/4	1	1	1/48	1/32	2/3		1	55	699
40	40	1/48	1/48	2/4	2	1	1/48	1/32	2/3		-3	51	712
40	40	1/48	1/48	2/4	1	1	1/48	1/32	2/3		-1	53	700
40	40	1/24	1/24	2/4	1	1	1/48	1/32	2/3		4	52	701
40	40	1/24	1/24	2/4	2	1	1/48	1/32	2/3		-6	54	713
40	40	1/16	1/16	2/4	1	1	1/48	1/32	2/3		2	50	702
40	40	1/16	1/16	2/4	2	1	1/48	1/32	2/3		-4	56	714
40	40	1/12	1/12	2/4	1	1	1/48	1/32	2/3		4	52	703
40	40	1/12	1/12	2/4	2	1	1/48	1/32	2/3		-6	54	715
40	40	5/48	5/48	2/4	2	1	1/48	1/32	2/3		-3	51	716
40	40	5/48	5/48	2/4	1	1	1/48	1/32	2/3		-1	53	704
40	40	1/8	1/8	2/4	2	1	1/48	1/32	2/3		-5	49	717
40	40	1/8	1/8	2/4	1	1	1/48	1/32	2/3		1	55	705
40	40	7/48	7/48	2/4	2	1	1/48	1/32	2/3		-3	51	718
40	40	7/48	7/48	2/4	1	1	1/48	1/32	2/3		-1	53	706
40	40	1/6	1/6	2/4	1	1	1/48	1/32	2/3		4	52	707
40	40	1/6	1/6	2/4	2	1	1/48	1/32	2/3		-6	54	719
40	40	3/16	3/16	2/4	1	1	1/48	1/32	2/3		2	50	708
40	40	3/16	3/16	2/4	2	1	1/48	1/32	2/3		-4	56	720
40	40	5/24	5/24	2/4	1	1	1/48	1/32	2/3		4	52	709
40	40	5/24	5/24	2/4	2	1	1/48	1/32	2/3		-6	54	721
40	40	11/48	11/48	2/4	2	1	1/48	1/32	2/3		-3	51	722
40	40	11/48	11/48	2/4	1	1	1/48	1/32	2/3		-1	53	710
41	40	0	1/4	2/4	2	1	1/48	1/32	2/3		-5	49	731
41	40	0	1/4	2/4	1	1	1/48	1/32	2/3		1	55	723
41	40	1/48	13/48	2/4	2	1	1/48	1/32	2/3		-3	51	732
41	40	1/48	13/48	2/4	1	1	1/48	1/32	2/3		-1	53	724
41	40	1/24	7/24	2/4	1	1	1/48	1/32	2/3		4	52	725
41	40	1/24	7/24	2/4	2	1	1/48	1/32	2/3		-6	54	733
41	40	1/16	5/16	2/4	1	1	1/48	1/32	2/3		2	50	726
41	40	1/16	5/16	2/4	2	1	1/48	1/32	2/3		-4	56	734
41	40	1/12	1/3	2/4	1	1	1/48	1/32	2/3		4	52	727
41	40	1/12	1/3	2/4	2	1	1/48	1/32	2/3		-6	54	735
41	40	5/48	17/48	2/4	2	1	1/48	1/32	2/3		-3	51	736
41	40	5/48	17/48	2/4	1	1	1/48	1/32	2/3		-1	53	728
41	40	1/8	3/8	2/4	2	1	1/16	1/16	1		-5	49	737
41	40	1/8	3/8	2/4	1	1	1/16	1/16	1		-6	54	729
41	40	3/16	7/16	2/4	1	1	1/16	1/16	1		-5	37	730
42	41	0	0	2/4	2	1	1/48	1/32	2/3		-5	49	757
42	41	0	0	2/4	1	1	1/48	1/32	2/3		1	55	738
42	41	1/48	1/48	2/4	2	1	1/48	1/32	2/3		-3	51	758
42	41	1/48	1/48	2/4	1	1	1/48	1/32	2/3		-1	53	739
42	41	1/24	1/24	2/4	1	1	1/48	1/32	2/3		4	52	740
42	41	1/24	1/24	2/4	2	1	1/48	1/32	2/3		-6	54	759
42	41	1/16	1/16	2/4	1	1	1/48	1/32	2/3		2	50	741
42	41	1/16	1/16	2/4	2	1	1/48	1/32	2/3		-4	56	760
42	41	1/12	1/12	2/4	1	1	1/48	1/32	2/3		4	52	742
42	41	1/12	1/12	2/4	2	1	1/48	1/32	2/3		-6	54	761
42	41	5/48	5/48	2/4	2	1	1/48	1/32	2/3		-3	51	762
42	41	5/48	5/48	2/4	1	1	1/48	1/32	2/3		-1	53	743
42	41	1/8	1/8	2/4	2	1	1/48	1/32	2/3		-5	49	763
42	41	1/8	1/8	2/4	1	1	1/48	1/32	2/3		1	55	744
42	41	7/48	7/48	2/4	2	1	1/48	1/32	2/3		-3	51	764
42	41	7/48	7/48	2/4	1	1	1/48	1/32	2/3		-1	53	745
42	41	1/6	1/6	2/4	1	1	1/48	1/32	2/3		4	52	746
42	41	1/6	1/6	2/4	2	1	1/48	1/32	2/3		-6	54	765
42	41	3/16	3/16	2/4	1	1	1/48	1/32	2/3		2	50	747
42	41	3/16	3/16	2/4	2	1	1/48	1/32	2/3		-4	56	766
42	41	5/24	5/24	2/4	1	1	1/48	1/32	2/3		4	52	748
42	41	5/24	5/24	2/4	2	1	1/48	1/32	2/3		-6	54	767
42	41	11/48	11/48	2/4	2	1	1/48	1/32	2/3		-3	51	768
42	41	11/48	11/48	2/4	1	1	1/48	1/32	2/3		-1	53	749
42	41	1/4	1/4	2/4	2	1	1/48	1/32	2/3		-5	49	769
42	41	1/4	1/4	2/4	1	1	1/48	1/32	2/3		1	55	750
42	41	13/48	13/48	2/4	2	1	1/48	1/32	2/3		-3	51	770
42	41	13/48	13/48	2/4	1	1	1/48	1/32	2/3		-1	53	751
42	41	7/24	7/24	2/4	1	1	1/48	1/32	2/3		4	52	752
42	41	7/24	7/24	2/4	2	1	1/48	1/32	2/3		-6	54	771
42	41	5/16	5/16	2/4	1	1	1/48	1/32	2/3		2	50	753
42	41	5/16	5/16	2/4	2	1	1/48	1/32	2/3		-4	56	772
42	41	1/3	1/3	2/4	1	1	1/48	1/32	2/3		4	52	754
42	41	1/3	1/3	2/4	2	1	1/48	1/32	2/3		-6	54	773
42	41	17/48	17/48	2/4	2	1	1/48	1/32	2/3		-3	51	774
42	41	17/48	17/48	2/4	1	1	1/48	1/32	2/3		-1	53	755
42	41	3/8	3/8	2/4	2	1	1/48	1/32	2/3		-5	49	775
42	41	3/8	3/8	2/4	1	1	1/16	1/16	1		1	55	756
42	41	19/48	19/48	2/4	2	1	1/48	1/32	2/3		-3	51	776
42	41	5/12	5/12	2/4	2	1	1/48	1/32	2/3		4	52	777
42	41	7/16	7/16	2/4	2	1	1/48	1/32	2/3		-1	53	778
42	41	11/24	11/24	2/4	2	1	1/48	1/32	2/3		-6	54	779
42	41	23/48	23/48	2/4	2	1	1/48	1/32	2/3		-4	56	780
43	42	0	0	3/4	2	1	1/32	1/32	1		-7	59	781
43	42	1/32	1/32	3/4	2	1	1/32	1/32	1		-5	61	782
43	42	1/16	1/16	3/4	2	1	1/32	1/32	1		-3	63	783
43	42	3/32	3/32	3/4	2	1	1/32	1/32	1		-1	65	784
43	42	1/8	1/8	3/4	2	1	1/32	1/32	1		-6	66	785
43	42	5/32	5/32	3/4	2	1	1/32	1/32	1		-1	65	786
43	42	3/16	3/16	3/4	2	1	1/32	1/32	1		-3	63	787
43	42	7/32	7/32	3/4	2	1	1/32	1/32	1		-5	61	788
43	42	1/4	1/4	3/4	2	1	1/32	1/32	1		-3	63	789
43	42	9/32	9/32	3/4	2	1	1/32	1/32	1		-1	65	790
43	42	5/16	5/16	3/4	2	1	1/32	1/32	1		-6	66	791
43	42	11/32	11/32	3/4	2	1	1/32	1/32	1		-4	68	792
43	42	3/8	3/8	3/4	2	1	1/32	1/32	1		-2	70	793
43	42	13/32	13/32	3/4	2	1	1/32	1/32	1		-4	68	794
43	42	7/16	7/16	3/4	2	1	1/32	1/32	1		-6	66	795
43	42	15/32	15/32	3/4	2	1	1/32	1/32	1		-1	65	796
43	42	1/2	1/2	3/4	2	1	1/32	1/32	1		-3	63	797
43	42	17/32	17/32	3/4	2	1	1/32	1/32	1		-1	65	798
43	42	9/16	9/16	3/4	2	1	1/32	1/32	1		-6	66	799
43	42	19/32	19/32	3/4	2	1	1/32	1/32	1		-4	68	800
43	42	5/8	5/8	3/4	2	1	1/32	1/32	1		-6	66	801
43	42	21/32	21/32	3/4	2	1	1/32	1/32	1		-1	65	802
43	42	11/16	11/16	3/4	2	1	1/32	1/32	1		-3	63	803
43	42	23/32	23/32	3/4	2	1	1/32	1/32	1		-5	61	804
44	43	0	0	3/4	2	1	1/32	1/32	1		-7	59	805
44	43	1/32	1/32	3/4	2	1	1/32	1/32	1		-5	61	806
44	43	1/16	1/16	3/4	2	1	1/32	1/32	1		-3	63	807
44	43	3/32	3/32	3/4	2	1	1/32	1/32	1		-1	65	808
44	43	1/8	1/8	3/4	2	1	1/32	1/32	1		-6	66	809
44	43	5/32	5/32	3/4	2	1	1/32	1/32	1		-1	65	810
44	43	3/16	3/16	3/4	2	1	1/32	1/32	1		-3	63	811
44	43	7/32	7/32	3/4	2	1	1/32	1/32	1		-5	61	812
44	43	1/4	1/4	3/4	2	1	1/32	1/32	1		5	59	813
44	43	9/32	9/32	3/4	2	1	1/32	1/32	1		0	60	814
44	43	5/16	5/16	3/4	2	1	1/32	1/32	1		2	62	815
44	43	11/32	11/32	3/4	2	1	1/32	1/32	1		4	64	816
44	43	3/8	3/8	3/4	2	1	1/32	1/32	1		-1	65	817
44	43	13/32	13/32	3/4	2	1	1/32	1/32	1		4	64	818
44	43	7/16	7/16	3/4	2	1	1/32	1/32	1		2	62	819
44	43	15/32	15/32	3/4	2	1	1/32	1/32	1		0	60	820
45	44	0	1/4	3/4	2	1	1/32	1/32	1		-7	59	821
45	44	1/32	9/32	3/4	2	1	1/32	1/32	1		-5	61	822
45	44	1/16	5/16	3/4	2	1	1/32	1/32	1		-3	63	823
45	44	3/32	11/32	3/4	2	1	1/32	1/32	1		-1	65	824
45	44	1/8	3/8	3/4	2	1	1/32	1/32	1		-6	66	825
45	44	5/32	13/32	3/4	2	1	1/32	1/32	1		-1	65	826
45	44	3/16	7/16	3/4	2	1	1/32	1/32	1		-3	63	827
45	44	7/32	15/32	3/4	2	1	1/32	1/32	1		-5	61	828
45	44	1/4	1/2	3/4	2	1	1/32	1/32	1		5	59	829
45	44	9/32	17/32	3/4	2	1	1/32	1/32	1		0	60	830
45	44	5/16	9/16	3/4	2	1	1/32	1/32	1		2	62	831
45	44	11/32	19/32	3/4	2	1	1/32	1/32	1		4	64	832
45	44	3/8	5/8	3/4	2	1	1/32	1/32	1		-1	65	833
45	44	13/32	21/32	3/4	2	1	1/32	1/32	1		4	64	834
45	44	7/16	11/16	3/4	2	1	1/32	1/32	1		2	62	835
45	44	15/32	23/32	3/4	2	1	1/32	1/32	1		0	60	836
46	45	0	0	3/4	2	1	1/32	1/32	1		-4	56	837
46	45	0	0	3/4	2	2	1/16	1/16	1		-4	56	861
46	45	1/32	1/32	3/4	2	1	1/32	1/32	1		-2	58	838
46	45	1/16	1/16	3/4	2	1	1/32	1/32	1		-7	59	839
46	45	3/32	3/32	3/4	2	1	1/32	1/32	1		-5	61	840
46	45	1/8	1/8	3/4	2	1	1/32	1/32	1		-3	63	841
46	45	5/32	5/32	3/4	2	1	1/32	1/32	1		-5	61	842
46	45	3/16	3/16	3/4	2	1	1/32	1/32	1		-7	59	843
46	45	7/32	7/32	3/4	2	1	1/32	1/32	1		-2	58	844
46	45	1/4	1/4	3/4	2	1	1/32	1/32	1		1	55	845
46	45	1/4	1/4	3/4	2	2	1/16	1/16	1		1	55	862
46	45	9/32	9/32	3/4	2	1	1/32	1/32	1		3	57	846
46	45	5/16	5/16	3/4	2	1	1/32	1/32	1		5	59	847
46	45	11/32	11/32	3/4	2	1	1/32	1/32	1		0	60	848
46	45	3/8	3/8	3/4	2	1	1/32	1/32	1		2	62	849
46	45	13/32	13/32	3/4	2	1	1/32	1/32	1		0	60	850
46	45	7/16	7/16	3/4	2	1	1/32	1/32	1		5	59	851
46	45	15/32	15/32	3/4	2	1	1/32	1/32	1		3	57	852
46	45	1/2	1/2	3/4	2	1	1/32	1/32	1		-6	54	853
46	45	1/2	1/2	3/4	2	2	1/16	1/16	1		-6	54	863
46	45	17/32	17/32	3/4	2	1	1/32	1/32	1		-4	56	854
46	45	9/16	9/16	3/4	2	1	1/32	1/32	1		-2	58	855
46	45	19/32	19/32	3/4	2	1	1/32	1/32	1		-7	59	856
46	45	5/8	5/8	3/4	2	1	1/32	1/32	1		-5	61	857
46	45	21/32	21/32	3/4	2	1	1/32	1/32	1		-7	59	858
46	45	11/16	11/16	3/4	2	1	1/32	1/32	1		-2	58	859
46	45	23/32	23/32	3/4	2	1	1/32	1/32	1		-4	56	860
47	46	0	0	3/4	2	1	1/32	1/32	1		-1	53	864
47	46	1/32	1/32	3/4	2	1	1/32	1/32	1		-6	54	865
47	46	1/16	1/16	3/4	2	1	1/32	1/32	1		-4	56	866
47	46	3/32	3/32	3/4	2	1	1/32	1/32	1		-2	58	867
47	46	1/8	1/8	3/4	2	1	1/32	1/32	1		-7	59	868
47	46	5/32	5/32	3/4	2	1	1/32	1/32	1		-5	61	869
47	46	3/16	3/16	3/4	2	1	1/32	1/32	1		-3	63	870
47	46	7/32	7/32	3/4	2	1	1/32	1/32	1		-1	65	871
47	46	1/4	1/4	3/4	2	1	1/32	1/32	1		-4	68	872
47	46	9/32	9/32	3/4	2	1	1/32	1/32	1		-2	70	873
47	46	5/16	5/16	3/4	2	1	1/32	1/32	1		-7	71	874
47	46	11/32	11/32	3/4	2	1	1/32	1/32	1		-5	73	875
47	46	3/8	3/8	3/4	2	1	1/32	1/32	1		-3	75	876
47	46	13/32	13/32	3/4	2	1	1/32	1/32	1		-1	77	877
47	46	7/16	7/16	3/4	2	1	1/32	1/32	1		-6	78	878
47	46	15/32	15/32	3/4	2	1	1/32	1/32	1		-4	80	879
48	47	0	1/4	3/4	2	1	1/32	1/32	1		-7	83	880
48	47	1/32	9/32	3/4	2	1	1/32	1/32	1		-9	81	881
48	47	1/16	5/16	3/4	2	1	1/32	1/32	1		-4	80	882
48	47	3/32	11/32	3/4	2	1	1/32	1/32	1		-6	78	883
48	47	1/8	3/8	3/4	2	1	1/32	1/32	1		-8	76	884
48	47	5/32	13/32	3/4	2	1	1/32	1/32	1		-3	75	885
48	47	3/16	7/16	3/4	2	1	1/32	1/32	1		-5	73	886
48	47	7/32	15/32	3/4	2	1	1/32	1/32	1		-7	71	887
48	47	1/4	1/2	3/4	2	1	1/32	1/32	1		-9	69	888
48	47	9/32	17/32	3/4	2	1	1/32	1/32	1		-4	68	889
48	47	5/16	9/16	3/4	2	1	1/32	1/32	1		-6	66	890
48	47	11/32	19/32	3/4	2	1	1/32	1/32	1		-8	64	891
48	47	3/8	5/8	3/4	2	1	1/32	1/32	1		-5	61	892
48	47	13/32	21/32	3/4	2	1	1/32	1/32	1		-7	59	893
48	47	7/16	11/16	3/4	2	1	1/32	1/32	1		-9	57	894
48	47	15/32	23/32	3/4	2	1	1/32	1/32	1		-4	56	895
49	48	0	0	3/4	2	1	1/32	1/32	1		-1	53	896
49	48	1/32	1/32	3/4	2	1	1/32	1/32	1		-6	54	897
49	48	1/16	1/16	3/4	2	1	1/32	1/32	1		-4	56	898
49	48	3/32	3/32	3/4	2	1	1/32	1/32	1		-2	58	899
49	48	1/8	1/8	3/4	2	1	1/32	1/32	1		0	60	900
49	48	5/32	5/32	3/4	2	1	1/32	1/32	1		5	59	901
49	48	3/16	3/16	3/4	2	1	1/32	1/32	1		3	57	902
49	48	7/32	7/32	3/4	2	1	1/32	1/32	1		1	55	903
49	48	1/4	1/4	3/4	2	1	1/32	1/32	1		-4	56	904
49	48	9/32	9/32	3/4	2	1	1/32	1/32	1		-2	58	905
49	48	5/16	5/16	3/4	2	1	1/32	1/32	1		-7	59	906
49	48	11/32	11/32	3/4	2	1	1/32	1/32	1		-5	61	907
49	48	3/8	3/8	3/4	2	1	1/32	1/32	1		2	62	908
49	48	13/32	13/32	3/4	2	1	1/32	1/32	1		0	60	909
49	48	7/16	7/16	3/4	2	1	1/32	1/32	1		5	59	910
49	48	15/32	15/32	3/4	2	1	1/32	1/32	1		3	57	911
50	49	0	1/4	3/4	2	1	1/32	1/32	1		-1	53	912
50	49	1/32	9/32	3/4	2	1	1/32	1/32	1		-6	54	913
50	49	1/16	5/16	3/4	2	1	1/32	1/32	1		-4	56	914
50	49	3/32	11/32	3/4	2	1	1/32	1/32	1		-2	58	915
50	49	1/8	3/8	3/4	2	1	1/32	1/32	1		0	60	916
50	49	5/32	13/32	3/4	2	1	1/32	1/32	1		5	59	917
50	49	3/16	7/16	3/4	2	1	1/32	1/32	1		3	57	918
50	49	7/32	15/32	3/4	2	1	1/32	1/32	1		1	55	919
50	49	1/4	1/2	3/4	2	1	1/32	1/32	1		-4	56	920
50	49	9/32	17/32	3/4	2	1	1/32	1/32	1		-2	58	921
50	49	5/16	9/16	3/4	2	1	1/32	1/32	1		-7	59	922
50	49	11/32	19/32	3/4	2	1	1/32	1/32	1		-5	61	923
50	49	3/8	5/8	3/4	2	1	1/32	1/32	1		2	62	924
50	49	13/32	21/32	3/4	2	1	1/32	1/32	1		0	60	925
50	49	7/16	11/16	3/4	2	1	1/32	1/32	1		5	59	926
50	49	15/32	23/32	3/4	2	1	1/32	1/32	1		3	57	927
51	50	0	0	3/4	2	1	1/32	1/32	1		-5	61	928
51	50	1/32	1/32	3/4	2	1	1/32	1/32	1		-3	63	929
51	50	1/16	1/16	3/4	2	1	1/32	1/32	1		-1	65	930
51	50	3/32	3/32	3/4	2	1	1/32	1/32	1		-6	66	931
51	50	1/8	1/8	3/4	2	1	1/32	1/32	1		1	67	932
51	50	5/32	5/32	3/4	2	1	1/32	1/32	1		-1	65	933
51	50	3/16	3/16	3/4	2	1	1/32	1/32	1		4	64	934
51	50	7/32	7/32	3/4	2	1	1/32	1/32	1		2	62	935
51	50	1/4	1/4	3/4	2	1	1/32	1/32	1		-5	73	936
51	50	9/32	9/32	3/4	2	1	1/32	1/32	1		-3	75	937
51	50	5/16	5/16	3/4	2	1	1/32	1/32	1		-1	77	938
51	50	11/32	11/32	3/4	2	1	1/32	1/32	1		-6	78	939
51	50	3/8	3/8	3/4	2	1	1/32	1/32	1		1	79	940
51	50	13/32	13/32	3/4	2	1	1/32	1/32	1		-1	77	941
51	50	7/16	7/16	3/4	2	1	1/32	1/32	1		4	76	942
51	50	15/32	15/32	3/4	2	1	1/32	1/32	1		2	74	943
52	51	0	1/4	3/4	2	1	1/32	1/32	1		-5	85	944
52	51	1/32	9/32	3/4	2	1	1/32	1/32	1		-7	83	945
52	51	1/16	5/16	3/4	2	1	1/32	1/32	1		-2	82	946
52	51	3/32	11/32	3/4	2	1	1/32	1/32	1		-4	80	947
52	51	1/8	3/8	3/4	2	1	1/32	1/32	1		1	79	948
52	51	5/32	13/32	3/4	2	1	1/32	1/32	1		-1	77	949
52	51	3/16	7/16	3/4	2	1	1/32	1/32	1		4	76	950
52	51	7/32	15/32	3/4	2	1	1/32	1/32	1		2	74	951
52	51	1/4	1/2	3/4	2	1	1/32	1/32	1		-5	73	952
52	51	9/32	17/32	3/4	2	1	1/32	1/32	1		-7	71	953
52	51	5/16	9/16	3/4	2	1	1/32	1/32	1		-2	70	954
52	51	11/32	19/32	3/4	2	1	1/32	1/32	1		-4	68	955
52	51	3/8	5/8	3/4	2	1	1/32	1/32	1		1	67	956
52	51	13/32	21/32	3/4	2	1	1/32	1/32	1		-1	65	957
52	51	7/16	11/16	3/4	2	1	1/32	1/32	1		4	64	958
52	51	15/32	23/32	3/4	2	1	1/32	1/32	1		2	62	959
53	52	0	0	3/4	2	1	1/32	1/32	1		-5	61	960
53	52	1/32	1/32	3/4	2	1	1/32	1/32	1		-3	63	961
53	52	1/16	1/16	3/4	2	1	1/32	1/32	1		-1	65	962
53	52	3/32	3/32	3/4	2	1	1/32	1/32	1		-6	66	963
53	52	1/8	1/8	3/4	2	1	1/32	1/32	1		1	67	964
53	52	5/32	5/32	3/4	2	1	1/32	1/32	1		3	69	965
53	52	3/16	3/16	3/4	2	1	1/32	1/32	1		5	71	966
53	52	7/32	7/32	3/4	2	1	1/32	1/32	1		0	72	967
53	52	1/4	1/4	3/4	2	1	1/32	1/32	1		-5	73	968
53	52	9/32	9/32	3/4	2	1	1/32	1/32	1		-3	75	969
53	52	5/16	5/16	3/4	2	1	1/32	1/32	1		-1	77	970
53	52	11/32	11/32	3/4	2	1	1/32	1/32	1		-6	78	971
53	52	3/8	3/8	3/4	2	1	1/32	1/32	1		1	79	972
53	52	13/32	13/32	3/4	2	1	1/32	1/32	1		3	81	973
53	52	7/16	7/16	3/4	2	1	1/32	1/32	1		5	83	974
53	52	15/32	15/32	3/4	2	1	1/32	1/32	1		0	84	975
54	53	0	1/4	3/4	2	1	1/32	1/32	1		-3	87	976
54	53	1/32	9/32	3/4	2	1	1/32	1/32	1		-5	85	977
54	53	1/16	5/16	3/4	2	1	1/32	1/32	1		-7	83	978
54	53	3/32	11/32	3/4	2	1	1/32	1/32	1		-2	82	979
54	53	1/8	3/8	3/4	2	1	1/32	1/32	1		-4	80	980
54	53	5/32	13/32	3/4	2	1	1/32	1/32	1		-6	78	981
54	53	3/16	7/16	3/4	2	1	1/32	1/32	1		-1	77	982
54	53	7/32	15/32	3/4	2	1	1/32	1/32	1		-3	75	983
54	53	1/4	1/2	3/4	2	1	1/32	1/32	1		-5	73	984
54	53	9/32	17/32	3/4	2	1	1/32	1/32	1		-7	71	985
54	53	5/16	9/16	3/4	2	1	1/32	1/32	1		-2	70	986
54	53	11/32	19/32	3/4	2	1	1/32	1/32	1		-4	68	987
54	53	3/8	5/8	3/4	2	1	1/32	1/32	1		-6	66	988
54	53	13/32	21/32	3/4	2	1	1/32	1/32	1		-1	65	989
54	53	7/16	11/16	3/4	2	1	1/32	1/32	1		-3	63	990
54	53	15/32	23/32	3/4	2	1	1/32	1/32	1		-5	61	991
55	54	0	0	3/4	2	1	1/32	1/32	1		-4	56	992
55	54	0	0	3/4	2	2	1/8	1/8	1		-4	56	1016
55	54	1/32	1/32	3/4	2	1	1/32	1/32	1		0	60	993
55	54	1/16	1/16	3/4	2	1	1/32	1/32	1		2	62	994
55	54	3/32	3/32	3/4	2	1	1/32	1/32	1		4	64	995
55	54	1/8	1/8	3/4	2	1	1/32	1/32	1		3	69	996
55	54	5/32	5/32	3/4	2	1	1/32	1/32	1		6	66	997
55	54	3/16	3/16	3/4	2	1	1/32	1/32	1		4	64	998
55	54	7/32	7/32	3/4	2	1	1/32	1/32	1		2	62	999
55	54	1/4	1/4	3/4	2	1	1/32	1/32	1		0	60	1000
55	54	1/4	1/4	3/4	2	2	1/8	1/8	1		0	60	1017
55	54	9/32	9/32	3/4	2	1	1/32	1/32	1		-3	63	1001
55	54	5/16	5/16	3/4	2	1	1/32	1/32	1		-1	65	1002
55	54	11/32	11/32	3/4	2	1	1/32	1/32	1		1	67	1003
55	54	3/8	3/8	3/4	2	1	1/32	1/32	1		0	72	1004
55	54	13/32	13/32	3/4	2	1	1/32	1/32	1		3	69	1005
55	54	7/16	7/16	3/4	2	1	1/32	1/32	1		1	67	1006
55	54	15/32	15/32	3/4	2	1	1/32	1/32	1		-1	65	1007
55	54	1/2	1/2	3/4	2	1	1/32	1/32	1		2	62	1008
55	54	1/2	1/2	3/4	2	2	1/8	1/8	1		2	62	1018
55	54	17/32	17/32	3/4	2	1	1/32	1/32	1		6	66	1009
55	54	9/16	9/16	3/4	2	1	1/32	1/32	1		1	67	1010
55	54	19/32	19/32	3/4	2	1	1/32	1/32	1		3	69	1011
55	54	5/8	5/8	3/4	2	1	1/32	1/32	1		2	74	1012
55	54	21/32	21/32	3/4	2	1	1/32	1/32	1		0	72	1013
55	54	11/16	11/16	3/4	2	1	1/32	1/32	1		5	71	1014
55	54	23/32	23/32	3/4	2	1	1/32	1/32	1		3	69	1015
56	55	0	0	3/4	2	1	1/32	1/32	1		-3	63	1019
56	55	0	0	3/4	2	2	1/8	1/8	1		-3	63	1043
56	55	1/32	1/32	3/4	2	1	1/32	1/32	1		-6	66	1020
56	55	1/16	1/16	3/4	2	1	1/32	1/32	1		-4	68	1021
56	55	3/32	3/32	3/4	2	1	1/32	1/32	1		-2	70	1022
56	55	1/8	1/8	3/4	2	1	1/32	1/32	1		-3	75	1023
56	55	5/32	5/32	3/4	2	1	1/32	1/32	1		0	72	1024
56	55	3/16	3/16	3/4	2	1	1/32	1/32	1		-2	70	1025
56	55	7/32	7/32	3/4	2	1	1/32	1/32	1		-4	68	1026
56	55	1/4	1/4	3/4	2	1	1/32	1/32	1		-5	61	1027
56	55	1/4	1/4	3/4	2	2	1/8	1/8	1		-5	61	1044
56	55	9/32	9/32	3/4	2	1	1/32	1/32	1		-3	63	1028
56	55	5/16	5/16	3/4	2	1	1/32	1/32	1		-6	66	1029
56	55	11/32	11/32	3/4	2	1	1/32	1/32	1		-4	68	1030
56	55	3/8	3/8	3/4	2	1	1/32	1/32	1		-5	73	1031
56	55	13/32	13/32	3/4	2	1	1/32	1/32	1		-2	70	1032
56	55	7/16	7/16	3/4	2	1	1/32	1/32	1		-4	68	1033
56	55	15/32	15/32	3/4	2	1	1/32	1/32	1		-6	66	1034
56	55	1/2	1/2	3/4	2	1	1/32	1/32	1		-2	58	1035
56	55	1/2	1/2	3/4	2	2	1/8	1/8	1		-2	58	1045
56	55	17/32	17/32	3/4	2	1	1/32	1/32	1		0	60	1036
56	55	9/16	9/16	3/4	2	1	1/32	1/32	1		2	62	1037
56	55	19/32	19/32	3/4	2	1	1/32	1/32	1		4	64	1038
56	55	5/8	5/8	3/4	2	1	1/32	1/32	1		-2	70	1039
56	55	21/32	21/32	3/4	2	1	1/32	1/32	1		3	69	1040
56	55	11/16	11/16	3/4	2	1	1/32	1/32	1		-1	65	1041
56	55	23/32	23/32	3/4	2	1	1/32	1/32	1		4	64	1042
57	56	0	0	3/4	2	1	1/32	1/32	1		3	57	1046
57	56	0	0	3/4	2	2	1/8	1/8	1		3	57	1070
57	56	1/32	1/32	3/4	2	1	1/32	1/32	1		0	60	1047
57	56	1/16	1/16	3/4	2	1	1/32	1/32	1		2	62	1048
57	56	3/32	3/32	3/4	2	1	1/32	1/32	1		4	64	1049
57	56	1/8	1/8	3/4	2	1	1/32	1/32	1		3	69	1050
57	56	5/32	5/32	3/4	2	1	1/32	1/32	1		6	66	1051
57	56	3/16	3/16	3/4	2	1	1/32	1/32	1		4	64	1052
57	56	7/32	7/32	3/4	2	1	1/32	1/32	1		2	62	1053
57	56	1/4	1/4	3/4	2	1	1/32	1/32	1		0	60	1054
57	56	1/4	1/4	3/4	2	2	1/8	1/8	1		0	60	1071
57	56	9/32	9/32	3/4	2	1	1/32	1/32	1		-3	63	1055
57	56	5/16	5/16	3/4	2	1	1/32	1/32	1		-1	65	1056
57	56	11/32	11/32	3/4	2	1	1/32	1/32	1		1	67	1057
57	56	3/8	3/8	3/4	2	1	1/32	1/32	1		0	72	1058
57	56	13/32	13/32	3/4	2	1	1/32	1/32	1		3	69	1059
57	56	7/16	7/16	3/4	2	1	1/32	1/32	1		1	67	1060
57	56	15/32	15/32	3/4	2	1	1/32	1/32	1		-1	65	1061
57	56	1/2	1/2	3/4	2	1	1/32	1/32	1		2	62	1062
57	56	1/2	1/2	3/4	2	2	1/8	1/8	1		2	62	1072
57	56	17/32	17/32	3/4	2	1	1/32	1/32	1		6	66	1063
57	56	9/16	9/16	3/4	2	1	1/32	1/32	1		1	67	1064
57	56	19/32	19/32	3/4	2	1	1/32	1/32	1		3	69	1065
57	56	5/8	5/8	3/4	2	1	1/32	1/32	1		2	74	1066
57	56	21/32	21/32	3/4	2	1	1/32	1/32	1		0	72	1067
57	56	11/16	11/16	3/4	2	1	1/32	1/32	1		5	71	1068
57	56	23/32	23/32	3/4	2	1	1/32	1/32	1		3	69	1069
58	57	0	0	3/4	2	1	1/32	1/32	1		-3	63	1073
58	57	0	0	3/4	2	2	1/8	1/8	1		-3	63	1097
58	57	1/32	1/32	3/4	2	1	1/32	1/32	1		-6	66	1074
58	57	1/16	1/16	3/4	2	1	1/32	1/32	1		-4	68	1075
58	57	3/32	3/32	3/4	2	1	1/32	1/32	1		3	69	1076
58	57	1/8	1/8	3/4	2	1	1/32	1/32	1		-3	75	1077
58	57	5/32	5/32	3/4	2	1	1/32	1/32	1		0	72	1078
58	57	3/16	3/16	3/4	2	1	1/32	1/32	1		-2	70	1079
58	57	7/32	7/32	3/4	2	1	1/32	1/32	1		3	69	1080
58	57	1/4	1/4	3/4	2	1	1/32	1/32	1		-6	66	1081
58	57	1/4	1/4	3/4	2	2	1/8	1/8	1		-6	66	1098
58	57	9/32	9/32	3/4	2	1	1/32	1/32	1		3	69	1082
58	57	5/16	5/16	3/4	2	1	1/32	1/32	1		-2	70	1083
58	57	11/32	11/32	3/4	2	1	1/32	1/32	1		0	72	1084
58	57	3/8	3/8	3/4	2	1	1/32	1/32	1		-6	78	1085
58	57	13/32	13/32	3/4	2	1	1/32	1/32	1		-3	75	1086
58	57	7/16	7/16	3/4	2	1	1/32	1/32	1		-5	73	1087
58	57	15/32	15/32	3/4	2	1	1/32	1/32	1		0	72	1088
58	57	1/2	1/2	3/4	2	1	1/32	1/32	1		3	69	1089
58	57	1/2	1/2	3/4	2	2	1/8	1/8	1		3	69	1099
58	57	17/32	17/32	3/4	2	1	1/32	1/32	1		0	72	1090
58	57	9/16	9/16	3/4	2	1	1/32	1/32	1		-5	73	1091
58	57	19/32	19/32	3/4	2	1	1/32	1/32	1		-3	75	1092
58	57	5/8	5/8	3/4	2	1	1/32	1/32	1		3	81	1093
58	57	21/32	21/32	3/4	2	1	1/32	1/32	1		-6	78	1094
58	57	11/16	11/16	3/4	2	1	1/32	1/32	1		-1	77	1095
58	57	23/32	23/32	3/4	2	1	1/32	1/32	1		-3	75	1096
59	58	0	0	3/4	2	1	1/32	1/32	1		0	72	1100
59	58	0	0	3/4	2	2	1/8	1/8	1		0	72	1124
59	58	1/32	1/32	3/4	2	1	1/32	1/32	1		-3	75	1101
59	58	1/16	1/16	3/4	2	1	1/32	1/32	1		-1	77	1102
59	58	3/32	3/32	3/4	2	1	1/32	1/32	1		1	79	1103
59	58	1/8	1/8	3/4	2	1	1/32	1/32	1		0	84	1104
59	58	5/32	5/32	3/4	2	1	1/32	1/32	1		3	81	1105
59	58	3/16	3/16	3/4	2	1	1/32	1/32	1		1	79	1106
59	58	7/32	7/32	3/4	2	1	1/32	1/32	1		-1	77	1107
59	58	1/4	1/4	3/4	2	1	1/32	1/32	1		-3	75	1108
59	58	1/4	1/4	3/4	2	2	1/8	1/8	1		-3	75	1125
59	58	9/32	9/32	3/4	2	1	1/32	1/32	1		-1	77	1109
59	58	5/16	5/16	3/4	2	1	1/32	1/32	1		1	79	1110
59	58	11/32	11/32	3/4	2	1	1/32	1/32	1		3	81	1111
59	58	3/8	3/8	3/4	2	1	1/32	1/32	1		-3	87	1112
59	58	13/32	13/32	3/4	2	1	1/32	1/32	1		0	84	1113
59	58	7/16	7/16	3/4	2	1	1/32	1/32	1		-2	82	1114
59	58	15/32	15/32	3/4	2	1	1/32	1/32	1		3	81	1115
59	58	1/2	1/2	3/4	2	1	1/32	1/32	1		-5	73	1116
59	58	1/2	1/2	3/4	2	2	1/8	1/8	1		-5	73	1126
59	58	17/32	17/32	3/4	2	1	1/32	1/32	1		-6	78	1117
59	58	9/16	9/16	3/4	2	1	1/32	1/32	1		-4	80	1118
59	58	19/32	19/32	3/4	2	1	1/32	1/32	1		-2	82	1119
59	58	5/8	5/8	3/4	2	1	1/32	1/32	1		-5	85	1120
59	58	21/32	21/32	3/4	2	1	1/32	1/32	1		-2	82	1121
59	58	11/16	11/16	3/4	2	1	1/32	1/32	1		-4	80	1122
59	58	23/32	23/32	3/4	2	1	1/32	1/32	1		-6	78	1123
60	59	0	0	3/4	2	1	1/32	1/32	1		0	72	1127
60	59	0	0	3/4	2	2	1/8	1/8	1		0	72	1151
60	59	1/32	1/32	3/4	2	1	1/32	1/32	1		-3	75	1128
60	59	1/16	1/16	3/4	2	1	1/32	1/32	1		-1	77	1129
60	59	3/32	3/32	3/4	2	1	1/32	1/32	1		1	79	1130
60	59	1/8	1/8	3/4	2	1	1/32	1/32	1		0	84	1131
60	59	5/32	5/32	3/4	2	1	1/32	1/32	1		3	81	1132
60	59	3/16	3/16	3/4	2	1	1/32	1/32	1		1	79	1133
60	59	7/32	7/32	3/4	2	1	1/32	1/32	1		-1	77	1134
60	59	1/4	1/4	3/4	2	1	1/32	1/32	1		-3	75	1135
60	59	1/4	1/4	3/4	2	2	1/8	1/8	1		-3	75	1152
60	59	9/32	9/32	3/4	2	1	1/32	1/32	1		-1	77	1136
60	59	5/16	5/16	3/4	2	1	1/32	1/32	1		1	79	1137
60	59	11/32	11/32	3/4	2	1	1/32	1/32	1		3	81	1138
60	59	3/8	3/8	3/4	2	1	1/32	1/32	1		-3	87	1139
60	59	13/32	13/32	3/4	2	1	1/32	1/32	1		0	84	1140
60	59	7/16	7/16	3/4	2	1	1/32	1/32	1		-2	82	1141
60	59	15/32	15/32	3/4	2	1	1/32	1/32	1		3	81	1142
60	59	1/2	1/2	3/4	2	1	1/32	1/32	1		2	74	1143
60	59	1/2	1/2	3/4	2	2	1/8	1/8	1		2	74	1153
60	59	17/32	17/32	3/4	2	1	1/32	1/32	1		-6	78	1144
60	59	9/16	9/16	3/4	2	1	1/32	1/32	1		-4	80	1145
60	59	19/32	19/32	3/4	2	1	1/32	1/32	1		-2	82	1146
60	59	5/8	5/8	3/4	2	1	1/32	1/32	1		-5	85	1147
60	59	21/32	21/32	3/4	2	1	1/32	1/32	1		-2	82	1148
60	59	11/16	11/16	3/4	2	1	1/32	1/32	1		-4	80	1149
60	59	23/32	23/32	3/4	2	1	1/32	1/32	1		-6	78	1150
61	60	0	0	2/4	2	1	1/32	1/32	1		5	83	1170
61	60	0	0	2/4	1	1	1/32	1/32	1		-5	85	1154
61	60	1/32	1/32	2/4	1	1	1/32	1/32	1		-2	82	1155
61	60	1/32	1/32	2/4	2	1	1/32	1/32	1		0	84	1171
61	60	1/16	1/16	2/4	2	1	1/32	1/32	1		5	83	1172
61	60	1/16	1/16	2/4	1	1	1/32	1/32	1		-5	85	1156
61	60	3/32	3/32	2/4	2	1	1/32	1/32	1		-4	80	1173
61	60	3/32	3/32	2/4	1	1	1/32	1/32	1		-3	87	1157
61	60	1/8	1/8	2/4	2	1	1/32	1/32	1		5	83	1174
61	60	1/8	1/8	2/4	1	1	1/32	1/32	1		-5	85	1158
61	60	5/32	5/32	2/4	1	1	1/32	1/32	1		-2	82	1159
61	60	5/32	5/32	2/4	2	1	1/32	1/32	1		0	84	1175
61	60	3/16	3/16	2/4	2	1	1/32	1/32	1		5	83	1176
61	60	3/16	3/16	2/4	1	1	1/32	1/32	1		-5	85	1160
61	60	7/32	7/32	2/4	2	1	1/32	1/32	1		-4	80	1177
61	60	7/32	7/32	2/4	1	1	1/32	1/32	1		-3	87	1161
61	60	1/4	1/4	2/4	2	1	1/32	1/32	1		5	83	1178
61	60	1/4	1/4	2/4	1	1	1/32	1/32	1		-5	85	1162
61	60	9/32	9/32	2/4	1	1	1/32	1/32	1		-2	82	1163
61	60	9/32	9/32	2/4	2	1	1/32	1/32	1		0	84	1179
61	60	5/16	5/16	2/4	2	1	1/32	1/32	1		5	83	1180
61	60	5/16	5/16	2/4	1	1	1/32	1/32	1		-5	85	1164
61	60	11/32	11/32	2/4	2	1	1/32	1/32	1		1	79	1181
61	60	11/32	11/32	2/4	1	1	1/32	1/32	1		-3	87	1165
61	60	3/8	3/8	2/4	2	1	1/32	1/32	1		5	83	1182
61	60	3/8	3/8	2/4	1	1	1/32	1/32	1		-5	85	1166
61	60	13/32	13/32	2/4	1	1	1/32	1/32	1		-2	82	1167
61	60	13/32	13/32	2/4	2	1	1/32	1/32	1		0	84	1183
61	60	7/16	7/16	2/4	2	1	1/32	1/32	1		5	83	1184
61	60	7/16	7/16	2/4	1	1	1/32	1/32	1		-5	85	1168
61	60	15/32	15/32	2/4	2	1	1/32	1/32	1		1	79	1185
61	60	15/32	15/32	2/4	1	1	1/32	1/32	1		-3	87	1169
62	61	0	0	2/4	2	1	1/32	1/32	1		5	71	1202
62	61	0	0	2/4	1	1	1/32	1/32	1		-5	73	1186
62	61	1/32	1/32	2/4	1	1	1/32	1/32	1		-2	70	1187
62	61	1/32	1/32	2/4	2	1	1/32	1/32	1		0	72	1203
62	61	1/16	1/16	2/4	2	1	1/32	1/32	1		5	71	1204
62	61	1/16	1/16	2/4	1	1	1/32	1/32	1		-5	73	1188
62	61	3/32	3/32	2/4	2	1	1/32	1/32	1		-4	68	1205
62	61	3/32	3/32	2/4	1	1	1/32	1/32	1		-3	75	1189
62	61	1/8	1/8	2/4	2	1	1/32	1/32	1		5	71	1206
62	61	1/8	1/8	2/4	1	1	1/32	1/32	1		-5	73	1190
62	61	5/32	5/32	2/4	1	1	1/32	1/32	1		-2	70	1191
62	61	5/32	5/32	2/4	2	1	1/32	1/32	1		0	72	1207
62	61	3/16	3/16	2/4	2	1	1/32	1/32	1		5	71	1208
62	61	3/16	3/16	2/4	1	1	1/32	1/32	1		-5	73	1192
62	61	7/32	7/32	2/4	2	1	1/32	1/32	1		-4	68	1209
62	61	7/32	7/32	2/4	1	1	1/32	1/32	1		-3	75	1193
62	61	1/4	1/4	2/4	2	1	1/32	1/32	1		5	71	1210
62	61	1/4	1/4	2/4	1	1	1/32	1/32	1		-5	73	1194
62	61	9/32	9/32	2/4	1	1	1/32	1/32	1		-2	70	1195
62	61	9/32	9/32	2/4	2	1	1/32	1/32	1		0	72	1211
62	61	5/16	5/16	2/4	2	1	1/32	1/32	1		5	71	1212
62	61	5/16	5/16	2/4	1	1	1/32	1/32	1		-5	73	1196
62	61	11/32	11/32	2/4	2	1	1/32	1/32	1		1	67	1213
62	61	11/32	11/32	2/4	1	1	1/32	1/32	1		-3	75	1197
62	61	3/8	3/8	2/4	2	1	1/32	1/32	1		5	71	1214
62	61	3/8	3/8	2/4	1	1	1/32	1/32	1		-5	73	1198
62	61	13/32	13/32	2/4	1	1	1/32	1/32	1		-2	70	1199
62	61	13/32	13/32	2/4	2	1	1/32	1/32	1		0	72	1215
62	61	7/16	7/16	2/4	2	1	1/32	1/32	1		5	71	1216
62	61	7/16	7/16	2/4	1	1	1/32	1/32	1		-5	73	1200
62	61	15/32	15/32	2/4	2	1	1/32	1/32	1		1	67	1217
62	61	15/32	15/32	2/4	1	1	1/32	1/32	1		-3	75	1201
63	62	0	0	2/4	2	1	1/32	1/32	1		5	59	1234
63	62	0	0	2/4	1	1	1/32	1/32	1		-5	61	1218
63	62	1/32	1/32	2/4	1	1	1/32	1/32	1		-2	58	1219
63	62	1/32	1/32	2/4	2	1	1/32	1/32	1		0	60	1235
63	62	1/16	1/16	2/4	2	1	1/32	1/32	1		5	59	1236
63	62	1/16	1/16	2/4	1	1	1/32	1/32	1		-5	61	1220
63	62	3/32	3/32	2/4	2	1	1/32	1/32	1		-4	56	1237
63	62	3/32	3/32	2/4	1	1	1/32	1/32	1		-3	63	1221
63	62	1/8	1/8	2/4	2	1	1/32	1/32	1		5	59	1238
63	62	1/8	1/8	2/4	1	1	1/32	1/32	1		-5	61	1222
63	62	5/32	5/32	2/4	1	1	1/32	1/32	1		-2	58	1223
63	62	5/32	5/32	2/4	2	1	1/32	1/32	1		0	60	1239
63	62	3/16	3/16	2/4	2	1	1/32	1/32	1		5	59	1240
63	62	3/16	3/16	2/4	1	1	1/32	1/32	1		-5	61	1224
63	62	7/32	7/32	2/4	2	1	1/32	1/32	1		1	55	1241
63	62	7/32	7/32	2/4	1	1	1/32	1/32	1		-3	63	1225
63	62	1/4	1/4	2/4	2	1	1/32	1/32	1		5	59	1242
63	62	1/4	1/4	2/4	1	1	1/32	1/32	1		-5	61	1226
63	62	9/32	9/32	2/4	1	1	1/32	1/32	1		-2	58	1227
63	62	9/32	9/32	2/4	2	1	1/32	1/32	1		0	60	1243
63	62	5/16	5/16	2/4	2	1	1/32	1/32	1		5	59	1244
63	62	5/16	5/16	2/4	1	1	1/32	1/32	1		-5	61	1228
63	62	11/32	11/32	2/4	2	1	1/32	1/32	1		-6	54	1245
63	62	11/32	11/32	2/4	1	1	1/32	1/32	1		-3	63	1229
63	62	3/8	3/8	2/4	2	1	1/32	1/32	1		5	59	1246
63	62	3/8	3/8	2/4	1	1	1/32	1/32	1		-5	61	1230
63	62	13/32	13/32	2/4	1	1	1/32	1/32	1		-2	58	1231
63	62	13/32	13/32	2/4	2	1	1/32	1/32	1		0	60	1247
63	62	7/16	7/16	2/4	2	1	1/32	1/32	1		5	59	1248
63	62	7/16	7/16	2/4	1	1	1/32	1/32	1		-5	61	1232
63	62	15/32	15/32	2/4	2	1	1/32	1/32	1		-6	54	1249
63	62	15/32	15/32	2/4	1	1	1/32	1/32	1		-3	63	1233
64	63	0	0	2/4	2	1	1/32	1/32	1		5	59	1266
64	63	0	0	2/4	1	1	1/32	1/32	1		-5	61	1250
64	63	1/32	1/32	2/4	1	1	1/32	1/32	1		-2	58	1251
64	63	1/32	1/32	2/4	2	1	1/32	1/32	1		0	60	1267
64	63	1/16	1/16	2/4	2	1	1/32	1/32	1		5	59	1268
64	63	1/16	1/16	2/4	1	1	1/32	1/32	1		-5	61	1252
64	63	3/32	3/32	2/4	2	1	1/32	1/32	1		-3	51	1269
64	63	3/32	3/32	2/4	1	1	1/32	1/32	1		-3	63	1253
64	63	1/8	1/8	2/4	2	1	1/32	1/32	1		5	59	1270
64	63	1/8	1/8	2/4	1	1	1/32	1/32	1		-5	61	1254
64	63	5/32	5/32	2/4	1	1	1/32	1/32	1		-2	58	1255
64	63	5/32	5/32	2/4	2	1	1/32	1/32	1		0	60	1271
64	63	3/16	3/16	2/4	2	1	1/32	1/32	1		5	59	1272
64	63	3/16	3/16	2/4	1	1	1/32	1/32	1		-5	61	1256
64	63	7/32	7/32	2/4	2	1	1/32	1/32	1		-6	54	1273
64	63	7/32	7/32	2/4	1	1	1/32	1/32	1		-3	63	1257
64	63	1/4	1/4	2/4	2	1	1/32	1/32	1		5	59	1274
64	63	1/4	1/4	2/4	1	1	1/32	1/32	1		-5	61	1258
64	63	9/32	9/32	2/4	1	1	1/32	1/32	1		-2	58	1259
64	63	9/32	9/32	2/4	2	1	1/32	1/32	1		0	60	1275
64	63	5/16	5/16	2/4	2	1	1/32	1/32	1		5	59	1276
64	63	5/16	5/16	2/4	1	1	1/32	1/32	1		-5	61	1260
64	63	11/32	11/32	2/4	2	1	1/32	1/32	1		-1	53	1277
64	63	11/32	11/32	2/4	1	1	1/32	1/32	1		-3	63	1261
64	63	3/8	3/8	2/4	2	1	1/32	1/32	1		5	59	1278
64	63	3/8	3/8	2/4	1	1	1/32	1/32	1		-5	61	1262
64	63	13/32	13/32	2/4	1	1	1/32	1/32	1		-2	58	1263
64	63	13/32	13/32	2/4	2	1	1/32	1/32	1		0	60	1279
64	63	7/16	7/16	2/4	2	1	1/32	1/32	1		5	59	1280
64	63	7/16	7/16	2/4	1	1	1/32	1/32	1		-5	61	1264
64	63	15/32	15/32	2/4	2	1	1/32	1/32	1		-3	51	1281
64	63	15/32	15/32	2/4	1	1	1/32	1/32	1		-3	63	1265
65	64	0	0	2/4	2	1	1/32	1/32	1		-5	37	1290
65	64	1/32	1/32	2/4	2	1	1/32	1/32	1		-3	39	1291
65	64	1/16	1/16	2/4	2	1	1/32	1/32	1		-6	42	1292
65	64	1/16	1/16	2/4	1	1	1/32	1/32	1		-5	61	1282
65	64	3/32	3/32	2/4	2	1	1/32	1/32	1		-2	46	1293
65	64	3/32	3/32	2/4	1	1	1/32	1/32	1		4	64	1283
65	64	1/8	1/8	2/4	2	1	1/32	1/32	1		-5	49	1294
65	64	5/32	5/32	2/4	2	1	1/32	1/32	1		-3	51	1295
65	64	3/16	3/16	2/4	2	1	1/32	1/32	1		-6	54	1296
65	64	3/16	3/16	2/4	1	1	1/32	1/32	1		-5	73	1284
65	64	7/32	7/32	2/4	2	1	1/32	1/32	1		-2	58	1297
65	64	7/32	7/32	2/4	1	1	1/32	1/32	1		4	76	1285
65	64	1/4	1/4	2/4	2	1	1/32	1/32	1		-5	49	1298
65	64	9/32	9/32	2/4	2	1	1/32	1/32	1		-3	51	1299
65	64	5/16	5/16	2/4	2	1	1/32	1/32	1		-6	54	1300
65	64	5/16	5/16	2/4	1	1	1/32	1/32	1		-5	73	1286
65	64	11/32	11/32	2/4	2	1	1/32	1/32	1		-2	58	1301
65	64	11/32	11/32	2/4	1	1	1/32	1/32	1		-3	75	1287
65	64	3/8	3/8	2/4	2	1	1/32	1/32	1		-5	61	1302
65	64	13/32	13/32	2/4	2	1	1/32	1/32	1		-3	63	1303
65	64	7/16	7/16	2/4	1	1	1/32	1/32	1		-8	64	1288
65	64	7/16	7/16	2/4	2	1	1/32	1/32	1		-6	66	1304
65	64	15/32	15/32	2/4	1	1	1/32	1/32	1		1	67	1289
65	64	15/32	15/32	2/4	2	1	1/32	1/32	1		-2	70	1305
66	65	0	0	2/4	2	1	1/32	1/32	1		-5	61	1322
66	65	0	0	2/4	1	1	1/32	1/32	1		3	69	1306
66	65	1/32	1/32	2/4	2	1	1/32	1/32	1		-3	63	1323
66	65	1/32	1/32	2/4	1	1	1/32	1/32	1		1	67	1307
66	65	1/16	1/16	2/4	1	1	1/32	1/32	1		4	64	1308
66	65	1/16	1/16	2/4	2	1	1/32	1/32	1		-6	66	1324
66	65	3/32	3/32	2/4	1	1	1/32	1/32	1		1	67	1309
66	65	3/32	3/32	2/4	2	1	1/32	1/32	1		-2	70	1325
66	65	1/8	1/8	2/4	2	1	1/32	1/32	1		-5	61	1326
66	65	1/8	1/8	2/4	1	1	1/32	1/32	1		3	69	1310
66	65	5/32	5/32	2/4	2	1	1/32	1/32	1		-3	63	1327
66	65	5/32	5/32	2/4	1	1	1/32	1/32	1		1	67	1311
66	65	3/16	3/16	2/4	1	1	1/32	1/32	1		4	64	1312
66	65	3/16	3/16	2/4	2	1	1/32	1/32	1		-6	66	1328
66	65	7/32	7/32	2/4	1	1	1/32	1/32	1		1	67	1313
66	65	7/32	7/32	2/4	2	1	1/32	1/32	1		-2	70	1329
66	65	1/4	1/4	2/4	2	1	1/32	1/32	1		-5	61	1330
66	65	1/4	1/4	2/4	1	1	1/32	1/32	1		3	69	1314
66	65	9/32	9/32	2/4	2	1	1/32	1/32	1		-3	63	1331
66	65	9/32	9/32	2/4	1	1	1/32	1/32	1		1	67	1315
66	65	5/16	5/16	2/4	1	1	1/32	1/32	1		4	64	1316
66	65	5/16	5/16	2/4	2	1	1/32	1/32	1		-6	66	1332
66	65	11/32	11/32	2/4	1	1	1/32	1/32	1		1	67	1317
66	65	11/32	11/32	2/4	2	1	1/32	1/32	1		-2	70	1333
66	65	3/8	3/8	2/4	2	1	1/32	1/32	1		-5	61	1334
66	65	3/8	3/8	2/4	1	1	1/32	1/32	1		3	69	1318
66	65	13/32	13/32	2/4	2	1	1/32	1/32	1		-3	63	1335
66	65	13/32	13/32	2/4	1	1	1/32	1/32	1		1	67	1319
66	65	7/16	7/16	2/4	1	1	1/32	1/32	1		4	64	1320
66	65	7/16	7/16	2/4	2	1	1/32	1/32	1		-6	66	1336
66	65	15/32	15/32	2/4	1	1	1/32	1/32	1		1	67	1321
66	65	15/32	15/32	2/4	2	1	1/32	1/32	1		-2	70	1337
67	66	0	0	2/4	2	1	1/32	1/32	1		-1	65	1354
67	66	0	0	2/4	1	1	1/32	1/32	1		2	74	1338
67	66	1/32	1/32	2/4	1	1	1/32	1/32	1		5	71	1339
67	66	1/32	1/32	2/4	2	1	1/32	1/32	1		-5	73	1355
67	66	1/16	1/16	2/4	2	1	1/32	1/32	1		-4	68	1356
67	66	1/16	1/16	2/4	1	1	1/32	1/32	1		0	72	1340
67	66	3/32	3/32	2/4	1	1	1/32	1/32	1		5	71	1341
67	66	3/32	3/32	2/4	2	1	1/32	1/32	1		-5	73	1357
67	66	1/8	1/8	2/4	2	1	1/32	1/32	1		-1	65	1358
67	66	1/8	1/8	2/4	1	1	1/32	1/32	1		2	74	1342
67	66	5/32	5/32	2/4	1	1	1/32	1/32	1		5	71	1343
67	66	5/32	5/32	2/4	2	1	1/32	1/32	1		-5	73	1359
67	66	3/16	3/16	2/4	2	1	1/32	1/32	1		-4	68	1360
67	66	3/16	3/16	2/4	1	1	1/32	1/32	1		0	72	1344
67	66	7/32	7/32	2/4	1	1	1/32	1/32	1		5	71	1345
67	66	7/32	7/32	2/4	2	1	1/32	1/32	1		-5	73	1361
67	66	1/4	1/4	2/4	2	1	1/32	1/32	1		-1	65	1362
67	66	1/4	1/4	2/4	1	1	1/32	1/32	1		2	74	1346
67	66	9/32	9/32	2/4	1	1	1/32	1/32	1		5	71	1347
67	66	9/32	9/32	2/4	2	1	1/32	1/32	1		-5	73	1363
67	66	5/16	5/16	2/4	2	1	1/32	1/32	1		-4	68	1364
67	66	5/16	5/16	2/4	1	1	1/32	1/32	1		0	72	1348
67	66	11/32	11/32	2/4	1	1	1/32	1/32	1		5	71	1349
67	66	11/32	11/32	2/4	2	1	1/32	1/32	1		-5	73	1365
67	66	3/8	3/8	2/4	2	1	1/32	1/32	1		-1	65	1366
67	66	3/8	3/8	2/4	1	1	1/32	1/32	1		2	74	1350
67	66	13/32	13/32	2/4	1	1	1/32	1/32	1		5	71	1351
67	66	13/32	13/32	2/4	2	1	1/32	1/32	1		-5	73	1367
67	66	7/16	7/16	2/4	2	1	1/32	1/32	1		-4	68	1368
67	66	7/16	7/16	2/4	1	1	1/32	1/32	1		0	72	1352
67	66	15/32	15/32	2/4	1	1	1/32	1/32	1		5	71	1353
67	66	15/32	15/32	2/4	2	1	1/32	1/32	1		-5	73	1369
68	67	0	0	2/4	1	1	1/64	1/64	1		-4	80	1370
68	67	1/64	1/64	2/4	1	1	1/64	1/64	1		-6	78	1371
68	67	1/32	1/32	2/4	1	1	1/64	1/64	1		-3	75	1372
68	67	3/64	3/64	2/4	2	1	1/64	1/64	1		-4	68	1378
68	67	3/64	3/64	2/4	1	1	1/64	1/64	1		-5	73	1373
68	67	1/16	1/16	2/4	2	1	1/64	1/64	1		-6	66	1379
68	67	5/64	5/64	2/4	2	1	1/64	1/64	1		-3	63	1380
68	67	3/32	3/32	2/4	2	1	1/64	1/64	1		-5	61	1381
68	67	1/8	1/8	2/4	1	1	1/64	1/64	1		-4	56	1374
68	67	9/64	9/64	2/4	1	1	1/64	1/64	1		-6	54	1375
68	67	5/32	5/32	2/4	1	1	1/64	1/64	1		-3	51	1376
68	67	11/64	11/64	2/4	1	1	1/64	1/64	1		-5	49	1377
68	67	3/16	3/16	2/4	2	1	1/64	1/64	1		-4	44	1382
68	67	13/64	13/64	2/4	2	1	1/64	1/64	1		-6	42	1383
68	67	7/32	7/32	2/4	2	1	1/64	1/64	1		-3	39	1384
68	67	15/64	15/64	2/4	2	1	1/64	1/64	1		-5	37	1385
68	67	1/4	1/4	2/4	2	1	1/8	1/8	1		-6	30	1386
69	68	0	0	2/4	2	1	1/8	1/8	1		-6	30	1388
69	68	0	0	2/4	1	1	1/8	1/8	1		-6	90	1387
