mc	mn	mc_onset	mn_onset	timesig	staff	voice	duration	gracenote	nominal_duration	scalar	tied	tpc	midi	chord_id
1	1	0	0	9/8	3	1	3/4		1/2	3/2	1	8	68	3
1	1	0	0	9/8	1	1	3/4		1/2	3/2	1	8	80	0
1	1	0	0	9/8	1	1	3/4		1/2	3/2	1	8	92	0
1	1	3/4	3/4	9/8	2	1	3/8		1/4	3/2		3	57	2
1	1	3/4	3/4	9/8	3	1	3/8		1/4	3/2	0	8	68	4
1	1	3/4	3/4	9/8	2	1	3/8		1/4	3/2		3	69	2
1	1	3/4	3/4	9/8	1	1	3/8		1/4	3/2	0	8	80	1
1	1	3/4	3/4	9/8	1	1	3/8		1/4	3/2	0	8	92	1
2	2	0	0	9/8	3	2	1/4		1/4	1		8	32	10
2	2	0	0	9/8	3	1	3/4		1/2	3/2	0	8	68	8
2	2	0	0	9/8	1	1	3/4		1/2	3/2	0	8	80	5
2	2	0	0	9/8	1	1	3/4		1/2	3/2	0	8	92	5
2	2	3/4	3/4	9/8	2	1	3/8		1/4	3/2		3	57	7
2	2	3/4	3/4	9/8	3	1	3/8		1/4	3/2	-1	8	68	9
2	2	3/4	3/4	9/8	2	1	3/8		1/4	3/2		3	69	7
2	2	3/4	3/4	9/8	1	1	3/8		1/4	3/2	-1	8	80	6
2	2	3/4	3/4	9/8	1	1	3/8		1/4	3/2	-1	8	92	6
3	3	0	0	9/8	3	1	3/4		1/2	3/2	1	8	68	14
3	3	0	0	9/8	1	1	3/4		1/2	3/2	1	8	80	11
3	3	0	0	9/8	1	1	3/4		1/2	3/2	1	8	92	11
3	3	3/4	3/4	9/8	2	1	3/8		1/4	3/2		3	57	13
3	3	3/4	3/4	9/8	3	1	3/8		1/4	3/2	-1	8	68	15
3	3	3/4	3/4	9/8	2	1	3/8		1/4	3/2		3	69	13
3	3	3/4	3/4	9/8	1	1	3/8		1/4	3/2	-1	8	80	12
3	3	3/4	3/4	9/8	1	1	3/8		1/4	3/2	-1	8	92	12
4	4	0	0	9/8	1	1	3/4		1/2	3/2	1	8	68	16
4	4	3/8	3/8	9/8	2	1	1/8		1/8	1		2	62	18
4	4	1/2	1/2	9/8	2	1	1/8		1/8	1		0	60	19
4	4	5/8	5/8	9/8	2	1	1/8		1/8	1	1	5	59	20
4	4	3/4	3/4	9/8	3	1	3/8		1/4	3/2		0	48	24
4	4	3/4	3/4	9/8	2	1	1/8		1/8	1	-1	5	59	21
4	4	3/4	3/4	9/8	2	2	3/8		1/4	3/2		5	59	23
4	4	3/4	3/4	9/8	1	1	3/8		1/4	3/2	-1	8	68	17
4	4	7/8	7/8	9/8	2	1	1/4		1/4	1		4	64	22
5	5	0	0	9/8	3	1	3/4		1/2	3/2		2	38	32
5	5	0	0	9/8	1	1	3/4		1/2	3/2	1	8	68	25
5	5	1/8	1/8	9/8	2	2	1/4		1/4	1	1	3	57	30
5	5	1/8	1/8	9/8	2	2	1/4		1/4	1	1	2	62	30
5	5	1/8	1/8	9/8	2	1	1/8		1/8	1		4	64	27
5	5	1/4	1/4	9/8	2	1	1/8		1/8	1	1	-1	65	28
5	5	3/8	3/8	9/8	2	2	3/8		1/4	3/2	-1	3	57	31
5	5	3/8	3/8	9/8	2	2	3/8		1/4	3/2	-1	2	62	31
5	5	3/8	3/8	9/8	2	1	3/8		1/4	3/2	-1	-1	65	29
5	5	3/4	3/4	9/8	3	1	3/8		1/4	3/2		0	36	33
5	5	3/4	3/4	9/8	1	1	3/8		1/4	3/2	-1	8	68	26
6	6	0	0	9/8	3	2	3/4		1/2	3/2		-2	34	43
6	6	0	0	9/8	1	1	3/4		1/2	3/2		8	56	34
6	6	0	0	9/8	1	1	3/4		1/2	3/2		8	68	34
6	6	1/8	1/8	9/8	3	1	1/8		1/8	1		4	52	40
6	6	1/8	1/8	9/8	2	2	1/4		1/4	1	1	2	62	38
6	6	1/8	1/8	9/8	2	1	1/8		1/8	1		4	64	35
6	6	1/4	1/4	9/8	3	1	1/8		1/8	1	1	-1	53	41
6	6	1/4	1/4	9/8	2	1	1/8		1/8	1	1	-1	65	36
6	6	3/8	3/8	9/8	3	1	3/8		1/4	3/2	-1	-1	53	42
6	6	3/8	3/8	9/8	2	2	3/8		1/4	3/2	-1	2	62	39
6	6	3/8	3/8	9/8	2	1	3/8		1/4	3/2	-1	-1	65	37
7	7	0	0	9/8	3	2	3/4		1/2	3/2	1	-1	41	61
7	7	0	0	9/8	2	1	3/8		1/4	3/2	1	0	48	45
7	7	0	0	9/8	3	1	3/8		1/4	3/2	1	0	48	54
7	7	0	0	9/8	2	2	3/4		1/2	3/2		-2	58	52
7	7	0	0	9/8	2	1	3/8		1/4	3/2	1	0	60	45
7	7	1/4	1/4	9/8	1	1	1/8		1/8	1		-4	56	44
7	7	1/4	1/4	9/8	1	1	1/8		1/8	1		-4	68	44
7	7	3/8	3/8	9/8	3	3	1/8		1/8	1		-1	29	63
7	7	3/8	3/8	9/8	2	1	1/4		1/4	1	0	0	48	46
7	7	3/8	3/8	9/8	3	1	1/4		1/4	1	0	0	48	55
7	7	3/8	3/8	9/8	2	1	1/4		1/4	1	0	0	60	46
7	7	5/8	5/8	9/8	2	1	1/16		1/16	1	-1	0	48	47
7	7	5/8	5/8	9/8	3	1	1/16		1/16	1	-1	0	48	56
7	7	5/8	5/8	9/8	2	1	1/16		1/16	1	-1	0	60	47
7	7	11/16	11/16	9/8	2	1	1/16		1/16	1		-5	49	48
7	7	11/16	11/16	9/8	3	1	1/16		1/16	1		-5	49	57
7	7	11/16	11/16	9/8	2	1	1/16		1/16	1		-5	61	48
7	7	3/4	3/4	9/8	3	2	3/8		1/4	3/2	-1	-1	41	62
7	7	3/4	3/4	9/8	2	1	1/4		1/4	1	1	-5	49	49
7	7	3/4	3/4	9/8	3	1	1/4		1/4	1	1	-5	49	58
7	7	3/4	3/4	9/8	2	2	3/8		1/4	3/2		-2	58	53
7	7	3/4	3/4	9/8	2	1	1/4		1/4	1	1	-5	61	49
7	7	1	1	9/8	2	1	1/16		1/16	1	-1	-5	49	50
7	7	1	1	9/8	3	1	1/16		1/16	1	-1	-5	49	59
7	7	1	1	9/8	2	1	1/16		1/16	1	-1	-5	61	50
7	7	17/16	17/16	9/8	2	1	1/16		1/16	1		2	50	51
7	7	17/16	17/16	9/8	3	1	1/16		1/16	1		2	50	60
7	7	17/16	17/16	9/8	2	1	1/16		1/16	1		2	62	51
8	8	0	0	9/8	3	2	3/4		1/2	3/2	1	-1	41	69
8	8	0	0	9/8	2	1	3/4		1/2	3/2		2	50	65
8	8	0	0	9/8	3	1	3/4		1/2	3/2		2	50	67
8	8	0	0	9/8	2	1	3/4		1/2	3/2		-2	58	65
8	8	0	0	9/8	2	1	3/4		1/2	3/2		2	62	65
8	8	1/4	1/4	9/8	1	1	1/8		1/8	1		-4	56	64
8	8	1/4	1/4	9/8	1	1	1/8		1/8	1		-4	68	64
8	8	3/8	3/8	9/8	3	3	1/8		1/8	1		-1	29	71
8	8	3/4	3/4	9/8	3	2	3/8		1/4	3/2	-1	-1	41	70
8	8	3/4	3/4	9/8	2	1	3/8		1/4	3/2	1	4	52	66
8	8	3/4	3/4	9/8	3	1	3/8		1/4	3/2		4	52	68
8	8	3/4	3/4	9/8	2	1	3/8		1/4	3/2	1	-2	58	66
8	8	3/4	3/4	9/8	2	1	3/8		1/4	3/2	1	4	64	66
9	9	0	0	9/8	3	2	3/4		1/2	3/2	1	-1	41	84
9	9	0	0	9/8	2	1	1/4		1/4	1	0	4	52	73
9	9	0	0	9/8	3	1	1/4		1/4	1		4	52	79
9	9	0	0	9/8	2	2	3/4		1/2	3/2	-1	-2	58	78
9	9	0	0	9/8	2	1	1/4		1/4	1	0	4	64	73
9	9	1/4	1/4	9/8	2	1	1/16		1/16	1	-1	4	52	74
9	9	1/4	1/4	9/8	3	1	1/16		1/16	1		4	52	80
9	9	1/4	1/4	9/8	1	1	1/8		1/8	1		-4	56	72
9	9	1/4	1/4	9/8	2	1	1/16		1/16	1	-1	4	64	74
9	9	1/4	1/4	9/8	1	1	1/8		1/8	1		-4	68	72
9	9	5/16	5/16	9/8	2	1	1/16		1/16	1		-1	53	75
9	9	5/16	5/16	9/8	3	1	1/16		1/16	1		-1	53	81
9	9	5/16	5/16	9/8	2	1	1/16		1/16	1		-1	65	75
9	9	3/8	3/8	9/8	3	3	1/8		1/8	1		-1	29	86
9	9	3/8	3/8	9/8	2	1	3/8		1/4	3/2		4	52	76
9	9	3/8	3/8	9/8	3	1	3/8		1/4	3/2		4	52	82
9	9	3/8	3/8	9/8	2	1	3/8		1/4	3/2		4	64	76
9	9	3/4	3/4	9/8	3	2	3/8		1/4	3/2	-1	-1	41	85
9	9	3/4	3/4	9/8	2	1	3/8		1/4	3/2		2	50	77
9	9	3/4	3/4	9/8	3	1	3/8		1/4	3/2		2	50	83
9	9	3/4	3/4	9/8	2	1	3/8		1/4	3/2		2	62	77
10	10	0	0	9/8	3	1	3/4		1/2	3/2	1	-1	41	91
10	10	0	0	9/8	3	1	3/4		1/2	3/2	1	-4	44	91
10	10	0	0	9/8	2	1	3/4		1/2	3/2	1	-5	49	89
10	10	0	0	9/8	3	1	3/4		1/2	3/2	1	-1	53	91
10	10	0	0	9/8	2	1	3/4		1/2	3/2	1	-2	58	89
10	10	0	0	9/8	2	1	3/4		1/2	3/2	1	-5	61	89
10	10	1/4	1/4	9/8	1	1	1/8		1/8	1		-4	56	87
10	10	1/4	1/4	9/8	1	1	1/8		1/8	1		-4	68	87
10	10	3/8	3/8	9/8	3	3	1/8		1/8	1		-1	29	93
10	10	3/4	3/4	9/8	3	1	3/8		1/4	3/2	-1	-1	41	92
10	10	3/4	3/4	9/8	3	1	3/8		1/4	3/2	-1	-4	44	92
10	10	3/4	3/4	9/8	2	1	3/8		1/4	3/2	-1	-5	49	90
10	10	3/4	3/4	9/8	3	1	3/8		1/4	3/2	-1	-1	53	92
10	10	3/4	3/4	9/8	2	1	3/8		1/4	3/2	-1	-2	58	90
10	10	3/4	3/4	9/8	2	1	3/8		1/4	3/2	-1	-5	61	90
10	10	1	1	9/8	1	1	1/8		1/8	1		-4	56	88
10	10	1	1	9/8	1	1	1/8		1/8	1		-4	68	88
11	11	0	0	9/8	3	2	3/4		1/2	3/2	1	-1	41	111
11	11	0	0	9/8	2	1	3/8		1/4	3/2	1	-5	49	95
11	11	0	0	9/8	3	1	3/8		1/4	3/2	1	-5	49	104
11	11	0	0	9/8	2	2	3/4		1/2	3/2		-4	56	102
11	11	0	0	9/8	2	2	3/4		1/2	3/2		-2	58	102
11	11	0	0	9/8	2	1	3/8		1/4	3/2	1	-5	61	95
11	11	1/4	1/4	9/8	1	1	1/8		1/8	1		-4	56	94
11	11	1/4	1/4	9/8	1	1	1/8		1/8	1		-4	68	94
11	11	3/8	3/8	9/8	3	3	1/8		1/8	1		-1	29	113
11	11	3/8	3/8	9/8	2	1	1/4		1/4	1	0	-5	49	96
11	11	3/8	3/8	9/8	3	1	1/4		1/4	1	0	-5	49	105
11	11	3/8	3/8	9/8	2	1	1/4		1/4	1	0	-5	61	96
11	11	5/8	5/8	9/8	2	1	1/16		1/16	1	-1	-5	49	97
11	11	5/8	5/8	9/8	3	1	1/16		1/16	1	-1	-5	49	106
11	11	5/8	5/8	9/8	2	1	1/16		1/16	1	-1	-5	61	97
11	11	11/16	11/16	9/8	2	1	1/16		1/16	1		-3	51	98
11	11	11/16	11/16	9/8	3	1	1/16		1/16	1		-3	51	107
11	11	11/16	11/16	9/8	2	1	1/16		1/16	1		-3	63	98
11	11	3/4	3/4	9/8	3	2	3/8		1/4	3/2	-1	-1	41	112
11	11	3/4	3/4	9/8	2	1	1/4		1/4	1	1	-3	51	99
11	11	3/4	3/4	9/8	3	1	1/4		1/4	1	1	-3	51	108
11	11	3/4	3/4	9/8	2	2	3/8		1/4	3/2		-4	56	103
11	11	3/4	3/4	9/8	2	2	3/8		1/4	3/2		-2	58	103
11	11	3/4	3/4	9/8	2	1	1/4		1/4	1	1	-3	63	99
11	11	1	1	9/8	2	1	1/16		1/16	1	-1	-3	51	100
11	11	1	1	9/8	3	1	1/16		1/16	1	-1	-3	51	109
11	11	1	1	9/8	2	1	1/16		1/16	1	-1	-3	63	100
11	11	17/16	17/16	9/8	2	1	1/16		1/16	1		-1	53	101
11	11	17/16	17/16	9/8	3	1	1/16		1/16	1		-1	53	110
11	11	17/16	17/16	9/8	2	1	1/16		1/16	1		-1	65	101
12	12	0	0	9/8	3	1	3/4		1/2	3/2	1	-2	46	119
12	12	0	0	9/8	2	1	3/4		1/2	3/2		-1	53	117
12	12	0	0	9/8	3	1	3/4		1/2	3/2	1	-1	53	119
12	12	0	0	9/8	2	1	3/4		1/2	3/2		-2	58	117
12	12	0	0	9/8	2	1	3/4		1/2	3/2		0	60	117
12	12	0	0	9/8	2	1	3/4		1/2	3/2		-1	65	117
12	12	1/8	1/8	9/8	1	1	1/8		1/8	1		-4	68	114
12	12	1/8	1/8	9/8	1	1	1/8		1/8	1		-4	80	114
12	12	1/4	1/4	9/8	1	1	1/8		1/8	1		0	60	115
12	12	1/4	1/4	9/8	1	1	1/8		1/8	1		0	72	115
12	12	3/8	3/8	9/8	3	3	1/8		1/8	1		-2	34	121
12	12	3/8	3/8	9/8	1	1	1/4		1/4	1		2	74	116
12	12	3/8	3/8	9/8	1	1	1/4		1/4	1		2	86	116
12	12	3/4	3/4	9/8	3	1	3/8		1/4	3/2	-1	-2	46	120
12	12	3/4	3/4	9/8	3	1	3/8		1/4	3/2	-1	-1	53	120
12	12	3/4	3/4	9/8	2	1	3/8		1/4	3/2	1	1	55	118
12	12	3/4	3/4	9/8	2	1	3/8		1/4	3/2	1	1	67	118
13	13	0	0	9/8	3	1	3/4		1/2	3/2	1	-2	46	129
13	13	0	0	9/8	2	1	1/4		1/4	1	-1	1	55	125
13	13	0	0	9/8	2	1	1/4		1/4	1		-2	58	125
13	13	0	0	9/8	2	1	1/4		1/4	1		0	60	125
13	13	0	0	9/8	2	1	1/4		1/4	1	-1	1	67	125
13	13	1/8	1/8	9/8	1	1	1/8		1/8	1		-4	68	122
13	13	1/8	1/8	9/8	1	1	1/8		1/8	1		-4	80	122
13	13	1/4	1/4	9/8	2	1	1/8		1/8	1		-4	56	126
13	13	1/4	1/4	9/8	1	1	1/8		1/8	1		0	60	123
13	13	1/4	1/4	9/8	2	1	1/8		1/8	1		-4	68	126
13	13	1/4	1/4	9/8	1	1	1/8		1/8	1		0	72	123
13	13	3/8	3/8	9/8	2	1	3/8		1/4	3/2		1	55	127
13	13	3/8	3/8	9/8	2	1	3/8		1/4	3/2		1	67	127
13	13	3/8	3/8	9/8	1	1	1/4		1/4	1		2	74	124
13	13	3/8	3/8	9/8	1	1	1/4		1/4	1		2	86	124
13	13	3/4	3/4	9/8	3	1	3/8		1/4	3/2	-1	-2	46	130
13	13	3/4	3/4	9/8	2	1	3/8		1/4	3/2		-1	53	128
13	13	3/4	3/4	9/8	2	1	3/8		1/4	3/2		-1	65	128
14	14	0	0	9/8	3	1	3/4		1/2	3/2		4	40	138
14	14	0	0	9/8	2	1	3/4		1/2	3/2	1	-4	56	136
14	14	1/8	1/8	9/8	1	2	1/4		1/4	1	1	2	62	134
14	14	1/8	1/8	9/8	1	1	1/8		1/8	1		4	64	131
14	14	1/4	1/4	9/8	1	1	1/8		1/8	1		-1	65	132
14	14	3/8	3/8	9/8	1	2	3/8		1/4	3/2	-1	2	62	135
14	14	3/8	3/8	9/8	1	1	3/8		1/4	3/2		-1	65	133
14	14	3/4	3/4	9/8	2	1	3/8		1/4	3/2	-1	-4	56	137
15	15	0	0	3/4	1	1	1/8		1/8	1		6	54	139
15	15	0	0	3/4	1	2	1/4		1/4	1		8	56	145
15	15	0	0	3/4	1	2	1/4		1/4	1		5	59	145
15	15	0	0	3/4	1	2	1/4		1/4	1		9	63	145
15	15	0	0	3/4	3	1	1/4		1/4	1		8	68	148
15	15	0	0	3/4	3	1	1/4		1/4	1		5	71	148
15	15	0	0	3/4	3	1	1/4		1/4	1		9	75	148
15	15	1/8	1/8	3/4	1	1	1/8		1/8	1		-1	53	140
15	15	1/4	1/4	3/4	1	1	1/8		1/8	1		4	52	141
15	15	1/4	1/4	3/4	1	2	1/4		1/4	1		6	54	146
15	15	1/4	1/4	3/4	1	2	1/4		1/4	1		3	57	146
15	15	1/4	1/4	3/4	1	2	1/4		1/4	1		7	61	146
15	15	1/4	1/4	3/4	3	1	1/4		1/4	1		6	66	149
15	15	1/4	1/4	3/4	3	1	1/4		1/4	1		3	69	149
15	15	1/4	1/4	3/4	3	1	1/4		1/4	1		7	73	149
15	15	3/8	3/8	3/4	1	1	1/8		1/8	1		9	51	142
15	15	1/2	1/2	3/4	1	1	1/8		1/8	1		2	50	143
15	15	1/2	1/2	3/4	1	2	1/4		1/4	1	1	6	54	147
15	15	1/2	1/2	3/4	1	2	1/4		1/4	1	1	8	56	147
15	15	1/2	1/2	3/4	3	1	1/4		1/4	1	1	6	66	150
15	15	1/2	1/2	3/4	3	1	1/4		1/4	1	1	8	68	150
15	15	5/8	5/8	3/4	1	1	1/8		1/8	1		7	49	144
16	16	0	0	3/4	1	1	1/8		1/8	1		12	48	151
16	16	0	0	3/4	1	2	1/4		1/4	1	-1	6	54	157
16	16	0	0	3/4	1	2	1/4		1/4	1	-1	8	56	157
16	16	0	0	3/4	3	1	1/4		1/4	1	-1	6	66	159
16	16	0	0	3/4	3	1	1/4		1/4	1	-1	8	68	159
16	16	1/8	1/8	3/4	1	1	1/8		1/8	1		7	49	152
16	16	1/4	1/4	3/4	1	1	1/8		1/8	1		2	50	153
16	16	1/4	1/4	3/4	1	2	1/2		1/2	1		8	56	158
16	16	1/4	1/4	3/4	1	2	1/2		1/2	1		5	59	158
16	16	1/4	1/4	3/4	3	1	1/2		1/2	1		4	64	160
16	16	1/4	1/4	3/4	3	1	1/2		1/2	1		8	68	160
16	16	1/4	1/4	3/4	3	1	1/2		1/2	1		5	71	160
16	16	3/8	3/8	3/4	1	1	1/8		1/8	1		9	51	154
16	16	1/2	1/2	3/4	1	1	1/8		1/8	1		4	52	155
16	16	5/8	5/8	3/4	1	1	1/8		1/8	1		11	53	156
17	17	0	0	3/4	1	1	1/8		1/8	1		6	54	161
17	17	0	0	3/4	1	2	1/4		1/4	1		8	56	167
17	17	0	0	3/4	1	2	1/4		1/4	1		5	59	167
17	17	0	0	3/4	1	2	1/4		1/4	1		9	63	167
17	17	0	0	3/4	3	1	1/4		1/4	1		8	68	170
17	17	0	0	3/4	3	1	1/4		1/4	1		5	71	170
17	17	0	0	3/4	3	1	1/4		1/4	1		9	75	170
17	17	1/8	1/8	3/4	1	1	1/8		1/8	1		-1	53	162
17	17	1/4	1/4	3/4	1	1	1/8		1/8	1		4	52	163
17	17	1/4	1/4	3/4	1	2	1/4		1/4	1		6	54	168
17	17	1/4	1/4	3/4	1	2	1/4		1/4	1		3	57	168
17	17	1/4	1/4	3/4	1	2	1/4		1/4	1		7	61	168
17	17	1/4	1/4	3/4	3	1	1/4		1/4	1		6	66	171
17	17	1/4	1/4	3/4	3	1	1/4		1/4	1		3	69	171
17	17	1/4	1/4	3/4	3	1	1/4		1/4	1		7	73	171
17	17	3/8	3/8	3/4	1	1	1/8		1/8	1		6	54	164
17	17	1/2	1/2	3/4	1	1	1/8		1/8	1		3	57	165
17	17	1/2	1/2	3/4	1	2	1/4		1/4	1		7	61	169
17	17	1/2	1/2	3/4	1	2	1/4		1/4	1	1	4	64	169
17	17	1/2	1/2	3/4	1	2	1/4		1/4	1	1	8	68	169
17	17	1/2	1/2	3/4	3	1	1/4		1/4	1	1	7	73	172
17	17	1/2	1/2	3/4	3	1	1/4		1/4	1	1	4	76	172
17	17	1/2	1/2	3/4	3	1	1/4		1/4	1	1	8	80	172
17	17	5/8	5/8	3/4	1	1	1/8		1/8	1		5	59	166
18	18	0	0	3/4	1	1	1/8		1/8	1		12	60	173
18	18	0	0	3/4	1	2	1/4		1/4	1	-1	4	64	179
18	18	0	0	3/4	1	2	1/4		1/4	1	-1	8	68	179
18	18	0	0	3/4	3	1	1/4		1/4	1	-1	7	73	181
18	18	0	0	3/4	3	1	1/4		1/4	1	-1	4	76	181
18	18	0	0	3/4	3	1	1/4		1/4	1	-1	8	80	181
18	18	1/8	1/8	3/4	1	1	1/8		1/8	1		7	61	174
18	18	1/4	1/4	3/4	1	1	1/8		1/8	1		2	62	175
18	18	1/4	1/4	3/4	1	2	1/2		1/2	1		4	64	180
18	18	1/4	1/4	3/4	1	2	1/2		1/2	1		1	67	180
18	18	1/4	1/4	3/4	1	2	1/2		1/2	1		5	71	180
18	18	1/4	1/4	3/4	3	1	1/2		1/2	1		4	76	182
18	18	1/4	1/4	3/4	3	1	1/2		1/2	1		1	79	182
18	18	1/4	1/4	3/4	3	1	1/2		1/2	1		5	83	182
18	18	3/8	3/8	3/4	1	1	1/8		1/8	1		9	63	176
18	18	1/2	1/2	3/4	1	1	1/8		1/8	1		4	64	177
18	18	5/8	5/8	3/4	1	1	1/8		1/8	1		11	65	178
19	19	0	0	3/4	1	1	1/8		1/8	1		6	66	183
19	19	0	0	3/4	1	2	1/4		1/4	1		8	68	189
19	19	0	0	3/4	1	2	1/4		1/4	1		5	71	189
19	19	0	0	3/4	1	2	1/4		1/4	1		9	75	189
19	19	0	0	3/4	3	1	1/4		1/4	1		8	80	192
19	19	0	0	3/4	3	1	1/4		1/4	1		5	83	192
19	19	0	0	3/4	3	1	1/4		1/4	1		9	87	192
19	19	1/8	1/8	3/4	1	1	1/8		1/8	1		-1	65	184
19	19	1/4	1/4	3/4	1	1	1/8		1/8	1		4	64	185
19	19	1/4	1/4	3/4	1	2	1/4		1/4	1		6	66	190
19	19	1/4	1/4	3/4	1	2	1/4		1/4	1		3	69	190
19	19	1/4	1/4	3/4	1	2	1/4		1/4	1		7	73	190
19	19	1/4	1/4	3/4	3	1	1/4		1/4	1		6	78	193
19	19	1/4	1/4	3/4	3	1	1/4		1/4	1		3	81	193
19	19	1/4	1/4	3/4	3	1	1/4		1/4	1		7	85	193
19	19	3/8	3/8	3/4	1	1	1/8		1/8	1		-3	63	186
19	19	1/2	1/2	3/4	1	1	1/8		1/8	1		2	62	187
19	19	1/2	1/2	3/4	1	2	1/4		1/4	1		-1	65	191
19	19	1/2	1/2	3/4	1	2	1/4		1/4	1		3	69	191
19	19	1/2	1/2	3/4	3	1	1/4		1/4	1		2	74	194
19	19	1/2	1/2	3/4	3	1	1/4		1/4	1		-1	77	194
19	19	1/2	1/2	3/4	3	1	1/4		1/4	1		3	81	194
19	19	5/8	5/8	3/4	1	1	1/8		1/8	1		7	61	188
20	20	0	0	3/4	1	1	1/8		1/8	1		0	60	195
20	20	0	0	3/4	1	2	1/4		1/4	1		2	62	201
20	20	0	0	3/4	1	2	1/4		1/4	1		-1	65	201
20	20	0	0	3/4	3	2	1/8		1/8	1		0	72	205
20	20	0	0	3/4	3	1	1/4		1/4	1		2	74	203
20	20	0	0	3/4	3	1	1/4		1/4	1		-1	77	203
20	20	1/8	1/8	3/4	1	1	1/8		1/8	1		-2	58	196
20	20	1/8	1/8	3/4	3	2	1/8		1/8	1		-2	70	206
20	20	1/4	1/4	3/4	1	1	1/8		1/8	1		-4	56	197
20	20	1/4	1/4	3/4	1	2	1/2		1/2	1		2	62	202
20	20	1/4	1/4	3/4	3	2	1/8		1/8	1		-4	68	207
20	20	1/4	1/4	3/4	3	1	1/2		1/2	1		0	72	204
20	20	1/4	1/4	3/4	3	1	1/2		1/2	1		2	74	204
20	20	3/8	3/8	3/4	1	1	1/8		1/8	1		1	55	198
20	20	1/2	1/2	3/4	1	1	1/8		1/8	1		-4	56	199
20	20	5/8	5/8	3/4	1	1	1/8		1/8	1		1	55	200
21	21	0	0	3/4	1	1	1/8		1/8	1		6	54	208
21	21	0	0	3/4	1	2	1/4		1/4	1		8	56	214
21	21	0	0	3/4	1	2	1/4		1/4	1		5	59	214
21	21	0	0	3/4	1	2	1/4		1/4	1		9	63	214
21	21	0	0	3/4	3	1	1/4		1/4	1		8	68	217
21	21	0	0	3/4	3	1	1/4		1/4	1		5	71	217
21	21	0	0	3/4	3	1	1/4		1/4	1		9	75	217
21	21	1/8	1/8	3/4	1	1	1/8		1/8	1		-1	53	209
21	21	1/4	1/4	3/4	1	1	1/8		1/8	1		4	52	210
21	21	1/4	1/4	3/4	1	2	1/4		1/4	1		6	54	215
21	21	1/4	1/4	3/4	1	2	1/4		1/4	1		3	57	215
21	21	1/4	1/4	3/4	1	2	1/4		1/4	1		7	61	215
21	21	1/4	1/4	3/4	3	1	1/4		1/4	1		6	66	218
21	21	1/4	1/4	3/4	3	1	1/4		1/4	1		3	69	218
21	21	1/4	1/4	3/4	3	1	1/4		1/4	1		7	73	218
21	21	3/8	3/8	3/4	1	1	1/8		1/8	1		9	51	211
21	21	1/2	1/2	3/4	1	1	1/8		1/8	1		2	50	212
21	21	1/2	1/2	3/4	1	2	1/4		1/4	1		6	54	216
21	21	1/2	1/2	3/4	1	2	1/4		1/4	1		8	56	216
21	21	1/2	1/2	3/4	3	1	1/4		1/4	1		6	66	219
21	21	1/2	1/2	3/4	3	1	1/4		1/4	1		8	68	219
21	21	5/8	5/8	3/4	1	1	1/8		1/8	1		7	49	213
22	22	0	0	3/4	1	1	1/8		1/8	1		6	54	220
22	22	0	0	3/4	1	2	1/4		1/4	1		8	56	226
22	22	0	0	3/4	1	2	1/4		1/4	1		5	59	226
22	22	0	0	3/4	1	2	1/4		1/4	1		9	63	226
22	22	0	0	3/4	3	1	1/4		1/4	1		8	68	229
22	22	0	0	3/4	3	1	1/4		1/4	1		5	71	229
22	22	0	0	3/4	3	1	1/4		1/4	1		9	75	229
22	22	1/8	1/8	3/4	1	1	1/8		1/8	1		-1	53	221
22	22	1/4	1/4	3/4	1	1	1/8		1/8	1		4	52	222
22	22	1/4	1/4	3/4	1	2	1/4		1/4	1		-1	53	227
22	22	1/4	1/4	3/4	1	2	1/4		1/4	1		3	57	227
22	22	1/4	1/4	3/4	1	2	1/4		1/4	1		7	61	227
22	22	1/4	1/4	3/4	3	1	1/4		1/4	1		6	66	230
22	22	1/4	1/4	3/4	3	1	1/4		1/4	1		3	69	230
22	22	1/4	1/4	3/4	3	1	1/4		1/4	1		7	73	230
22	22	3/8	3/8	3/4	1	1	1/8		1/8	1		11	53	223
22	22	1/2	1/2	3/4	1	1	1/8		1/8	1		-1	53	224
22	22	1/2	1/2	3/4	1	2	1/4		1/4	1	1	3	57	228
22	22	1/2	1/2	3/4	1	2	1/4		1/4	1	1	0	60	228
22	22	1/2	1/2	3/4	1	2	1/4		1/4	1	1	4	64	228
22	22	1/2	1/2	3/4	3	1	1/4		1/4	1	1	3	69	231
22	22	1/2	1/2	3/4	3	1	1/4		1/4	1	1	0	72	231
22	22	1/2	1/2	3/4	3	1	1/4		1/4	1	1	4	76	231
22	22	5/8	5/8	3/4	1	1	1/8		1/8	1		1	55	225
23	23	0	0	3/4	1	1	1/8		1/8	1		8	56	232
23	23	0	0	3/4	1	2	3/4		1/2	3/2	-1	3	57	238
23	23	0	0	3/4	1	2	3/4		1/2	3/2	-1	0	60	238
23	23	0	0	3/4	1	2	3/4		1/2	3/2	-1	4	64	238
23	23	0	0	3/4	3	1	1/2		1/2	1	-1	3	69	239
23	23	0	0	3/4	3	1	1/2		1/2	1	-1	0	72	239
23	23	0	0	3/4	3	1	1/2		1/2	1	-1	4	76	239
23	23	1/8	1/8	3/4	1	1	1/8		1/8	1		3	57	233
23	23	1/4	1/4	3/4	1	1	1/8		1/8	1		10	58	234
23	23	3/8	3/8	3/4	1	1	1/8		1/8	1		5	59	235
23	23	1/2	1/2	3/4	1	1	1/8		1/8	1		0	60	236
23	23	1/2	1/2	3/4	3	1	1/8		1/8	1		0	72	240
23	23	5/8	5/8	3/4	1	1	1/8		1/8	1		2	62	237
23	23	5/8	5/8	3/4	3	1	1/8		1/8	1		2	74	241
24	24	0	0	3/4	1	1	1/8		1/8	1		4	64	242
24	24	0	0	3/4	3	1	1/8		1/8	1		4	76	248
24	24	1/8	1/8	3/4	1	1	1/8		1/8	1		6	66	243
24	24	1/8	1/8	3/4	3	1	1/8		1/8	1		6	78	249
24	24	1/4	1/4	3/4	1	1	1/8		1/8	1		4	64	244
24	24	1/4	1/4	3/4	3	1	1/8		1/8	1		4	76	250
24	24	3/8	3/8	3/4	1	1	1/8		1/8	1		6	66	245
24	24	3/8	3/8	3/4	3	1	1/8		1/8	1		6	78	251
24	24	1/2	1/2	3/4	1	1	1/8		1/8	1		3	69	246
24	24	1/2	1/2	3/4	3	1	1/8		1/8	1		3	81	252
24	24	5/8	5/8	3/4	1	1	1/8		1/8	1		0	72	247
24	24	5/8	5/8	3/4	3	1	1/8		1/8	1		0	84	253
25	25	0	0	3/4	1	1	1/8		1/8	1		6	78	254
25	25	0	0	3/4	1	2	1/4		1/4	1		8	80	260
25	25	0	0	3/4	1	2	1/4		1/4	1		5	83	260
25	25	0	0	3/4	1	2	1/4		1/4	1		9	87	260
25	25	1/8	1/8	3/4	1	1	1/8		1/8	1		-1	77	255
25	25	1/4	1/4	3/4	1	1	1/8		1/8	1		4	76	256
25	25	1/4	1/4	3/4	1	2	1/4		1/4	1		6	78	261
25	25	1/4	1/4	3/4	1	2	1/4		1/4	1		3	81	261
25	25	1/4	1/4	3/4	1	2	1/4		1/4	1		7	85	261
25	25	3/8	3/8	3/4	1	1	1/8		1/8	1		9	75	257
25	25	1/2	1/2	3/4	1	1	1/8		1/8	1		2	74	258
25	25	1/2	1/2	3/4	1	2	1/4		1/4	1	1	6	78	262
25	25	1/2	1/2	3/4	1	2	1/4		1/4	1	1	8	80	262
25	25	5/8	5/8	3/4	1	1	1/8		1/8	1		7	73	259
26	26	0	0	3/4	3	1	1/4		1/4	1		3	57	272
26	26	0	0	3/4	3	1	1/4		1/4	1		0	60	272
26	26	0	0	3/4	3	1	1/4		1/4	1		2	62	272
26	26	0	0	3/4	3	1	1/4		1/4	1		6	66	272
26	26	0	0	3/4	3	1	1/4		1/4	1		3	69	272
26	26	0	0	3/4	1	1	1/8		1/8	1		0	72	263
26	26	0	0	3/4	1	2	1/4		1/4	1	-1	6	78	269
26	26	0	0	3/4	1	2	1/4		1/4	1	-1	8	80	269
26	26	1/8	1/8	3/4	1	1	1/8		1/8	1		7	73	264
26	26	1/4	1/4	3/4	3	1	1/4		1/4	1		1	55	273
26	26	1/4	1/4	3/4	3	1	1/4		1/4	1		5	59	273
26	26	1/4	1/4	3/4	3	1	1/4		1/4	1		-1	65	273
26	26	1/4	1/4	3/4	3	1	1/4		1/4	1		1	67	273
26	26	1/4	1/4	3/4	1	1	1/8		1/8	1		2	74	265
26	26	1/4	1/4	3/4	1	2	1/4		1/4	1		-1	77	270
26	26	1/4	1/4	3/4	1	2	1/4		1/4	1	1	1	79	270
26	26	1/4	1/4	3/4	1	2	1/4		1/4	1	1	5	83	270
26	26	3/8	3/8	3/4	1	1	1/8		1/8	1		9	75	266
26	26	1/2	1/2	3/4	3	1	1/4		1/4	1		2	50	274
26	26	1/2	1/2	3/4	3	1	1/4		1/4	1		2	62	274
26	26	1/2	1/2	3/4	1	1	1/8		1/8	1		4	76	267
26	26	1/2	1/2	3/4	1	2	1/4		1/4	1	-1	1	79	271
26	26	1/2	1/2	3/4	1	2	1/4		1/4	1	-1	5	83	271
26	26	5/8	5/8	3/4	1	1	1/8		1/8	1		-1	77	268
27	27	0	0	3/4	3	1	1/4		1/4	1		7	49	284
27	27	0	0	3/4	3	1	1/4		1/4	1		7	61	284
27	27	0	0	3/4	1	1	1/8		1/8	1		6	78	275
27	27	0	0	3/4	1	2	1/4		1/4	1		8	80	281
27	27	0	0	3/4	1	2	1/4		1/4	1		5	83	281
27	27	0	0	3/4	1	2	1/4		1/4	1		9	87	281
27	27	1/8	1/8	3/4	1	1	1/8		1/8	1		-1	77	276
27	27	1/4	1/4	3/4	3	1	1/4		1/4	1		8	44	285
27	27	1/4	1/4	3/4	3	1	1/4		1/4	1		8	56	285
27	27	1/4	1/4	3/4	1	1	1/8		1/8	1		4	76	277
27	27	1/4	1/4	3/4	1	2	1/4		1/4	1		6	78	282
27	27	1/4	1/4	3/4	1	2	1/4		1/4	1		3	81	282
27	27	1/4	1/4	3/4	1	2	1/4		1/4	1		7	85	282
27	27	3/8	3/8	3/4	1	1	1/8		1/8	1		9	75	278
27	27	1/2	1/2	3/4	3	1	1/4		1/4	1	1	8	32	286
27	27	1/2	1/2	3/4	1	1	1/8		1/8	1		2	74	279
27	27	1/2	1/2	3/4	1	2	1/4		1/4	1	1	6	78	283
27	27	1/2	1/2	3/4	1	2	1/4		1/4	1	1	8	80	283
27	27	5/8	5/8	3/4	1	1	1/8		1/8	1		7	73	280
28	28	0	0	3/4	3	1	1/4		1/4	1		3	57	295
28	28	0	0	3/4	3	1	1/4		1/4	1		0	60	295
28	28	0	0	3/4	3	1	1/4		1/4	1		2	62	295
28	28	0	0	3/4	3	1	1/4		1/4	1		6	66	295
28	28	0	0	3/4	3	1	1/4		1/4	1		3	69	295
28	28	0	0	3/4	1	1	1/8		1/8	1		0	72	287
28	28	0	0	3/4	1	2	1/4		1/4	1	-1	6	78	293
28	28	0	0	3/4	1	2	1/4		1/4	1	-1	8	80	293
28	28	1/8	1/8	3/4	1	1	1/8		1/8	1		5	71	288
28	28	1/4	1/4	3/4	3	1	1/2		1/2	1		1	55	296
28	28	1/4	1/4	3/4	3	1	1/2		1/2	1		-2	58	296
28	28	1/4	1/4	3/4	3	1	1/2		1/2	1		-5	61	296
28	28	1/4	1/4	3/4	3	1	1/2		1/2	1		-3	63	296
28	28	1/4	1/4	3/4	3	1	1/2		1/2	1		1	67	296
28	28	1/4	1/4	3/4	1	1	1/8		1/8	1		-2	70	289
28	28	1/4	1/4	3/4	1	2	1/2		1/2	1		-3	75	294
28	28	1/4	1/4	3/4	1	2	1/2		1/2	1		-1	77	294
28	28	3/8	3/8	3/4	1	1	1/8		1/8	1		0	72	290
28	28	1/2	1/2	3/4	3	3	1/4		1/4	1	-1	8	32	297
28	28	1/2	1/2	3/4	1	1	1/8		1/8	1		-5	73	291
28	28	5/8	5/8	3/4	1	1	1/8		1/8	1		-3	75	292
29	29	0	0	3/4	3	1	1/4		1/4	1		6	54	306
29	29	0	0	3/4	3	1	1/4		1/4	1		0	60	306
29	29	0	0	3/4	3	1	1/4		1/4	1		2	62	306
29	29	0	0	3/4	1	1	1/8		1/8	1		-4	68	298
29	29	0	0	3/4	1	2	1/4		1/4	1		0	72	304
29	29	0	0	3/4	1	2	1/4		1/4	1		2	74	304
29	29	1/8	1/8	3/4	1	1	1/8		1/8	1		1	67	299
29	29	1/4	1/4	3/4	3	1	1/2		1/2	1		11	53	307
29	29	1/4	1/4	3/4	3	1	1/2		1/2	1		5	59	307
29	29	1/4	1/4	3/4	3	1	1/2		1/2	1		7	61	307
29	29	1/4	1/4	3/4	1	1	1/8		1/8	1		6	66	300
29	29	1/4	1/4	3/4	1	2	1/2		1/2	1		5	71	305
29	29	1/4	1/4	3/4	1	2	1/2		1/2	1		7	73	305
29	29	3/8	3/8	3/4	1	1	1/8		1/8	1		1	67	301
29	29	1/2	1/2	3/4	3	3	1/4		1/4	1		8	32	308
29	29	1/2	1/2	3/4	1	1	1/8		1/8	1		8	68	302
29	29	5/8	5/8	3/4	1	1	1/8		1/8	1		3	69	303
30	30	0	0	3/4	3	1	1/8		1/8	1		6	54	309
30	30	1/8	1/8	3/4	3	1	1/8		1/8	1		1	55	310
30	30	1/4	1/4	3/4	3	1	1/8		1/8	1		8	56	311
30	30	3/8	3/8	3/4	3	1	1/8		1/8	1		3	57	312
30	30	1/2	1/2	3/4	3	1	1/8		1/8	1		6	42	313
30	30	5/8	5/8	3/4	3	1	1/8		1/8	1		1	43	314
31	31	0	0	3/4	3	1	3/4		1/2	3/2		8	32	324
31	31	0	0	3/4	2	1	1/8		1/8	1		4	64	315
31	31	1/8	1/8	3/4	2	1	1/8		1/8	1	1	5	71	316
31	31	1/4	1/4	3/4	2	1	1/16		1/16	1	-1	5	71	317
31	31	5/16	5/16	3/4	2	1	1/16		1/16	1		6	66	318
31	31	3/8	3/8	3/4	2	1	1/16		1/16	1		7	73	319
31	31	7/16	7/16	3/4	2	1	1/16		1/16	1		8	68	320
31	31	1/2	1/2	3/4	2	1	3/32		1/16	3/2		5	71	321
31	31	19/32	19/32	3/4	2	1	1/32		1/32	1		4	76	322
31	31	5/8	5/8	3/4	2	1	1/8		1/8	1	1	7	73	323
32	32	0	0	3/4	3	2	3/4		1/2	3/2		8	32	342
32	32	0	0	3/4	2	1	1/16		1/16	1	-1	7	73	325
32	32	1/16	1/16	3/4	2	1	1/16		1/16	1		6	66	326
32	32	1/8	1/8	3/4	2	1	3/32		1/16	3/2		5	71	327
32	32	7/32	7/32	3/4	3	1	1/32		1/32	1		6	66	337
32	32	7/32	7/32	3/4	2	1	1/32		1/32	1		4	76	328
32	32	1/4	1/4	3/4	3	1	7/32		1/8	7/4		8	68	338
32	32	1/4	1/4	3/4	2	1	1/16		1/16	1		7	73	329
32	32	5/16	5/16	3/4	2	1	1/16		1/16	1		6	66	330
32	32	3/8	3/8	3/4	2	1	3/32		1/16	3/2		5	71	331
32	32	15/32	15/32	3/4	3	1	1/32		1/32	1		6	66	339
32	32	15/32	15/32	3/4	2	1	1/32		1/32	1		4	76	332
32	32	1/2	1/2	3/4	3	1	7/32		1/8	7/4		8	68	340
32	32	1/2	1/2	3/4	2	1	1/16		1/16	1		7	73	333
32	32	9/16	9/16	3/4	2	1	1/16		1/16	1		6	66	334
32	32	5/8	5/8	3/4	2	1	3/32		1/16	3/2		5	71	335
32	32	23/32	23/32	3/4	3	1	1/32		1/32	1		6	66	341
32	32	23/32	23/32	3/4	2	1	1/32		1/32	1		4	76	336
33	33	0	0	3/4	3	2	3/4		1/2	3/2		-2	34	349
33	33	0	0	3/4	2	1	3/4		1/2	3/2		8	68	343
33	33	0	0	3/4	2	1	3/4		1/2	3/2		0	72	343
33	33	1/16	1/16	3/4	3	1	1/16		1/16	1		0	60	344
33	33	1/8	1/8	3/4	3	1	3/32		1/16	3/2		-1	65	345
33	33	7/32	7/32	3/4	3	1	1/32		1/32	1		-2	70	346
33	33	1/4	1/4	3/4	3	1	1/4		1/4	1		1	67	347
33	33	1/2	1/2	3/4	3	1	1/4		1/4	1		-1	65	348
34	34	0	0	3/4	3	1	1/2		1/2	1		2	62	353
34	34	0	0	3/4	2	1	1/4		1/4	1		-4	68	350
34	34	0	0	3/4	2	1	1/4		1/4	1		0	72	350
34	34	1/4	1/4	3/4	2	1	1/4		1/4	1		1	67	351
34	34	1/4	1/4	3/4	2	1	1/4		1/4	1		5	71	351
34	34	1/2	1/2	3/4	3	1	1/4		1/4	1		2	50	354
34	34	1/2	1/2	3/4	2	1	1/4		1/4	1		0	60	352
34	34	1/2	1/2	3/4	2	1	1/4		1/4	1		-1	65	352
34	34	1/2	1/2	3/4	2	1	1/4		1/4	1		-4	68	352
35	35	0	0	3/4	3	1	3/4		1/2	3/2		1	43	358
35	35	0	0	3/4	2	1	1/4		1/4	1		3	57	355
35	35	0	0	3/4	2	1	1/4		1/4	1		2	62	355
35	35	0	0	3/4	2	1	1/4		1/4	1		-1	65	355
35	35	1/4	1/4	3/4	2	1	1/4		1/4	1		1	55	356
35	35	1/4	1/4	3/4	2	1	1/4		1/4	1		0	60	356
35	35	1/4	1/4	3/4	2	1	1/4		1/4	1		4	64	356
35	35	1/2	1/2	3/4	2	1	1/4		1/4	1		-1	53	357
35	35	1/2	1/2	3/4	2	1	1/4		1/4	1		5	59	357
35	35	1/2	1/2	3/4	2	1	1/4		1/4	1		2	62	357
36	36	0	0	3/4	3	2	3/4		1/2	3/2		8	32	371
36	36	0	0	3/4	3	2	3/4		1/2	3/2		8	44	371
36	36	0	0	3/4	3	1	1/4		1/4	1		4	52	368
36	36	0	0	3/4	3	1	1/4		1/4	1		3	57	368
36	36	0	0	3/4	3	1	1/4		1/4	1		7	61	368
36	36	0	0	3/4	2	1	1/8		1/8	1		4	64	359
36	36	1/8	1/8	3/4	2	1	1/8		1/8	1	1	5	71	360
36	36	1/4	1/4	3/4	3	1	1/4		1/4	1		9	51	369
36	36	1/4	1/4	3/4	3	1	1/4		1/4	1		8	56	369
36	36	1/4	1/4	3/4	3	1	1/4		1/4	1		5	59	369
36	36	1/4	1/4	3/4	2	1	1/16		1/16	1	-1	5	71	361
36	36	5/16	5/16	3/4	2	1	1/16		1/16	1		6	66	362
36	36	3/8	3/8	3/4	2	1	1/16		1/16	1		7	73	363
36	36	7/16	7/16	3/4	2	1	1/16		1/16	1		8	68	364
36	36	1/2	1/2	3/4	3	1	1/4		1/4	1		7	49	370
36	36	1/2	1/2	3/4	3	1	1/4		1/4	1		6	54	370
36	36	1/2	1/2	3/4	3	1	1/4		1/4	1		3	57	370
36	36	1/2	1/2	3/4	2	1	3/32		1/16	3/2		5	71	365
36	36	19/32	19/32	3/4	2	1	1/32		1/32	1		4	76	366
36	36	5/8	5/8	3/4	2	1	1/8		1/8	1	1	7	73	367
37	37	0	0	3/4	3	2	3/4		1/2	3/2		8	32	389
37	37	0	0	3/4	2	1	1/16		1/16	1	-1	7	73	372
37	37	1/16	1/16	3/4	2	1	1/16		1/16	1		6	66	373
37	37	1/8	1/8	3/4	2	1	3/32		1/16	3/2		5	71	374
37	37	7/32	7/32	3/4	3	1	1/32		1/32	1		6	66	382
37	37	7/32	7/32	3/4	2	1	1/32		1/32	1		4	76	375
37	37	1/4	1/4	3/4	3	1	7/32		1/8	7/4		8	68	383
37	37	1/4	1/4	3/4	2	1	1/16		1/16	1		7	73	376
37	37	5/16	5/16	3/4	2	1	1/16		1/16	1		6	66	377
37	37	3/8	3/8	3/4	2	1	3/32		1/16	3/2		5	71	378
37	37	15/32	15/32	3/4	3	1	1/32		1/32	1	1	6	66	384
37	37	15/32	15/32	3/4	2	1	1/32		1/32	1		4	76	379
37	37	1/2	1/2	3/4	3	1	1/16		1/16	1	-1	6	66	385
37	37	1/2	1/2	3/4	3	3	1/4		1/4	1		6	66	390
37	37	1/2	1/2	3/4	3	1	1/16		1/16	1		8	68	385
37	37	1/2	1/2	3/4	2	1	1/4		1/4	1		7	73	380
37	37	9/16	9/16	3/4	3	1	1/16		1/16	1		10	70	386
37	37	5/8	5/8	3/4	3	1	3/32		1/16	3/2		7	73	387
37	37	23/32	23/32	3/4	2	2	1/32		1/32	1		8	80	381
37	37	23/32	23/32	3/4	3	1	1/32		1/32	1		8	80	388
38	38	0	0	9/8	2	1	3/4		1/2	3/2	1	10	58	393
38	38	0	0	9/8	2	1	3/4		1/2	3/2	1	12	60	393
38	38	0	0	9/8	2	1	3/4		1/2	3/2	1	11	65	393
38	38	0	0	9/8	1	1	3/4		1/2	3/2	1	6	66	391
38	38	0	0	9/8	1	1	3/4		1/2	3/2	1	10	70	391
38	38	0	0	9/8	1	1	3/4		1/2	3/2	1	11	77	391
38	38	1/4	1/4	9/8	3	1	1/8		1/8	1	1	8	32	395
38	38	3/8	3/8	9/8	3	1	1/8		1/8	1	-1	8	32	396
38	38	1/2	1/2	9/8	3	1	1/4		1/4	1		8	32	397
38	38	3/4	3/4	9/8	2	1	3/8		1/4	3/2	-1	10	58	394
38	38	3/4	3/4	9/8	2	1	3/8		1/4	3/2	-1	12	60	394
38	38	3/4	3/4	9/8	2	1	3/8		1/4	3/2	-1	11	65	394
38	38	3/4	3/4	9/8	1	1	3/8		1/4	3/2	-1	6	66	392
38	38	3/4	3/4	9/8	1	1	3/8		1/4	3/2	-1	10	70	392
38	38	3/4	3/4	9/8	1	1	3/8		1/4	3/2	-1	11	77	392
39	39	0	0	9/8	2	1	3/4		1/2	3/2	1	10	58	400
39	39	0	0	9/8	2	1	3/4		1/2	3/2	1	12	60	400
39	39	0	0	9/8	2	1	3/4		1/2	3/2	1	11	65	400
39	39	0	0	9/8	1	1	3/4		1/2	3/2	1	6	66	398
39	39	0	0	9/8	1	1	3/4		1/2	3/2	1	10	70	398
39	39	0	0	9/8	1	1	3/4		1/2	3/2	1	11	77	398
39	39	1/4	1/4	9/8	3	1	1/8		1/8	1	1	8	32	402
39	39	3/8	3/8	9/8	3	1	1/8		1/8	1	-1	8	32	403
39	39	1/2	1/2	9/8	3	1	1/4		1/4	1		8	32	404
39	39	3/4	3/4	9/8	2	1	3/8		1/4	3/2	-1	10	58	401
39	39	3/4	3/4	9/8	2	1	3/8		1/4	3/2	-1	12	60	401
39	39	3/4	3/4	9/8	2	1	3/8		1/4	3/2	-1	11	65	401
39	39	3/4	3/4	9/8	1	1	3/8		1/4	3/2	-1	6	66	399
39	39	3/4	3/4	9/8	1	1	3/8		1/4	3/2	-1	10	70	399
39	39	3/4	3/4	9/8	1	1	3/8		1/4	3/2	-1	11	77	399
40	40	0	0	9/8	1	1	3/4		1/2	3/2		10	58	405
40	40	0	0	9/8	1	2	3/4		1/2	3/2	1	12	60	409
40	40	0	0	9/8	1	2	3/4		1/2	3/2	1	11	65	409
40	40	0	0	9/8	2	1	3/4		1/2	3/2	1	6	66	411
40	40	0	0	9/8	2	1	3/4		1/2	3/2	1	10	70	411
40	40	0	0	9/8	2	1	3/4		1/2	3/2	1	11	77	411
40	40	1/4	1/4	9/8	3	1	1/8		1/8	1	1	8	32	413
40	40	3/8	3/8	9/8	3	1	1/8		1/8	1	-1	8	32	414
40	40	1/2	1/2	9/8	3	1	1/4		1/4	1		8	32	415
40	40	3/4	3/4	9/8	1	1	1/8		1/8	1		15	57	406
40	40	3/4	3/4	9/8	1	2	3/8		1/4	3/2	-1	12	60	410
40	40	3/4	3/4	9/8	1	2	3/8		1/4	3/2	-1	11	65	410
40	40	3/4	3/4	9/8	2	1	3/8		1/4	3/2	-1	6	66	412
40	40	3/4	3/4	9/8	2	1	3/8		1/4	3/2	-1	10	70	412
40	40	3/4	3/4	9/8	2	1	3/8		1/4	3/2	-1	11	77	412
40	40	7/8	7/8	9/8	1	1	1/8		1/8	1		10	58	407
40	40	1	1	9/8	1	1	1/8		1/8	1		15	57	408
41	41	0	0	9/8	1	1	3/16		1/8	3/2		12	60	416
41	41	0	0	9/8	1	2	3/8		1/4	3/2		11	65	423
41	41	0	0	9/8	2	1	3/8		1/4	3/2		6	66	425
41	41	0	0	9/8	2	1	3/8		1/4	3/2		10	70	425
41	41	0	0	9/8	2	2	1/4		1/4	1	1	11	77	427
41	41	3/16	3/16	9/8	1	1	1/16		1/16	1		7	61	417
41	41	1/4	1/4	9/8	1	1	0	acciaccatura	1/8	1		9	63	418
41	41	1/4	1/4	9/8	1	1	1/16		1/16	1		14	62	419
41	41	1/4	1/4	9/8	2	2	1/16		1/16	1	-1	11	77	428
41	41	5/16	5/16	9/8	1	1	1/16		1/16	1		12	60	420
41	41	5/16	5/16	9/8	2	2	1/16		1/16	1		6	78	429
41	41	3/8	3/8	9/8	1	1	3/8		1/4	3/2		10	58	421
41	41	3/8	3/8	9/8	1	2	3/4		1/2	3/2		12	60	424
41	41	3/8	3/8	9/8	1	2	3/4		1/2	3/2		11	65	424
41	41	3/8	3/8	9/8	2	1	3/4		1/2	3/2		6	66	426
41	41	3/8	3/8	9/8	2	1	3/4		1/2	3/2		10	70	426
41	41	3/8	3/8	9/8	2	2	3/4		1/2	3/2		11	77	430
41	41	5/8	5/8	9/8	3	1	1/8		1/8	1	1	8	32	431
41	41	3/4	3/4	9/8	3	1	1/4		1/4	1	-1	8	32	432
41	41	3/4	3/4	9/8	1	1	3/8		1/4	3/2		6	54	422
41	41	1	1	9/8	3	1	1/8		1/8	1		8	32	433
42	42	0	0	9/8	1	1	1/4		1/4	1		12	60	434
42	42	0	0	9/8	1	2	3/4		1/2	3/2		11	65	442
42	42	0	0	9/8	2	1	3/4		1/2	3/2	1	6	66	444
42	42	0	0	9/8	2	1	3/4		1/2	3/2	1	10	70	444
42	42	0	0	9/8	2	1	3/4		1/2	3/2	1	11	77	444
42	42	1/4	1/4	9/8	1	1	1/16		1/16	1		7	61	435
42	42	5/16	5/16	9/8	1	1	1/16		1/16	1		14	62	436
42	42	3/8	3/8	9/8	1	1	1/4		1/4	1		11	65	437
42	42	5/8	5/8	9/8	3	1	1/8		1/8	1	1	8	32	446
42	42	5/8	5/8	9/8	1	1	1/8		1/8	1		14	62	438
42	42	3/4	3/4	9/8	3	1	1/4		1/4	1	-1	8	32	447
42	42	3/4	3/4	9/8	1	1	1/4		1/4	1		7	61	439
42	42	3/4	3/4	9/8	1	2	3/8		1/4	3/2		11	65	443
42	42	3/4	3/4	9/8	2	1	3/8		1/4	3/2	-1	6	66	445
42	42	3/4	3/4	9/8	2	1	3/8		1/4	3/2	-1	10	70	445
42	42	3/4	3/4	9/8	2	1	3/8		1/4	3/2	-1	11	77	445
42	42	1	1	9/8	3	1	1/8		1/8	1		8	32	448
42	42	1	1	9/8	1	1	1/16		1/16	1		12	60	440
42	42	17/16	17/16	9/8	1	1	1/16		1/16	1		5	59	441
43	43	0	0	9/8	1	1	3/4		1/2	3/2	1	10	58	449
43	43	0	0	9/8	1	2	3/4		1/2	3/2	1	12	60	451
43	43	0	0	9/8	1	2	3/4		1/2	3/2		11	65	451
43	43	0	0	9/8	2	1	3/4		1/2	3/2		6	66	453
43	43	0	0	9/8	2	1	3/4		1/2	3/2		10	70	453
43	43	0	0	9/8	2	2	1/4		1/4	1	1	11	77	455
43	43	1/4	1/4	9/8	2	2	1/16		1/16	1	-1	11	77	456
43	43	5/16	5/16	9/8	2	2	1/16		1/16	1		6	78	457
43	43	3/8	3/8	9/8	2	2	1/4		1/4	1	1	11	77	458
43	43	5/8	5/8	9/8	2	2	1/16		1/16	1	-1	11	77	459
43	43	11/16	11/16	9/8	2	2	1/16		1/16	1		6	78	460
43	43	3/4	3/4	9/8	1	1	3/8		1/4	3/2		6	54	450
43	43	3/4	3/4	9/8	1	2	3/8		1/4	3/2	-1	10	58	452
43	43	3/4	3/4	9/8	1	2	3/8		1/4	3/2	-1	12	60	452
43	43	3/4	3/4	9/8	1	2	3/8		1/4	3/2		11	65	452
43	43	3/4	3/4	9/8	2	1	3/8		1/4	3/2		6	66	454
43	43	3/4	3/4	9/8	2	1	3/8		1/4	3/2		10	70	454
43	43	3/4	3/4	9/8	2	2	1/4		1/4	1	1	11	77	461
43	43	1	1	9/8	2	2	1/16		1/16	1	-1	11	77	462
43	43	17/16	17/16	9/8	2	2	1/16		1/16	1		6	78	463
44	44	0	0	9/8	2	2	3/8		1/4	3/2		9	51	468
44	44	0	0	9/8	2	1	3/4		1/2	3/2		6	54	466
44	44	0	0	9/8	2	1	3/4		1/2	3/2		10	58	466
44	44	0	0	9/8	2	2	3/8		1/4	3/2		9	63	468
44	44	0	0	9/8	1	1	3/4		1/2	3/2		6	66	464
44	44	0	0	9/8	1	1	3/4		1/2	3/2		10	70	464
44	44	0	0	9/8	1	1	3/4		1/2	3/2		11	77	464
44	44	1/4	1/4	9/8	3	1	1/8		1/8	1	1	8	32	475
44	44	3/8	3/8	9/8	3	1	3/8		1/4	3/2	-1	8	32	476
44	44	3/8	3/8	9/8	2	2	1/8		1/8	1		16	52	469
44	44	3/8	3/8	9/8	2	2	1/8		1/8	1		16	64	469
44	44	1/2	1/2	9/8	2	2	1/8		1/8	1		11	53	470
44	44	1/2	1/2	9/8	2	2	1/8		1/8	1		11	65	470
44	44	5/8	5/8	9/8	2	2	1/8		1/8	1		8	56	471
44	44	5/8	5/8	9/8	2	2	1/8		1/8	1		8	68	471
44	44	3/4	3/4	9/8	2	2	1/4		1/4	1		11	53	472
44	44	3/4	3/4	9/8	2	1	3/8		1/4	3/2		6	54	467
44	44	3/4	3/4	9/8	2	1	3/8		1/4	3/2		12	60	467
44	44	3/4	3/4	9/8	2	2	1/4		1/4	1		11	65	472
44	44	3/4	3/4	9/8	1	1	3/8		1/4	3/2		6	66	465
44	44	3/4	3/4	9/8	1	1	3/8		1/4	3/2		8	68	465
44	44	3/4	3/4	9/8	1	1	3/8		1/4	3/2		12	72	465
44	44	3/4	3/4	9/8	1	1	3/8		1/4	3/2		6	78	465
44	44	1	1	9/8	2	2	1/16		1/16	1		9	51	473
44	44	1	1	9/8	2	2	1/16		1/16	1		9	63	473
44	44	17/16	17/16	9/8	2	2	1/16		1/16	1		16	52	474
44	44	17/16	17/16	9/8	2	2	1/16		1/16	1		16	64	474
45	45	0	0	9/8	2	2	1/4		1/4	1	1	7	49	481
45	45	0	0	9/8	2	1	3/4		1/2	3/2		4	52	479
45	45	0	0	9/8	2	1	3/4		1/2	3/2		1	55	479
45	45	0	0	9/8	2	1	3/4		1/2	3/2		3	57	479
45	45	0	0	9/8	2	2	1/4		1/4	1	1	7	61	481
45	45	0	0	9/8	1	1	3/4		1/2	3/2		1	67	477
45	45	0	0	9/8	1	1	3/4		1/2	3/2		3	69	477
45	45	0	0	9/8	1	1	3/4		1/2	3/2		7	73	477
45	45	0	0	9/8	1	1	3/4		1/2	3/2		1	79	477
45	45	1/8	1/8	9/8	3	1	1/8		1/8	1		8	32	490
45	45	1/4	1/4	9/8	2	2	1/16		1/16	1	-1	7	49	482
45	45	1/4	1/4	9/8	2	2	1/16		1/16	1	-1	7	61	482
45	45	5/16	5/16	9/8	2	2	1/16		1/16	1		12	48	483
45	45	5/16	5/16	9/8	2	2	1/16		1/16	1		12	60	483
45	45	3/8	3/8	9/8	2	2	1/4		1/4	1	1	7	49	484
45	45	3/8	3/8	9/8	2	2	1/4		1/4	1	1	7	61	484
45	45	5/8	5/8	9/8	2	2	1/16		1/16	1	-1	7	49	485
45	45	5/8	5/8	9/8	2	2	1/16		1/16	1	-1	7	61	485
45	45	11/16	11/16	9/8	2	2	1/16		1/16	1		2	50	486
45	45	11/16	11/16	9/8	2	2	1/16		1/16	1		2	62	486
45	45	3/4	3/4	9/8	2	2	1/4		1/4	1	1	7	49	487
45	45	3/4	3/4	9/8	2	1	3/8		1/4	3/2		9	51	480
45	45	3/4	3/4	9/8	2	1	3/8		1/4	3/2		13	55	480
45	45	3/4	3/4	9/8	2	2	1/4		1/4	1	1	7	61	487
45	45	3/4	3/4	9/8	1	1	3/8		1/4	3/2		9	63	478
45	45	3/4	3/4	9/8	1	1	3/8		1/4	3/2		13	67	478
45	45	3/4	3/4	9/8	1	1	3/8		1/4	3/2		10	70	478
45	45	3/4	3/4	9/8	1	1	3/8		1/4	3/2		9	75	478
45	45	7/8	7/8	9/8	3	1	1/8		1/8	1		8	32	491
45	45	1	1	9/8	2	2	1/16		1/16	1	-1	7	49	488
45	45	1	1	9/8	2	2	1/16		1/16	1	-1	7	61	488
45	45	17/16	17/16	9/8	2	2	1/16		1/16	1		10	46	489
45	45	17/16	17/16	9/8	2	2	1/16		1/16	1		10	58	489
46	46	0	0	9/8	2	2	3/8		1/4	3/2		9	51	496
46	46	0	0	9/8	2	1	3/4		1/2	3/2		6	54	494
46	46	0	0	9/8	2	1	3/4		1/2	3/2		10	58	494
46	46	0	0	9/8	2	2	3/8		1/4	3/2		9	63	496
46	46	0	0	9/8	1	1	3/4		1/2	3/2		6	66	492
46	46	0	0	9/8	1	1	3/4		1/2	3/2		10	70	492
46	46	0	0	9/8	1	1	3/4		1/2	3/2		11	77	492
46	46	1/8	1/8	9/8	3	1	1/8		1/8	1		8	32	503
46	46	3/8	3/8	9/8	2	2	1/8		1/8	1		16	52	497
46	46	3/8	3/8	9/8	2	2	1/8		1/8	1		16	64	497
46	46	1/2	1/2	9/8	2	2	1/8		1/8	1		11	53	498
46	46	1/2	1/2	9/8	2	2	1/8		1/8	1		11	65	498
46	46	5/8	5/8	9/8	2	2	1/8		1/8	1		8	56	499
46	46	5/8	5/8	9/8	2	2	1/8		1/8	1		8	68	499
46	46	3/4	3/4	9/8	2	2	1/4		1/4	1		11	53	500
46	46	3/4	3/4	9/8	2	1	3/8		1/4	3/2		6	54	495
46	46	3/4	3/4	9/8	2	1	3/8		1/4	3/2		12	60	495
46	46	3/4	3/4	9/8	2	2	1/4		1/4	1		11	65	500
46	46	3/4	3/4	9/8	1	1	3/8		1/4	3/2		6	66	493
46	46	3/4	3/4	9/8	1	1	3/8		1/4	3/2		8	68	493
46	46	3/4	3/4	9/8	1	1	3/8		1/4	3/2		12	72	493
46	46	3/4	3/4	9/8	1	1	3/8		1/4	3/2		6	78	493
46	46	7/8	7/8	9/8	3	1	1/8		1/8	1		8	32	504
46	46	1	1	9/8	2	2	1/16		1/16	1		9	51	501
46	46	1	1	9/8	2	2	1/16		1/16	1		9	63	501
46	46	17/16	17/16	9/8	2	2	1/16		1/16	1		2	50	502
46	46	17/16	17/16	9/8	2	2	1/16		1/16	1		2	62	502
47	47	0	0	9/8	2	1	1/4		1/4	1	1	7	61	517
47	47	0	0	9/8	2	2	3/8		1/4	3/2		4	64	526
47	47	0	0	9/8	2	2	3/8		1/4	3/2		1	67	526
47	47	0	0	9/8	2	2	3/8		1/4	3/2		3	69	526
47	47	0	0	9/8	1	2	1/4		1/4	1	1	7	73	508
47	47	0	0	9/8	1	1	3/8		1/4	3/2		1	79	505
47	47	0	0	9/8	1	1	3/8		1/4	3/2		3	81	505
47	47	0	0	9/8	1	2	1/4		1/4	1	1	7	85	508
47	47	1/4	1/4	9/8	2	1	1/16		1/16	1	-1	7	61	518
47	47	1/4	1/4	9/8	1	2	1/16		1/16	1	-1	7	73	509
47	47	1/4	1/4	9/8	1	2	1/16		1/16	1	-1	7	85	509
47	47	5/16	5/16	9/8	2	1	1/16		1/16	1		12	60	519
47	47	5/16	5/16	9/8	1	2	1/16		1/16	1		12	72	510
47	47	5/16	5/16	9/8	1	2	1/16		1/16	1		12	84	510
47	47	3/8	3/8	9/8	2	1	1/4		1/4	1	1	7	61	520
47	47	3/8	3/8	9/8	2	2	3/8		1/4	3/2		4	64	527
47	47	3/8	3/8	9/8	2	2	3/8		1/4	3/2		1	67	527
47	47	3/8	3/8	9/8	2	2	3/8		1/4	3/2		3	69	527
47	47	3/8	3/8	9/8	1	2	1/4		1/4	1	1	7	73	511
47	47	3/8	3/8	9/8	1	1	3/8		1/4	3/2		1	79	506
47	47	3/8	3/8	9/8	1	1	3/8		1/4	3/2		3	81	506
47	47	3/8	3/8	9/8	1	2	1/4		1/4	1	1	7	85	511
47	47	5/8	5/8	9/8	2	1	1/16		1/16	1	-1	7	61	521
47	47	5/8	5/8	9/8	1	2	1/16		1/16	1	-1	7	73	512
47	47	5/8	5/8	9/8	1	2	1/16		1/16	1	-1	7	85	512
47	47	11/16	11/16	9/8	2	1	1/16		1/16	1		2	62	522
47	47	11/16	11/16	9/8	1	2	1/16		1/16	1		2	74	513
47	47	11/16	11/16	9/8	1	2	1/16		1/16	1		2	86	513
47	47	3/4	3/4	9/8	2	1	1/4		1/4	1		7	61	523
47	47	3/4	3/4	9/8	2	2	3/8		1/4	3/2		9	63	528
47	47	3/4	3/4	9/8	2	2	3/8		1/4	3/2		6	66	528
47	47	3/4	3/4	9/8	2	2	3/8		1/4	3/2		10	70	528
47	47	3/4	3/4	9/8	1	2	1/4		1/4	1		7	73	514
47	47	3/4	3/4	9/8	1	1	3/8		1/4	3/2		6	78	507
47	47	3/4	3/4	9/8	1	1	3/8		1/4	3/2		10	82	507
47	47	3/4	3/4	9/8	1	2	1/4		1/4	1		7	85	514
47	47	1	1	9/8	2	1	1/16		1/16	1		12	60	524
47	47	1	1	9/8	1	2	1/16		1/16	1		12	72	515
47	47	1	1	9/8	1	2	1/16		1/16	1		12	84	515
47	47	17/16	17/16	9/8	2	1	1/16		1/16	1		10	58	525
47	47	17/16	17/16	9/8	1	2	1/16		1/16	1		10	70	516
47	47	17/16	17/16	9/8	1	2	1/16		1/16	1		10	82	516
48	48	0	0	9/8	2	1	1/4		1/4	1	1	7	61	541
48	48	0	0	9/8	2	2	3/8		1/4	3/2		4	64	550
48	48	0	0	9/8	2	2	3/8		1/4	3/2		1	67	550
48	48	0	0	9/8	2	2	3/8		1/4	3/2		3	69	550
48	48	0	0	9/8	1	2	1/4		1/4	1	1	7	73	532
48	48	0	0	9/8	1	1	3/8		1/4	3/2		1	79	529
48	48	0	0	9/8	1	1	3/8		1/4	3/2		3	81	529
48	48	0	0	9/8	1	2	1/4		1/4	1	1	7	85	532
48	48	1/8	1/8	9/8	3	1	1/8		1/8	1		8	32	553
48	48	1/4	1/4	9/8	2	1	1/16		1/16	1	-1	7	61	542
48	48	1/4	1/4	9/8	1	2	1/16		1/16	1	-1	7	73	533
48	48	1/4	1/4	9/8	1	2	1/16		1/16	1	-1	7	85	533
48	48	5/16	5/16	9/8	2	1	1/16		1/16	1		12	60	543
48	48	5/16	5/16	9/8	1	2	1/16		1/16	1		12	72	534
48	48	5/16	5/16	9/8	1	2	1/16		1/16	1		12	84	534
48	48	3/8	3/8	9/8	2	1	1/4		1/4	1	1	7	61	544
48	48	3/8	3/8	9/8	2	2	3/8		1/4	3/2		4	64	551
48	48	3/8	3/8	9/8	2	2	3/8		1/4	3/2		1	67	551
48	48	3/8	3/8	9/8	2	2	3/8		1/4	3/2		3	69	551
48	48	3/8	3/8	9/8	1	2	1/4		1/4	1	1	7	73	535
48	48	3/8	3/8	9/8	1	1	3/8		1/4	3/2		1	79	530
48	48	3/8	3/8	9/8	1	1	3/8		1/4	3/2		3	81	530
48	48	3/8	3/8	9/8	1	2	1/4		1/4	1	1	7	85	535
48	48	1/2	1/2	9/8	3	1	1/8		1/8	1		8	32	554
48	48	5/8	5/8	9/8	2	1	1/16		1/16	1	-1	7	61	545
48	48	5/8	5/8	9/8	1	2	1/16		1/16	1	-1	7	73	536
48	48	5/8	5/8	9/8	1	2	1/16		1/16	1	-1	7	85	536
48	48	11/16	11/16	9/8	2	1	1/16		1/16	1		2	62	546
48	48	11/16	11/16	9/8	1	2	1/16		1/16	1		2	74	537
48	48	11/16	11/16	9/8	1	2	1/16		1/16	1		2	86	537
48	48	3/4	3/4	9/8	2	1	1/4		1/4	1		7	61	547
48	48	3/4	3/4	9/8	2	2	3/8		1/4	3/2		9	63	552
48	48	3/4	3/4	9/8	2	2	3/8		1/4	3/2		6	66	552
48	48	3/4	3/4	9/8	2	2	3/8		1/4	3/2		10	70	552
48	48	3/4	3/4	9/8	1	2	1/4		1/4	1		7	73	538
48	48	3/4	3/4	9/8	1	1	3/8		1/4	3/2		6	78	531
48	48	3/4	3/4	9/8	1	1	3/8		1/4	3/2		10	82	531
48	48	3/4	3/4	9/8	1	2	1/4		1/4	1		7	85	538
48	48	7/8	7/8	9/8	3	1	1/8		1/8	1		8	32	555
48	48	1	1	9/8	2	1	1/16		1/16	1		12	60	548
48	48	1	1	9/8	1	2	1/16		1/16	1		12	72	539
48	48	1	1	9/8	1	2	1/16		1/16	1		12	84	539
48	48	17/16	17/16	9/8	2	1	1/16		1/16	1		10	58	549
48	48	17/16	17/16	9/8	1	2	1/16		1/16	1		10	70	540
48	48	17/16	17/16	9/8	1	2	1/16		1/16	1		10	82	540
49	49	0	0	9/8	2	1	1/4		1/4	1		6	66	567
49	49	0	0	9/8	2	2	3/8		1/4	3/2		10	70	575
49	49	0	0	9/8	2	2	3/8		1/4	3/2		12	72	575
49	49	0	0	9/8	1	2	1/4		1/4	1		6	78	559
49	49	0	0	9/8	1	1	3/8		1/4	3/2		12	84	556
49	49	0	0	9/8	1	2	1/4		1/4	1		6	90	559
49	49	1/8	1/8	9/8	3	1	1/8		1/8	1		8	32	578
49	49	1/4	1/4	9/8	2	1	1/16		1/16	1		9	63	568
49	49	1/4	1/4	9/8	1	2	1/16		1/16	1		7	73	560
49	49	1/4	1/4	9/8	1	2	1/16		1/16	1		7	85	560
49	49	5/16	5/16	9/8	2	1	1/16		1/16	1		7	61	569
49	49	5/16	5/16	9/8	1	2	1/16		1/16	1		12	72	561
49	49	5/16	5/16	9/8	1	2	1/16		1/16	1		12	84	561
49	49	3/8	3/8	9/8	2	1	1/4		1/4	1		10	58	570
49	49	3/8	3/8	9/8	2	2	3/8		1/4	3/2		7	61	576
49	49	3/8	3/8	9/8	2	2	3/8		1/4	3/2		9	63	576
49	49	3/8	3/8	9/8	2	2	3/8		1/4	3/2		6	66	576
49	49	3/8	3/8	9/8	1	2	1/4		1/4	1		10	70	562
49	49	3/8	3/8	9/8	1	1	3/8		1/4	3/2		9	75	557
49	49	3/8	3/8	9/8	1	2	1/4		1/4	1		10	82	562
49	49	1/2	1/2	9/8	3	1	1/8		1/8	1		8	32	579
49	49	5/8	5/8	9/8	2	1	1/16		1/16	1		6	54	571
49	49	5/8	5/8	9/8	1	2	1/16		1/16	1		6	66	563
49	49	5/8	5/8	9/8	1	2	1/16		1/16	1		6	78	563
49	49	11/16	11/16	9/8	2	1	1/16		1/16	1		11	53	572
49	49	11/16	11/16	9/8	1	2	1/16		1/16	1		11	65	564
49	49	11/16	11/16	9/8	1	2	1/16		1/16	1		11	77	564
49	49	3/4	3/4	9/8	2	1	1/4		1/4	1		14	50	573
49	49	3/4	3/4	9/8	2	2	3/8		1/4	3/2		8	56	577
49	49	3/4	3/4	9/8	2	2	3/8		1/4	3/2		12	60	577
49	49	3/4	3/4	9/8	1	2	1/4		1/4	1		14	62	565
49	49	3/4	3/4	9/8	1	1	3/8		1/4	3/2		8	68	558
49	49	3/4	3/4	9/8	1	1	3/8		1/4	3/2		12	72	558
49	49	3/4	3/4	9/8	1	2	1/4		1/4	1		14	74	565
49	49	7/8	7/8	9/8	3	1	1/8		1/8	1		8	32	580
49	49	1	1	9/8	2	1	1/8		1/8	1		13	55	574
49	49	1	1	9/8	1	2	1/8		1/8	1		13	67	566
49	49	1	1	9/8	1	2	1/8		1/8	1		13	79	566
50	50	0	0	9/8	2	1	1/4		1/4	1		10	70	592
50	50	0	0	9/8	2	2	3/8		1/4	3/2		12	72	600
50	50	0	0	9/8	2	2	3/8		1/4	3/2		9	75	600
50	50	0	0	9/8	2	2	3/8		1/4	3/2		6	78	600
50	50	0	0	9/8	1	2	1/4		1/4	1		10	82	584
50	50	0	0	9/8	1	1	3/8		1/4	3/2		9	87	581
50	50	0	0	9/8	1	2	1/4		1/4	1		10	94	584
50	50	1/8	1/8	9/8	3	1	1/8		1/8	1		8	32	603
50	50	1/4	1/4	9/8	2	1	1/16		1/16	1		9	63	593
50	50	1/4	1/4	9/8	1	2	1/16		1/16	1		9	75	585
50	50	1/4	1/4	9/8	1	2	1/16		1/16	1		9	87	585
50	50	5/16	5/16	9/8	2	1	1/16		1/16	1		7	61	594
50	50	5/16	5/16	9/8	1	2	1/16		1/16	1		7	73	586
50	50	5/16	5/16	9/8	1	2	1/16		1/16	1		7	85	586
50	50	3/8	3/8	9/8	2	1	1/4		1/4	1		10	58	595
50	50	3/8	3/8	9/8	2	2	3/8		1/4	3/2		7	61	601
50	50	3/8	3/8	9/8	2	2	3/8		1/4	3/2		9	63	601
50	50	3/8	3/8	9/8	2	2	3/8		1/4	3/2		6	66	601
50	50	3/8	3/8	9/8	1	2	1/4		1/4	1		10	70	587
50	50	3/8	3/8	9/8	1	1	3/8		1/4	3/2		9	75	582
50	50	3/8	3/8	9/8	1	2	1/4		1/4	1		10	82	587
50	50	1/2	1/2	9/8	3	1	1/8		1/8	1		8	32	604
50	50	5/8	5/8	9/8	2	1	1/16		1/16	1		6	54	596
50	50	5/8	5/8	9/8	1	2	1/16		1/16	1		6	66	588
50	50	5/8	5/8	9/8	1	2	1/16		1/16	1		6	78	588
50	50	11/16	11/16	9/8	2	1	1/16		1/16	1		11	53	597
50	50	11/16	11/16	9/8	1	2	1/16		1/16	1		11	65	589
50	50	11/16	11/16	9/8	1	2	1/16		1/16	1		11	77	589
50	50	3/4	3/4	9/8	2	1	1/4		1/4	1		14	50	598
50	50	3/4	3/4	9/8	2	2	3/8		1/4	3/2		8	56	602
50	50	3/4	3/4	9/8	2	2	3/8		1/4	3/2		12	60	602
50	50	3/4	3/4	9/8	1	2	1/4		1/4	1		14	62	590
50	50	3/4	3/4	9/8	1	1	3/8		1/4	3/2		8	68	583
50	50	3/4	3/4	9/8	1	2	1/4		1/4	1		14	74	590
50	50	7/8	7/8	9/8	3	1	1/8		1/8	1		8	32	605
50	50	1	1	9/8	2	1	1/8		1/8	1		13	55	599
50	50	1	1	9/8	1	2	1/8		1/8	1		13	67	591
50	50	1	1	9/8	1	2	1/8		1/8	1		13	79	591
51	51	0	0	9/8	1	1	3/4		1/2	3/2		10	58	606
51	51	0	0	9/8	1	2	3/4		1/2	3/2	1	12	60	610
51	51	0	0	9/8	1	2	3/4		1/2	3/2	1	11	65	610
51	51	0	0	9/8	2	1	3/4		1/2	3/2	1	6	66	612
51	51	0	0	9/8	2	1	3/4		1/2	3/2	1	10	70	612
51	51	0	0	9/8	2	1	3/4		1/2	3/2	1	11	77	612
51	51	1/8	1/8	9/8	3	1	1/8		1/8	1		8	32	614
51	51	1/2	1/2	9/8	3	1	1/8		1/8	1		8	32	615
51	51	3/4	3/4	9/8	1	1	1/8		1/8	1		15	57	607
51	51	3/4	3/4	9/8	1	2	3/8		1/4	3/2	-1	12	60	611
51	51	3/4	3/4	9/8	1	2	3/8		1/4	3/2	-1	11	65	611
51	51	3/4	3/4	9/8	2	1	3/8		1/4	3/2	-1	6	66	613
51	51	3/4	3/4	9/8	2	1	3/8		1/4	3/2	-1	10	70	613
51	51	3/4	3/4	9/8	2	1	3/8		1/4	3/2	-1	11	77	613
51	51	7/8	7/8	9/8	3	1	1/8		1/8	1		8	32	616
51	51	7/8	7/8	9/8	1	1	1/8		1/8	1		10	58	608
51	51	1	1	9/8	1	1	1/8		1/8	1		15	57	609
52	52	0	0	9/8	1	1	3/16		1/8	3/2		12	60	617
52	52	0	0	9/8	1	2	3/8		1/4	3/2		11	65	624
52	52	0	0	9/8	2	1	3/8		1/4	3/2		6	66	626
52	52	0	0	9/8	2	1	3/8		1/4	3/2		10	70	626
52	52	0	0	9/8	2	2	1/4		1/4	1	1	11	77	628
52	52	3/16	3/16	9/8	1	1	1/16		1/16	1		7	61	618
52	52	1/4	1/4	9/8	1	1	0	acciaccatura	1/8	1		9	63	619
52	52	1/4	1/4	9/8	1	1	1/16		1/16	1		14	62	620
52	52	1/4	1/4	9/8	2	2	1/16		1/16	1	-1	11	77	629
52	52	5/16	5/16	9/8	1	1	1/16		1/16	1		12	60	621
52	52	5/16	5/16	9/8	2	2	1/16		1/16	1		6	78	630
52	52	3/8	3/8	9/8	1	1	3/8		1/4	3/2		10	58	622
52	52	3/8	3/8	9/8	1	2	3/4		1/2	3/2		12	60	625
52	52	3/8	3/8	9/8	1	2	3/4		1/2	3/2		11	65	625
52	52	3/8	3/8	9/8	2	1	3/4		1/2	3/2		6	66	627
52	52	3/8	3/8	9/8	2	1	3/4		1/2	3/2		10	70	627
52	52	3/8	3/8	9/8	2	2	3/4		1/2	3/2		11	77	631
52	52	3/4	3/4	9/8	1	1	3/8		1/4	3/2		6	54	623
53	53	0	0	9/8	2	1	3/4		1/2	3/2	1	6	30	639
53	53	0	0	9/8	2	1	3/4		1/2	3/2	1	7	37	639
53	53	0	0	9/8	2	1	3/4		1/2	3/2	1	6	42	639
53	53	0	0	9/8	2	2	3/4		1/2	3/2	1	11	53	641
53	53	0	0	9/8	2	2	3/4		1/2	3/2	1	15	57	641
53	53	0	0	9/8	2	2	3/4		1/2	3/2	1	12	60	641
53	53	0	0	9/8	2	2	3/4		1/2	3/2	1	11	65	641
53	53	3/8	3/8	9/8	1	2	3/4		1/2	3/2		3	57	638
53	53	3/8	3/8	9/8	1	2	3/4		1/2	3/2		0	60	638
53	53	3/8	3/8	9/8	1	2	3/4		1/2	3/2		-1	65	638
53	53	3/8	3/8	9/8	1	2	3/4		1/2	3/2		3	69	638
53	53	3/8	3/8	9/8	1	2	3/4		1/2	3/2		0	72	638
53	53	3/8	3/8	9/8	1	2	3/4		1/2	3/2		-1	77	638
53	53	3/8	3/8	9/8	1	2	3/4		1/2	3/2		3	81	638
53	53	3/8	3/8	9/8	1	1	3/16		1/8	3/2		0	84	632
53	53	9/16	9/16	9/8	1	1	1/16		1/16	1		2	86	633
53	53	5/8	5/8	9/8	1	1	1/16		1/16	1		4	88	634
53	53	11/16	11/16	9/8	1	1	1/16		1/16	1		2	86	635
53	53	3/4	3/4	9/8	2	1	3/8		1/4	3/2	-1	6	30	640
53	53	3/4	3/4	9/8	2	1	3/8		1/4	3/2	-1	7	37	640
53	53	3/4	3/4	9/8	2	1	3/8		1/4	3/2	-1	6	42	640
53	53	3/4	3/4	9/8	2	2	3/8		1/4	3/2	-1	11	53	642
53	53	3/4	3/4	9/8	2	2	3/8		1/4	3/2	-1	15	57	642
53	53	3/4	3/4	9/8	2	2	3/8		1/4	3/2	-1	12	60	642
53	53	3/4	3/4	9/8	2	2	3/8		1/4	3/2	-1	11	65	642
53	53	3/4	3/4	9/8	1	1	1/4		1/4	1		0	84	636
53	53	1	1	9/8	1	1	1/8		1/8	1		3	81	637
54	54	0	0	9/8	2	1	3/4		1/2	3/2	1	6	30	652
54	54	0	0	9/8	2	1	3/4		1/2	3/2	1	7	37	652
54	54	0	0	9/8	2	1	3/4		1/2	3/2	1	6	42	652
54	54	0	0	9/8	2	2	3/4		1/2	3/2	1	9	51	654
54	54	0	0	9/8	2	2	3/4		1/2	3/2	1	6	54	654
54	54	0	0	9/8	2	2	3/4		1/2	3/2	1	10	58	654
54	54	0	0	9/8	2	2	3/4		1/2	3/2	1	9	63	654
54	54	1/4	1/4	9/8	1	2	1/8		1/8	1		6	66	648
54	54	1/4	1/4	9/8	1	1	1/8		1/8	1		6	78	643
54	54	3/8	3/8	9/8	1	2	1/4		1/4	1		7	73	649
54	54	3/8	3/8	9/8	1	1	1/4		1/4	1		7	85	644
54	54	5/8	5/8	9/8	1	2	1/8		1/8	1		9	75	650
54	54	5/8	5/8	9/8	1	1	1/16		1/16	1		9	87	645
54	54	11/16	11/16	9/8	1	1	1/16		1/16	1	1	10	94	646
54	54	3/4	3/4	9/8	2	1	3/8		1/4	3/2	-1	6	30	653
54	54	3/4	3/4	9/8	2	1	3/8		1/4	3/2	-1	7	37	653
54	54	3/4	3/4	9/8	2	1	3/8		1/4	3/2	-1	6	42	653
54	54	3/4	3/4	9/8	2	2	3/8		1/4	3/2	-1	9	51	655
54	54	3/4	3/4	9/8	2	2	3/8		1/4	3/2	-1	6	54	655
54	54	3/4	3/4	9/8	2	2	3/8		1/4	3/2	-1	10	58	655
54	54	3/4	3/4	9/8	2	2	3/8		1/4	3/2	-1	9	63	655
54	54	3/4	3/4	9/8	1	2	3/8		1/4	3/2		10	82	651
54	54	3/4	3/4	9/8	1	2	3/8		1/4	3/2		7	85	651
54	54	3/4	3/4	9/8	1	2	3/8		1/4	3/2	-1	10	94	651
54	54	3/4	3/4	9/8	1	1	3/8		1/4	3/2		7	97	647
55	55	0	0	9/8	2	1	3/4		1/2	3/2	1	6	30	663
55	55	0	0	9/8	2	1	3/4		1/2	3/2	1	7	37	663
55	55	0	0	9/8	2	1	3/4		1/2	3/2	1	6	42	663
55	55	0	0	9/8	2	2	3/4		1/2	3/2	1	11	53	665
55	55	0	0	9/8	2	2	3/4		1/2	3/2	1	15	57	665
55	55	0	0	9/8	2	2	3/4		1/2	3/2	1	12	60	665
55	55	0	0	9/8	2	2	3/4		1/2	3/2	1	11	65	665
55	55	3/8	3/8	9/8	1	2	3/4		1/2	3/2		3	57	662
55	55	3/8	3/8	9/8	1	2	3/4		1/2	3/2		0	60	662
55	55	3/8	3/8	9/8	1	2	3/4		1/2	3/2		-1	65	662
55	55	3/8	3/8	9/8	1	2	3/4		1/2	3/2		3	69	662
55	55	3/8	3/8	9/8	1	2	3/4		1/2	3/2		0	72	662
55	55	3/8	3/8	9/8	1	2	3/4		1/2	3/2		-1	77	662
55	55	3/8	3/8	9/8	1	2	3/4		1/2	3/2		3	81	662
55	55	3/8	3/8	9/8	1	1	3/16		1/8	3/2		0	84	656
55	55	9/16	9/16	9/8	1	1	1/16		1/16	1		2	86	657
55	55	5/8	5/8	9/8	1	1	1/16		1/16	1		4	88	658
55	55	11/16	11/16	9/8	1	1	1/16		1/16	1		2	86	659
55	55	3/4	3/4	9/8	2	1	3/8		1/4	3/2	-1	6	30	664
55	55	3/4	3/4	9/8	2	1	3/8		1/4	3/2	-1	7	37	664
55	55	3/4	3/4	9/8	2	1	3/8		1/4	3/2	-1	6	42	664
55	55	3/4	3/4	9/8	2	2	3/8		1/4	3/2	-1	11	53	666
55	55	3/4	3/4	9/8	2	2	3/8		1/4	3/2	-1	15	57	666
55	55	3/4	3/4	9/8	2	2	3/8		1/4	3/2	-1	12	60	666
55	55	3/4	3/4	9/8	2	2	3/8		1/4	3/2	-1	11	65	666
55	55	3/4	3/4	9/8	1	1	1/4		1/4	1		0	84	660
55	55	1	1	9/8	1	1	1/8		1/8	1		3	81	661
56	56	0	0	9/8	2	1	3/4		1/2	3/2	1	6	30	676
56	56	0	0	9/8	2	1	3/4		1/2	3/2	1	7	37	676
56	56	0	0	9/8	2	1	3/4		1/2	3/2	1	6	42	676
56	56	0	0	9/8	2	2	3/4		1/2	3/2	1	9	51	678
56	56	0	0	9/8	2	2	3/4		1/2	3/2	1	6	54	678
56	56	0	0	9/8	2	2	3/4		1/2	3/2	1	10	58	678
56	56	0	0	9/8	2	2	3/4		1/2	3/2	1	9	63	678
56	56	1/4	1/4	9/8	1	2	1/8		1/8	1		6	66	672
56	56	1/4	1/4	9/8	1	1	1/8		1/8	1		6	78	667
56	56	3/8	3/8	9/8	1	2	1/4		1/4	1		7	73	673
56	56	3/8	3/8	9/8	1	1	1/4		1/4	1		7	85	668
56	56	5/8	5/8	9/8	1	2	1/8		1/8	1		9	75	674
56	56	5/8	5/8	9/8	1	1	1/16		1/16	1		9	87	669
56	56	11/16	11/16	9/8	1	1	1/16		1/16	1	1	10	94	670
56	56	3/4	3/4	9/8	2	1	3/8		1/4	3/2	-1	6	30	677
56	56	3/4	3/4	9/8	2	1	3/8		1/4	3/2	-1	7	37	677
56	56	3/4	3/4	9/8	2	1	3/8		1/4	3/2	-1	6	42	677
56	56	3/4	3/4	9/8	2	2	3/8		1/4	3/2	-1	9	51	679
56	56	3/4	3/4	9/8	2	2	3/8		1/4	3/2	-1	6	54	679
56	56	3/4	3/4	9/8	2	2	3/8		1/4	3/2	-1	10	58	679
56	56	3/4	3/4	9/8	2	2	3/8		1/4	3/2	-1	9	63	679
56	56	3/4	3/4	9/8	1	2	3/8		1/4	3/2		10	82	675
56	56	3/4	3/4	9/8	1	2	3/8		1/4	3/2		7	85	675
56	56	3/4	3/4	9/8	1	2	3/8		1/4	3/2	-1	10	94	675
56	56	3/4	3/4	9/8	1	1	3/8		1/4	3/2		7	97	671
57	57	0	0	9/8	2	1	3/4		1/2	3/2		6	30	686
57	57	1/4	1/4	9/8	1	1	0	acciaccatura	1/8	1		9	51	680
57	57	1/4	1/4	9/8	2	2	0	acciaccatura	1/8	1		9	39	688
57	57	1/4	1/4	9/8	2	2	1/8		1/8	1	1	7	37	689
57	57	1/4	1/4	9/8	1	1	1/8		1/8	1	1	7	49	681
57	57	3/8	3/8	9/8	2	2	1/8		1/8	1	-1	7	37	690
57	57	3/8	3/8	9/8	1	1	1/8		1/8	1	-1	7	49	682
57	57	1/2	1/2	9/8	2	2	1/8		1/8	1		7	37	691
57	57	1/2	1/2	9/8	1	1	1/8		1/8	1		7	49	683
57	57	5/8	5/8	9/8	2	2	1/8		1/8	1	1	7	37	692
57	57	5/8	5/8	9/8	1	1	1/8		1/8	1	1	7	49	684
57	57	3/4	3/4	9/8	2	1	3/8		1/4	3/2		1	31	687
57	57	3/4	3/4	9/8	2	2	3/8		1/4	3/2	-1	7	37	693
57	57	3/4	3/4	9/8	1	1	3/8		1/4	3/2	-1	7	49	685
58	58	0	0	9/8	2	1	3/4		1/2	3/2		6	30	700
58	58	1/4	1/4	9/8	1	1	0	acciaccatura	1/8	1		2	50	694
58	58	1/4	1/4	9/8	2	2	0	acciaccatura	1/8	1		2	38	702
58	58	1/4	1/4	9/8	2	2	1/8		1/8	1	1	7	37	703
58	58	1/4	1/4	9/8	1	1	1/8		1/8	1	1	7	49	695
58	58	3/8	3/8	9/8	2	2	1/8		1/8	1	-1	7	37	704
58	58	3/8	3/8	9/8	1	1	1/8		1/8	1	-1	7	49	696
58	58	1/2	1/2	9/8	2	2	1/8		1/8	1		7	37	705
58	58	1/2	1/2	9/8	1	1	1/8		1/8	1		7	49	697
58	58	5/8	5/8	9/8	2	2	1/8		1/8	1	1	7	37	706
58	58	5/8	5/8	9/8	1	1	1/8		1/8	1	1	7	49	698
58	58	3/4	3/4	9/8	2	1	3/8		1/4	3/2		1	31	701
58	58	3/4	3/4	9/8	2	2	3/8		1/4	3/2	-1	7	37	707
58	58	3/4	3/4	9/8	1	1	3/8		1/4	3/2	-1	7	49	699
59	59	0	0	3/4	2	1	3/4		1/2	3/2		6	30	717
59	59	0	0	3/4	1	1	1/8		1/8	1		4	64	708
59	59	1/8	1/8	3/4	1	1	1/8		1/8	1	1	5	71	709
59	59	1/4	1/4	3/4	1	1	1/16		1/16	1	-1	5	71	710
59	59	5/16	5/16	3/4	1	1	1/16		1/16	1		6	66	711
59	59	3/8	3/8	3/4	1	1	1/16		1/16	1		7	73	712
59	59	7/16	7/16	3/4	1	1	1/16		1/16	1		8	68	713
59	59	1/2	1/2	3/4	1	1	3/32		1/16	3/2		5	71	714
59	59	19/32	19/32	3/4	1	1	1/32		1/32	1		4	76	715
59	59	5/8	5/8	3/4	1	1	1/8		1/8	1	1	7	73	716
60	60	0	0	3/4	2	1	1/4		1/4	1		6	30	727
60	60	0	0	3/4	1	1	1/4		1/4	1	0	7	73	718
60	60	1/4	1/4	3/4	2	1	1/4		1/4	1		8	32	728
60	60	1/4	1/4	3/4	1	1	1/16		1/16	1	-1	7	73	719
60	60	5/16	5/16	3/4	1	1	1/16		1/16	1		6	66	720
60	60	3/8	3/8	3/4	1	1	3/32		1/16	3/2		5	71	721
60	60	15/32	15/32	3/4	1	1	1/32		1/32	1		4	76	722
60	60	1/2	1/2	3/4	2	1	1/4		1/4	1	1	5	35	729
60	60	1/2	1/2	3/4	2	1	1/4		1/4	1	1	5	47	729
60	60	1/2	1/2	3/4	2	2	1/4		1/4	1	1	6	54	730
60	60	1/2	1/2	3/4	1	1	1/4		1/4	1	1	9	63	723
60	60	1/2	1/2	3/4	1	1	1/4		1/4	1	1	8	68	723
60	60	1/2	1/2	3/4	1	1	1/4		1/4	1	1	7	73	723
60	60	9/16	9/16	3/4	1	2	1/16		1/16	1		7	85	724
60	60	5/8	5/8	3/4	1	2	3/32		1/16	3/2		6	90	725
60	60	23/32	23/32	3/4	1	2	1/32		1/32	1		5	95	726
61	61	0	0	3/4	2	1	1/4		1/4	1	-1	5	35	733
61	61	0	0	3/4	2	1	1/4		1/4	1	-1	5	47	733
61	61	0	0	3/4	2	2	1/4		1/4	1	-1	6	54	742
61	61	0	0	3/4	1	1	1/4		1/4	1	-1	9	63	731
61	61	0	0	3/4	1	1	1/4		1/4	1	-1	8	68	731
61	61	0	0	3/4	1	1	1/4		1/4	1	-1	7	73	731
61	61	0	0	3/4	1	2	1/8		1/8	1		8	92	732
61	61	1/4	1/4	3/4	2	1	1/12		1/8	2/3		11	53	734
61	61	1/3	1/3	3/4	2	1	1/12		1/8	2/3		6	54	735
61	61	5/12	5/12	3/4	2	1	1/12		1/8	2/3		11	53	736
61	61	1/2	1/2	3/4	2	1	1/8		1/8	1		8	56	737
61	61	5/8	5/8	3/4	2	1	1/24		1/16	2/3		3	57	738
61	61	2/3	2/3	3/4	2	1	0	acciaccatura	1/8	2/3		5	59	739
61	61	2/3	2/3	3/4	2	1	1/24		1/16	2/3		10	58	740
61	61	17/24	17/24	3/4	2	1	1/24		1/16	2/3		6	54	741
62	62	0	0	3/4	2	2	1/12		1/8	2/3		-1	53	750
62	62	0	0	3/4	2	1	1/4		1/4	1		-1	53	743
62	62	1/12	1/12	3/4	2	2	1/12		1/8	2/3		-4	56	751
62	62	1/6	1/6	3/4	2	2	1/12		1/8	2/3		0	60	752
62	62	1/4	1/4	3/4	2	1	1/12		1/8	2/3		2	62	744
62	62	1/3	1/3	3/4	2	1	1/12		1/8	2/3		-1	65	745
62	62	5/12	5/12	3/4	2	1	1/12		1/8	2/3		-4	68	746
62	62	1/2	1/2	3/4	2	1	1/12		1/8	2/3		0	72	747
62	62	7/12	7/12	3/4	2	1	1/12		1/8	2/3		2	74	748
62	62	2/3	2/3	3/4	2	1	1/12		1/8	2/3		-1	77	749
63	63	0	0	3/4	1	2	0	grace32	1/32	1	1	9	87	756
63	63	0	0	3/4	1	2	0	grace32	1/32	1	1	5	83	757
63	63	0	0	3/4	1	2	0	grace32	1/32	1	1	8	80	758
63	63	0	0	3/4	1	2	0	grace32	1/32	1	1	6	78	759
63	63	0	0	3/4	2	1	0	grace16	1/16	1		6	66	774
63	63	0	0	3/4	2	1	0	grace16	1/16	1	1	8	68	775
63	63	0	0	3/4	2	2	1/8		1/8	1		6	66	781
63	63	0	0	3/4	2	1	1/4		1/4	1	-1	8	68	776
63	63	0	0	3/4	2	1	1/4		1/4	1		5	71	776
63	63	0	0	3/4	1	1	1/4		1/4	1		9	75	753
63	63	0	0	3/4	1	2	1/8		1/8	1	-1	6	78	760
63	63	0	0	3/4	1	2	1/8		1/8	1	-1	8	80	760
63	63	0	0	3/4	1	2	1/8		1/8	1	-1	5	83	760
63	63	0	0	3/4	1	2	1/8		1/8	1	-1	9	87	760
63	63	1/8	1/8	3/4	2	2	1/8		1/8	1		-1	65	782
63	63	1/8	1/8	3/4	1	2	1/8		1/8	1		-1	77	761
63	63	1/4	1/4	3/4	1	2	0	grace32	1/32	1	1	7	85	762
63	63	1/4	1/4	3/4	1	2	0	grace32	1/32	1	1	3	81	763
63	63	1/4	1/4	3/4	1	2	0	grace32	1/32	1	1	6	78	764
63	63	1/4	1/4	3/4	1	2	0	grace32	1/32	1	1	4	76	765
63	63	1/4	1/4	3/4	2	1	0	grace16	1/16	1		4	64	777
63	63	1/4	1/4	3/4	2	1	0	grace16	1/16	1	1	6	66	778
63	63	1/4	1/4	3/4	2	2	1/8		1/8	1		4	64	783
63	63	1/4	1/4	3/4	2	1	1/4		1/4	1	-1	6	66	779
63	63	1/4	1/4	3/4	2	1	1/4		1/4	1		3	69	779
63	63	1/4	1/4	3/4	1	1	1/4		1/4	1		7	73	754
63	63	1/4	1/4	3/4	1	2	1/8		1/8	1	-1	4	76	766
63	63	1/4	1/4	3/4	1	2	1/8		1/8	1	-1	6	78	766
63	63	1/4	1/4	3/4	1	2	1/8		1/8	1	-1	3	81	766
63	63	1/4	1/4	3/4	1	2	1/8		1/8	1	-1	7	85	766
63	63	3/8	3/8	3/4	2	2	1/8		1/8	1		9	63	784
63	63	3/8	3/8	3/4	1	2	1/8		1/8	1		9	75	767
63	63	1/2	1/2	3/4	1	2	0	grace32	1/32	1	1	8	80	768
63	63	1/2	1/2	3/4	1	2	0	grace32	1/32	1	1	6	78	769
63	63	1/2	1/2	3/4	1	2	0	grace32	1/32	1	1	2	74	770
63	63	1/2	1/2	3/4	1	2	0	grace32	1/32	1	1	5	71	771
63	63	1/2	1/2	3/4	2	2	0	acciaccatura	1/8	1	1	2	62	785
63	63	1/2	1/2	3/4	2	2	1/8		1/8	1	-1	2	62	786
63	63	1/2	1/2	3/4	2	1	1/4		1/4	1	1	6	66	780
63	63	1/2	1/2	3/4	1	1	1/4		1/4	1	1	8	68	755
63	63	1/2	1/2	3/4	1	2	1/8		1/8	1	-1	5	71	772
63	63	1/2	1/2	3/4	1	2	1/8		1/8	1	-1	2	74	772
63	63	1/2	1/2	3/4	1	2	1/8		1/8	1	-1	6	78	772
63	63	1/2	1/2	3/4	1	2	1/8		1/8	1	-1	8	80	772
63	63	5/8	5/8	3/4	2	2	1/8		1/8	1		7	61	787
63	63	5/8	5/8	3/4	1	2	1/8		1/8	1		7	73	773
64	64	0	0	3/4	2	2	1/8		1/8	1		12	60	802
64	64	0	0	3/4	2	1	1/4		1/4	1	-1	6	66	800
64	64	0	0	3/4	1	1	1/4		1/4	1	-1	8	68	788
64	64	0	0	3/4	1	2	1/8		1/8	1		12	72	790
64	64	1/8	1/8	3/4	2	2	1/8		1/8	1		7	61	803
64	64	1/8	1/8	3/4	1	2	1/8		1/8	1		7	73	791
64	64	1/4	1/4	3/4	1	2	0	grace32	1/32	1	1	5	83	792
64	64	1/4	1/4	3/4	1	2	0	grace32	1/32	1	1	1	79	793
64	64	1/4	1/4	3/4	1	2	0	grace32	1/32	1	1	4	76	794
64	64	1/4	1/4	3/4	1	2	0	grace32	1/32	1	1	2	74	795
64	64	1/4	1/4	3/4	2	2	1/8		1/8	1		2	62	804
64	64	1/4	1/4	3/4	2	1	1/2		1/2	1		1	67	801
64	64	1/4	1/4	3/4	1	1	1/2		1/2	1		5	71	789
64	64	1/4	1/4	3/4	1	2	1/8		1/8	1	-1	2	74	796
64	64	1/4	1/4	3/4	1	2	1/8		1/8	1	-1	4	76	796
64	64	1/4	1/4	3/4	1	2	1/8		1/8	1	-1	1	79	796
64	64	1/4	1/4	3/4	1	2	1/8		1/8	1	-1	5	83	796
64	64	3/8	3/8	3/4	2	2	1/8		1/8	1		9	63	805
64	64	3/8	3/8	3/4	1	2	1/8		1/8	1		9	75	797
64	64	1/2	1/2	3/4	2	2	1/8		1/8	1		4	64	806
64	64	1/2	1/2	3/4	1	2	1/8		1/8	1		4	76	798
64	64	5/8	5/8	3/4	2	2	1/8		1/8	1		11	65	807
64	64	5/8	5/8	3/4	1	2	1/8		1/8	1		11	77	799
65	65	0	0	3/4	1	2	0	grace32	1/32	1	1	9	87	811
65	65	0	0	3/4	1	2	0	grace32	1/32	1	1	5	83	812
65	65	0	0	3/4	1	2	0	grace32	1/32	1	1	8	80	813
65	65	0	0	3/4	1	2	0	grace32	1/32	1	1	6	78	814
65	65	0	0	3/4	2	1	0	grace16	1/16	1		6	66	829
65	65	0	0	3/4	2	1	0	grace16	1/16	1	1	8	68	830
65	65	0	0	3/4	2	2	1/8		1/8	1		6	66	836
65	65	0	0	3/4	2	1	1/4		1/4	1	-1	8	68	831
65	65	0	0	3/4	2	1	1/4		1/4	1		5	71	831
65	65	0	0	3/4	1	1	1/4		1/4	1		9	75	808
65	65	0	0	3/4	1	2	1/8		1/8	1	-1	6	78	815
65	65	0	0	3/4	1	2	1/8		1/8	1	-1	8	80	815
65	65	0	0	3/4	1	2	1/8		1/8	1	-1	5	83	815
65	65	0	0	3/4	1	2	1/8		1/8	1	-1	9	87	815
65	65	1/8	1/8	3/4	2	2	1/8		1/8	1		-1	65	837
65	65	1/8	1/8	3/4	1	2	1/8		1/8	1		-1	77	816
65	65	1/4	1/4	3/4	1	2	0	grace32	1/32	1	1	7	85	817
65	65	1/4	1/4	3/4	1	2	0	grace32	1/32	1	1	3	81	818
65	65	1/4	1/4	3/4	1	2	0	grace32	1/32	1	1	6	78	819
65	65	1/4	1/4	3/4	1	2	0	grace32	1/32	1	1	4	76	820
65	65	1/4	1/4	3/4	2	1	0	grace16	1/16	1		4	64	832
65	65	1/4	1/4	3/4	2	1	0	grace16	1/16	1	1	6	66	833
65	65	1/4	1/4	3/4	2	2	1/8		1/8	1		4	64	838
65	65	1/4	1/4	3/4	2	1	1/4		1/4	1	-1	6	66	834
65	65	1/4	1/4	3/4	2	1	1/4		1/4	1		3	69	834
65	65	1/4	1/4	3/4	1	1	1/4		1/4	1		7	73	809
65	65	1/4	1/4	3/4	1	2	1/8		1/8	1	-1	4	76	821
65	65	1/4	1/4	3/4	1	2	1/8		1/8	1	-1	6	78	821
65	65	1/4	1/4	3/4	1	2	1/8		1/8	1	-1	3	81	821
65	65	1/4	1/4	3/4	1	2	1/8		1/8	1	-1	7	85	821
65	65	3/8	3/8	3/4	2	2	1/8		1/8	1		9	63	839
65	65	3/8	3/8	3/4	1	2	1/8		1/8	1		9	75	822
65	65	1/2	1/2	3/4	1	2	0	grace32	1/32	1	1	8	80	823
65	65	1/2	1/2	3/4	1	2	0	grace32	1/32	1	1	6	78	824
65	65	1/2	1/2	3/4	1	2	0	grace32	1/32	1	1	2	74	825
65	65	1/2	1/2	3/4	1	2	0	grace32	1/32	1	1	5	71	826
65	65	1/2	1/2	3/4	2	2	0	acciaccatura	1/8	1	1	2	62	840
65	65	1/2	1/2	3/4	2	2	1/8		1/8	1	-1	2	62	841
65	65	1/2	1/2	3/4	2	1	1/4		1/4	1		6	66	835
65	65	1/2	1/2	3/4	1	1	1/4		1/4	1		8	68	810
65	65	1/2	1/2	3/4	1	2	1/8		1/8	1	-1	5	71	827
65	65	1/2	1/2	3/4	1	2	1/8		1/8	1	-1	2	74	827
65	65	1/2	1/2	3/4	1	2	1/8		1/8	1	-1	6	78	827
65	65	1/2	1/2	3/4	1	2	1/8		1/8	1	-1	8	80	827
65	65	5/8	5/8	3/4	2	2	1/8		1/8	1		7	61	842
65	65	5/8	5/8	3/4	1	2	1/8		1/8	1		7	73	828
66	66	0	0	3/4	2	1	3/4		1/2	3/2	1	8	32	846
66	66	0	0	3/4	1	1	1/4		1/4	1		3	57	843
66	66	0	0	3/4	1	1	1/4		1/4	1		0	60	843
66	66	0	0	3/4	1	1	1/4		1/4	1		2	62	843
66	66	0	0	3/4	1	1	1/4		1/4	1		6	66	843
66	66	0	0	3/4	1	1	1/4		1/4	1		3	69	843
66	66	1/4	1/4	3/4	1	1	1/4		1/4	1		1	55	844
66	66	1/4	1/4	3/4	1	1	1/4		1/4	1		-2	58	844
66	66	1/4	1/4	3/4	1	1	1/4		1/4	1		-5	61	844
66	66	1/4	1/4	3/4	1	1	1/4		1/4	1		-3	63	844
66	66	1/4	1/4	3/4	1	1	1/4		1/4	1		1	67	844
66	66	1/2	1/2	3/4	1	1	1/4		1/4	1		9	51	845
66	66	1/2	1/2	3/4	1	1	1/4		1/4	1		9	63	845
67	67	0	0	3/4	2	1	1/2		1/2	1	-1	8	32	850
67	67	0	0	3/4	1	1	1/4		1/4	1		7	49	847
67	67	0	0	3/4	1	2	1/2		1/2	1		6	54	849
67	67	0	0	3/4	1	2	1/2		1/2	1		8	56	849
67	67	0	0	3/4	1	1	1/4		1/4	1		7	61	847
67	67	1/4	1/4	3/4	1	1	1/2		1/2	1		8	44	848
67	67	1/4	1/4	3/4	1	1	1/2		1/2	1		8	56	848
67	67	1/2	1/2	3/4	2	1	1/4		1/4	1		8	32	851
68	68	0	0	3/4	2	1	1/4		1/4	1	1	7	25	861
68	68	0	0	3/4	1	1	1/8		1/8	1		4	64	852
68	68	1/8	1/8	3/4	1	1	1/8		1/8	1	1	5	71	853
68	68	1/4	1/4	3/4	2	1	1/8		1/8	1	-1	7	25	862
68	68	1/4	1/4	3/4	1	1	1/16		1/16	1	-1	5	71	854
68	68	5/16	5/16	3/4	1	1	1/16		1/16	1		6	66	855
68	68	3/8	3/8	3/4	1	1	1/16		1/16	1		7	73	856
68	68	7/16	7/16	3/4	1	1	1/16		1/16	1		6	66	857
68	68	1/2	1/2	3/4	1	1	3/32		1/16	3/2		5	71	858
68	68	19/32	19/32	3/4	1	1	1/32		1/32	1		4	76	859
68	68	5/8	5/8	3/4	1	1	1/8		1/8	1		7	73	860
69	69	0	0	3/4	2	1	3/4		1/2	3/2		3	45	864
69	69	0	0	3/4	1	1	3/4		1/2	3/2		6	54	863
69	69	0	0	3/4	1	1	3/4		1/2	3/2		12	60	863
69	69	0	0	3/4	1	1	3/4		1/2	3/2		11	65	863
69	69	1/2	1/2	3/4	2	2	1/4		1/4	1		8	32	865
70	70	0	0	3/4	2	1	1/4		1/4	1	1	7	25	874
70	70	0	0	3/4	1	1	1/8		1/8	1		4	64	866
70	70	1/8	1/8	3/4	1	1	1/8		1/8	1		5	71	867
70	70	1/4	1/4	3/4	2	1	1/8		1/8	1	-1	7	25	875
70	70	1/4	1/4	3/4	1	1	1/12		1/8	2/3		6	66	868
70	70	1/3	1/3	3/4	1	1	1/12		1/8	2/3		7	73	869
70	70	5/12	5/12	3/4	1	1	1/12		1/8	2/3		8	68	870
70	70	1/2	1/2	3/4	1	1	1/12		1/8	2/3		5	71	871
70	70	7/12	7/12	3/4	1	1	1/12		1/8	2/3		4	76	872
70	70	2/3	2/3	3/4	1	1	1/12		1/8	2/3		7	73	873
71	71	0	0	3/4	1	1	1/4		1/4	1		1	67	876
71	71	0	0	3/4	2	1	1/4		1/4	1		1	67	879
71	71	0	0	3/4	1	1	1/4		1/4	1		5	71	876
71	71	0	0	3/4	2	1	1/4		1/4	1		5	71	879
71	71	0	0	3/4	1	1	1/4		1/4	1		2	74	876
71	71	0	0	3/4	2	1	1/4		1/4	1		2	74	879
71	71	0	0	3/4	1	1	1/4		1/4	1		1	79	876
71	71	1/4	1/4	3/4	1	1	1/4		1/4	1		3	69	877
71	71	1/4	1/4	3/4	2	1	1/4		1/4	1		3	69	880
71	71	1/4	1/4	3/4	1	1	1/4		1/4	1		0	72	877
71	71	1/4	1/4	3/4	2	1	1/4		1/4	1		0	72	880
71	71	1/4	1/4	3/4	1	1	1/4		1/4	1		4	76	877
71	71	1/4	1/4	3/4	2	1	1/4		1/4	1		4	76	880
71	71	1/4	1/4	3/4	1	1	1/4		1/4	1		3	81	877
71	71	1/2	1/2	3/4	1	1	1/4		1/4	1		0	72	878
71	71	1/2	1/2	3/4	2	1	1/4		1/4	1		0	72	881
71	71	1/2	1/2	3/4	1	1	1/4		1/4	1		4	76	878
71	71	1/2	1/2	3/4	2	1	1/4		1/4	1		4	76	881
71	71	1/2	1/2	3/4	1	1	1/4		1/4	1		1	79	878
71	71	1/2	1/2	3/4	2	1	1/4		1/4	1		1	79	881
71	71	1/2	1/2	3/4	1	1	1/4		1/4	1		0	84	878
72	72	0	0	3/4	2	2	1/8		1/8	1		4	64	884
72	72	1/8	1/8	3/4	2	2	1/8		1/8	1	1	5	71	885
72	72	1/4	1/4	3/4	2	2	1/2		1/2	1	-1	5	71	886
72	72	1/4	1/4	3/4	1	1	1/2		1/2	1		2	74	882
72	72	1/4	1/4	3/4	2	1	1/2		1/2	1		2	74	883
72	72	1/4	1/4	3/4	1	1	1/2		1/2	1		6	78	882
72	72	1/4	1/4	3/4	2	1	1/2		1/2	1		6	78	883
72	72	1/4	1/4	3/4	1	1	1/2		1/2	1		3	81	882
72	72	1/4	1/4	3/4	2	1	1/2		1/2	1		3	81	883
72	72	1/4	1/4	3/4	1	1	1/2		1/2	1		2	86	882
73	73	0	0	3/4	2	2	1/8		1/8	1		4	64	889
73	73	1/8	1/8	3/4	2	2	1/8		1/8	1	1	5	71	890
73	73	1/4	1/4	3/4	2	2	1/2		1/2	1	-1	5	71	891
73	73	1/4	1/4	3/4	1	1	1/2		1/2	1		9	75	887
73	73	1/4	1/4	3/4	2	1	1/2		1/2	1		9	75	888
73	73	1/4	1/4	3/4	1	1	1/2		1/2	1		13	79	887
73	73	1/4	1/4	3/4	2	1	1/2		1/2	1		13	79	888
73	73	1/4	1/4	3/4	1	1	1/2		1/2	1		10	82	887
73	73	1/4	1/4	3/4	2	1	1/2		1/2	1		10	82	888
73	73	1/4	1/4	3/4	1	1	1/2		1/2	1		9	87	887
74	74	0	0	3/4	2	2	3/4		1/2	3/2	1	7	37	898
74	74	0	0	3/4	2	2	3/4		1/2	3/2	1	8	44	898
74	74	0	0	3/4	2	1	3/4		1/2	3/2	1	4	52	897
74	74	0	0	3/4	2	1	3/4		1/2	3/2	1	8	56	897
74	74	0	0	3/4	2	1	3/4		1/2	3/2	1	5	59	897
74	74	0	0	3/4	1	1	3/4		1/2	3/2	1	7	61	892
74	74	0	0	3/4	1	1	3/4		1/2	3/2	1	4	64	892
74	74	1/8	1/8	3/4	1	2	1/8		1/8	1	1	5	59	893
74	74	1/8	1/8	3/4	1	2	1/8		1/8	1	1	5	71	893
74	74	1/8	1/8	3/4	1	3	1/8		1/8	1	1	5	83	895
74	74	1/8	1/8	3/4	1	3	1/8		1/8	1	1	5	95	895
74	74	1/4	1/4	3/4	1	2	1/2		1/2	1	-1	5	59	894
74	74	1/4	1/4	3/4	1	2	1/2		1/2	1	0	5	71	894
74	74	1/4	1/4	3/4	1	3	1/2		1/2	1	0	5	83	896
74	74	1/4	1/4	3/4	1	3	1/2		1/2	1	0	5	95	896
75	75	0	0	3/4	2	2	3/4		1/2	3/2	-1	7	37	902
75	75	0	0	3/4	2	2	3/4		1/2	3/2	-1	8	44	902
75	75	0	0	3/4	2	1	3/4		1/2	3/2	-1	4	52	901
75	75	0	0	3/4	2	1	3/4		1/2	3/2	-1	8	56	901
75	75	0	0	3/4	2	1	3/4		1/2	3/2	-1	5	59	901
75	75	0	0	3/4	1	1	3/4		1/2	3/2	-1	7	61	899
75	75	0	0	3/4	1	1	3/4		1/2	3/2	-1	4	64	899
75	75	0	0	3/4	1	1	3/4		1/2	3/2	-1	5	71	899
75	75	0	0	3/4	1	2	1/4		1/4	1	-1	5	83	900
75	75	0	0	3/4	1	2	1/4		1/4	1	-1	5	95	900
